ISO-10303-21;
HEADER;
/* Generated by software containing ST-Developer
 * from STEP Tools, Inc. (www.steptools.com) 
 */

FILE_DESCRIPTION(
/* description */ ('STEP AP242',
'CAx-IF Rec.Pracs.---Representation and Presentation of Product Manufa
cturing Information (PMI)---4.0---2014-10-13'),
/* implementation_level */ '2;1');

FILE_NAME(
/* name */ 'SSD1306 Faceplate_.step',
/* time_stamp */ '2025-03-10T13:50:19-04:00',
/* author */ (''),
/* organization */ (''),
/* preprocessor_version */ 'ST-DEVELOPER v20',
/* originating_system */ 'Autodesk Translation Framework v13.20.0.188',

/* authorisation */ '');

FILE_SCHEMA (('AP242_MANAGED_MODEL_BASED_3D_ENGINEERING_MIM_LF { 1 0 10303 442 1 1 4 }'));
ENDSEC;

DATA;
#10=MECHANICAL_DESIGN_GEOMETRIC_PRESENTATION_REPRESENTATION('',(#123,#124,
#125,#126,#127),#6967);
#11=ITEM_DEFINED_TRANSFORMATION($,$,#2279,#2492);
#12=(
REPRESENTATION_RELATIONSHIP($,$,#6978,#6977)
REPRESENTATION_RELATIONSHIP_WITH_TRANSFORMATION(#11)
SHAPE_REPRESENTATION_RELATIONSHIP()
);
#13=CONTEXT_DEPENDENT_SHAPE_REPRESENTATION(#12,#6976);
#14=NEXT_ASSEMBLY_USAGE_OCCURRENCE('Faceplate:1','Faceplate:1',
'Faceplate:1',#6980,#6981,'Faceplate:1');
#15=B_SPLINE_SURFACE_WITH_KNOTS('',3,3,((#3692,#3693,#3694,#3695,#3696,
#3697,#3698,#3699,#3700,#3701,#3702,#3703,#3704,#3705,#3706,#3707,#3708,
#3709,#3710,#3711,#3712,#3713,#3714,#3715,#3716,#3717,#3718,#3719,#3720,
#3721,#3722),(#3723,#3724,#3725,#3726,#3727,#3728,#3729,#3730,#3731,#3732,
#3733,#3734,#3735,#3736,#3737,#3738,#3739,#3740,#3741,#3742,#3743,#3744,
#3745,#3746,#3747,#3748,#3749,#3750,#3751,#3752,#3753),(#3754,#3755,#3756,
#3757,#3758,#3759,#3760,#3761,#3762,#3763,#3764,#3765,#3766,#3767,#3768,
#3769,#3770,#3771,#3772,#3773,#3774,#3775,#3776,#3777,#3778,#3779,#3780,
#3781,#3782,#3783,#3784),(#3785,#3786,#3787,#3788,#3789,#3790,#3791,#3792,
#3793,#3794,#3795,#3796,#3797,#3798,#3799,#3800,#3801,#3802,#3803,#3804,
#3805,#3806,#3807,#3808,#3809,#3810,#3811,#3812,#3813,#3814,#3815)),
 .UNSPECIFIED.,.F.,.F.,.F.,(4,4),(4,1,1,1,1,1,1,1,1,1,1,1,1,1,1,1,1,1,1,
1,1,1,1,1,1,1,1,1,4),(0.,0.0260384971404522),(11.8317818718443,12.8024175865548,
13.7730533012652,14.7436890159757,15.7143247306861,16.6849604453965,17.655596160107,
18.6262318748174,19.5968675895279,20.5675033042383,21.5381390189488,22.5087747336592,
23.4794104483697,24.4500461630801,25.4206818777905,26.391317592501,27.3619533072114,
28.3325890219219,29.3032247366323,30.2738604513428,31.2444961660532,32.2151318807637,
33.1857675954741,34.1564033101845,35.127039024895,36.0976747396054,37.0683104543159,
38.0389461690263,39.0095818837368),.UNSPECIFIED.);
#16=B_SPLINE_SURFACE_WITH_KNOTS('',3,3,((#3993,#3994,#3995,#3996,#3997,
#3998,#3999,#4000,#4001,#4002,#4003,#4004,#4005,#4006,#4007,#4008,#4009,
#4010,#4011,#4012,#4013,#4014,#4015,#4016,#4017,#4018,#4019,#4020,#4021,
#4022,#4023),(#4024,#4025,#4026,#4027,#4028,#4029,#4030,#4031,#4032,#4033,
#4034,#4035,#4036,#4037,#4038,#4039,#4040,#4041,#4042,#4043,#4044,#4045,
#4046,#4047,#4048,#4049,#4050,#4051,#4052,#4053,#4054),(#4055,#4056,#4057,
#4058,#4059,#4060,#4061,#4062,#4063,#4064,#4065,#4066,#4067,#4068,#4069,
#4070,#4071,#4072,#4073,#4074,#4075,#4076,#4077,#4078,#4079,#4080,#4081,
#4082,#4083,#4084,#4085),(#4086,#4087,#4088,#4089,#4090,#4091,#4092,#4093,
#4094,#4095,#4096,#4097,#4098,#4099,#4100,#4101,#4102,#4103,#4104,#4105,
#4106,#4107,#4108,#4109,#4110,#4111,#4112,#4113,#4114,#4115,#4116)),
 .UNSPECIFIED.,.F.,.F.,.F.,(4,4),(4,1,1,1,1,1,1,1,1,1,1,1,1,1,1,1,1,1,1,
1,1,1,1,1,1,1,1,1,4),(0.,0.0260384971404522),(14.3974932272897,15.3681289420002,
16.3387646567106,17.3094003714211,18.2800360861315,19.250671800842,20.2213075155524,
21.1919432302629,22.1625789449733,23.1332146596837,24.1038503743942,25.0744860891046,
26.0451218038151,27.0157575185255,27.986393233236,28.9570289479464,29.9276646626569,
30.8983003773673,31.8689360920777,32.8395718067882,33.8102075214986,34.7808432362091,
35.7514789509195,36.72211466563,37.6927503803404,38.6633860950509,39.6340218097613,
40.6046575244717,41.5752932391822),.UNSPECIFIED.);
#17=B_SPLINE_SURFACE_WITH_KNOTS('',3,3,((#4578,#4579,#4580,#4581,#4582,
#4583,#4584,#4585,#4586,#4587,#4588,#4589,#4590,#4591,#4592,#4593,#4594,
#4595,#4596,#4597,#4598,#4599,#4600,#4601,#4602,#4603,#4604,#4605,#4606,
#4607,#4608),(#4609,#4610,#4611,#4612,#4613,#4614,#4615,#4616,#4617,#4618,
#4619,#4620,#4621,#4622,#4623,#4624,#4625,#4626,#4627,#4628,#4629,#4630,
#4631,#4632,#4633,#4634,#4635,#4636,#4637,#4638,#4639),(#4640,#4641,#4642,
#4643,#4644,#4645,#4646,#4647,#4648,#4649,#4650,#4651,#4652,#4653,#4654,
#4655,#4656,#4657,#4658,#4659,#4660,#4661,#4662,#4663,#4664,#4665,#4666,
#4667,#4668,#4669,#4670),(#4671,#4672,#4673,#4674,#4675,#4676,#4677,#4678,
#4679,#4680,#4681,#4682,#4683,#4684,#4685,#4686,#4687,#4688,#4689,#4690,
#4691,#4692,#4693,#4694,#4695,#4696,#4697,#4698,#4699,#4700,#4701)),
 .UNSPECIFIED.,.F.,.F.,.F.,(4,4),(4,1,1,1,1,1,1,1,1,1,1,1,1,1,1,1,1,1,1,
1,1,1,1,1,1,1,1,1,4),(0.,0.0260384971404521),(11.8317818718444,12.8024175865548,
13.7730533012653,14.7436890159757,15.7143247306862,16.6849604453966,17.655596160107,
18.6262318748175,19.5968675895279,20.5675033042384,21.5381390189488,22.5087747336592,
23.4794104483697,24.4500461630801,25.4206818777906,26.391317592501,27.3619533072114,
28.3325890219219,29.3032247366323,30.2738604513428,31.2444961660532,32.2151318807636,
33.1857675954741,34.1564033101845,35.127039024895,36.0976747396054,37.0683104543158,
38.0389461690263,39.0095818837367),.UNSPECIFIED.);
#18=B_SPLINE_SURFACE_WITH_KNOTS('',3,3,((#4879,#4880,#4881,#4882,#4883,
#4884,#4885,#4886,#4887,#4888,#4889,#4890,#4891,#4892,#4893,#4894,#4895,
#4896,#4897,#4898,#4899,#4900,#4901,#4902,#4903,#4904,#4905,#4906,#4907,
#4908,#4909),(#4910,#4911,#4912,#4913,#4914,#4915,#4916,#4917,#4918,#4919,
#4920,#4921,#4922,#4923,#4924,#4925,#4926,#4927,#4928,#4929,#4930,#4931,
#4932,#4933,#4934,#4935,#4936,#4937,#4938,#4939,#4940),(#4941,#4942,#4943,
#4944,#4945,#4946,#4947,#4948,#4949,#4950,#4951,#4952,#4953,#4954,#4955,
#4956,#4957,#4958,#4959,#4960,#4961,#4962,#4963,#4964,#4965,#4966,#4967,
#4968,#4969,#4970,#4971),(#4972,#4973,#4974,#4975,#4976,#4977,#4978,#4979,
#4980,#4981,#4982,#4983,#4984,#4985,#4986,#4987,#4988,#4989,#4990,#4991,
#4992,#4993,#4994,#4995,#4996,#4997,#4998,#4999,#5000,#5001,#5002)),
 .UNSPECIFIED.,.F.,.F.,.F.,(4,4),(4,1,1,1,1,1,1,1,1,1,1,1,1,1,1,1,1,1,1,
1,1,1,1,1,1,1,1,1,4),(0.,0.0260384971404521),(14.3974932272898,15.3681289420002,
16.3387646567107,17.3094003714211,18.2800360861315,19.250671800842,20.2213075155524,
21.1919432302629,22.1625789449733,23.1332146596837,24.1038503743942,25.0744860891046,
26.0451218038151,27.0157575185255,27.9863932332359,28.9570289479464,29.9276646626568,
30.8983003773673,31.8689360920777,32.8395718067881,33.8102075214986,34.780843236209,
35.7514789509195,36.7221146656299,37.6927503803403,38.6633860950508,39.6340218097612,
40.6046575244717,41.5752932391821),.UNSPECIFIED.);
#19=B_SPLINE_SURFACE_WITH_KNOTS('',3,3,((#5464,#5465,#5466,#5467,#5468,
#5469,#5470,#5471,#5472,#5473,#5474,#5475,#5476,#5477,#5478,#5479,#5480,
#5481,#5482,#5483,#5484,#5485,#5486,#5487,#5488,#5489,#5490,#5491,#5492,
#5493,#5494),(#5495,#5496,#5497,#5498,#5499,#5500,#5501,#5502,#5503,#5504,
#5505,#5506,#5507,#5508,#5509,#5510,#5511,#5512,#5513,#5514,#5515,#5516,
#5517,#5518,#5519,#5520,#5521,#5522,#5523,#5524,#5525),(#5526,#5527,#5528,
#5529,#5530,#5531,#5532,#5533,#5534,#5535,#5536,#5537,#5538,#5539,#5540,
#5541,#5542,#5543,#5544,#5545,#5546,#5547,#5548,#5549,#5550,#5551,#5552,
#5553,#5554,#5555,#5556),(#5557,#5558,#5559,#5560,#5561,#5562,#5563,#5564,
#5565,#5566,#5567,#5568,#5569,#5570,#5571,#5572,#5573,#5574,#5575,#5576,
#5577,#5578,#5579,#5580,#5581,#5582,#5583,#5584,#5585,#5586,#5587)),
 .UNSPECIFIED.,.F.,.F.,.F.,(4,4),(4,1,1,1,1,1,1,1,1,1,1,1,1,1,1,1,1,1,1,
1,1,1,1,1,1,1,1,1,4),(0.,0.0260384971404522),(11.8317818718443,12.8024175865548,
13.7730533012652,14.7436890159757,15.7143247306861,16.6849604453965,17.655596160107,
18.6262318748174,19.5968675895279,20.5675033042383,21.5381390189488,22.5087747336592,
23.4794104483697,24.4500461630801,25.4206818777905,26.391317592501,27.3619533072114,
28.3325890219219,29.3032247366323,30.2738604513428,31.2444961660532,32.2151318807637,
33.1857675954741,34.1564033101845,35.127039024895,36.0976747396054,37.0683104543159,
38.0389461690263,39.0095818837368),.UNSPECIFIED.);
#20=B_SPLINE_SURFACE_WITH_KNOTS('',3,3,((#5765,#5766,#5767,#5768,#5769,
#5770,#5771,#5772,#5773,#5774,#5775,#5776,#5777,#5778,#5779,#5780,#5781,
#5782,#5783,#5784,#5785,#5786,#5787,#5788,#5789,#5790,#5791,#5792,#5793,
#5794,#5795),(#5796,#5797,#5798,#5799,#5800,#5801,#5802,#5803,#5804,#5805,
#5806,#5807,#5808,#5809,#5810,#5811,#5812,#5813,#5814,#5815,#5816,#5817,
#5818,#5819,#5820,#5821,#5822,#5823,#5824,#5825,#5826),(#5827,#5828,#5829,
#5830,#5831,#5832,#5833,#5834,#5835,#5836,#5837,#5838,#5839,#5840,#5841,
#5842,#5843,#5844,#5845,#5846,#5847,#5848,#5849,#5850,#5851,#5852,#5853,
#5854,#5855,#5856,#5857),(#5858,#5859,#5860,#5861,#5862,#5863,#5864,#5865,
#5866,#5867,#5868,#5869,#5870,#5871,#5872,#5873,#5874,#5875,#5876,#5877,
#5878,#5879,#5880,#5881,#5882,#5883,#5884,#5885,#5886,#5887,#5888)),
 .UNSPECIFIED.,.F.,.F.,.F.,(4,4),(4,1,1,1,1,1,1,1,1,1,1,1,1,1,1,1,1,1,1,
1,1,1,1,1,1,1,1,1,4),(0.,0.0260384971404522),(14.3974932272897,15.3681289420002,
16.3387646567106,17.3094003714211,18.2800360861315,19.250671800842,20.2213075155524,
21.1919432302629,22.1625789449733,23.1332146596837,24.1038503743942,25.0744860891046,
26.0451218038151,27.0157575185255,27.986393233236,28.9570289479464,29.9276646626569,
30.8983003773673,31.8689360920777,32.8395718067882,33.8102075214986,34.7808432362091,
35.7514789509195,36.72211466563,37.6927503803404,38.6633860950509,39.6340218097613,
40.6046575244717,41.5752932391822),.UNSPECIFIED.);
#21=B_SPLINE_SURFACE_WITH_KNOTS('',3,3,((#6350,#6351,#6352,#6353,#6354,
#6355,#6356,#6357,#6358,#6359,#6360,#6361,#6362,#6363,#6364,#6365,#6366,
#6367,#6368,#6369,#6370,#6371,#6372,#6373,#6374,#6375,#6376,#6377,#6378,
#6379,#6380),(#6381,#6382,#6383,#6384,#6385,#6386,#6387,#6388,#6389,#6390,
#6391,#6392,#6393,#6394,#6395,#6396,#6397,#6398,#6399,#6400,#6401,#6402,
#6403,#6404,#6405,#6406,#6407,#6408,#6409,#6410,#6411),(#6412,#6413,#6414,
#6415,#6416,#6417,#6418,#6419,#6420,#6421,#6422,#6423,#6424,#6425,#6426,
#6427,#6428,#6429,#6430,#6431,#6432,#6433,#6434,#6435,#6436,#6437,#6438,
#6439,#6440,#6441,#6442),(#6443,#6444,#6445,#6446,#6447,#6448,#6449,#6450,
#6451,#6452,#6453,#6454,#6455,#6456,#6457,#6458,#6459,#6460,#6461,#6462,
#6463,#6464,#6465,#6466,#6467,#6468,#6469,#6470,#6471,#6472,#6473)),
 .UNSPECIFIED.,.F.,.F.,.F.,(4,4),(4,1,1,1,1,1,1,1,1,1,1,1,1,1,1,1,1,1,1,
1,1,1,1,1,1,1,1,1,4),(0.,0.0260384971404521),(11.8317818718443,12.8024175865548,
13.7730533012652,14.7436890159757,15.7143247306861,16.6849604453965,17.655596160107,
18.6262318748174,19.5968675895279,20.5675033042383,21.5381390189487,22.5087747336592,
23.4794104483696,24.4500461630801,25.4206818777905,26.3913175925009,27.3619533072114,
28.3325890219218,29.3032247366323,30.2738604513427,31.2444961660532,32.2151318807636,
33.185767595474,34.1564033101845,35.1270390248949,36.0976747396054,37.0683104543158,
38.0389461690262,39.0095818837367),.UNSPECIFIED.);
#22=B_SPLINE_SURFACE_WITH_KNOTS('',3,3,((#6651,#6652,#6653,#6654,#6655,
#6656,#6657,#6658,#6659,#6660,#6661,#6662,#6663,#6664,#6665,#6666,#6667,
#6668,#6669,#6670,#6671,#6672,#6673,#6674,#6675,#6676,#6677,#6678,#6679,
#6680,#6681),(#6682,#6683,#6684,#6685,#6686,#6687,#6688,#6689,#6690,#6691,
#6692,#6693,#6694,#6695,#6696,#6697,#6698,#6699,#6700,#6701,#6702,#6703,
#6704,#6705,#6706,#6707,#6708,#6709,#6710,#6711,#6712),(#6713,#6714,#6715,
#6716,#6717,#6718,#6719,#6720,#6721,#6722,#6723,#6724,#6725,#6726,#6727,
#6728,#6729,#6730,#6731,#6732,#6733,#6734,#6735,#6736,#6737,#6738,#6739,
#6740,#6741,#6742,#6743),(#6744,#6745,#6746,#6747,#6748,#6749,#6750,#6751,
#6752,#6753,#6754,#6755,#6756,#6757,#6758,#6759,#6760,#6761,#6762,#6763,
#6764,#6765,#6766,#6767,#6768,#6769,#6770,#6771,#6772,#6773,#6774)),
 .UNSPECIFIED.,.F.,.F.,.F.,(4,4),(4,1,1,1,1,1,1,1,1,1,1,1,1,1,1,1,1,1,1,
1,1,1,1,1,1,1,1,1,4),(0.,0.0260384971404521),(14.3974932272897,15.3681289420002,
16.3387646567106,17.3094003714211,18.2800360861315,19.2506718008419,20.2213075155524,
21.1919432302628,22.1625789449733,23.1332146596837,24.1038503743942,25.0744860891046,
26.045121803815,27.0157575185255,27.9863932332359,28.9570289479464,29.9276646626568,
30.8983003773672,31.8689360920777,32.8395718067881,33.8102075214986,34.780843236209,
35.7514789509195,36.7221146656299,37.6927503803403,38.6633860950508,39.6340218097612,
40.6046575244717,41.5752932391821),.UNSPECIFIED.);
#23=B_SPLINE_CURVE_WITH_KNOTS('',3,(#3422,#3423,#3424,#3425,#3426,#3427,
#3428,#3429,#3430,#3431,#3432,#3433,#3434),.UNSPECIFIED.,.F.,.F.,(4,3,3,
3,4),(-3.87618139610465,-2.91190714413133,-1.94127142942089,-0.970635714710446,
0.),.UNSPECIFIED.);
#24=B_SPLINE_CURVE_WITH_KNOTS('',3,(#3437,#3438,#3439,#3440,#3441,#3442,
#3443,#3444,#3445,#3446,#3447,#3448,#3449,#3450,#3451,#3452,#3453,#3454,
#3455),.UNSPECIFIED.,.F.,.F.,(4,3,3,3,3,3,4),(2.04505878317408,2.91190714413133,
3.88254285884178,4.85317857355222,5.82381428826267,6.79445000297312,7.59365534783882),
 .UNSPECIFIED.);
#25=B_SPLINE_CURVE_WITH_KNOTS('',3,(#3460,#3461,#3462,#3463,#3464,#3465,
#3466,#3467,#3468,#3469,#3470,#3471,#3472,#3473,#3474,#3475,#3476,#3477,
#3478,#3479,#3480,#3481,#3482,#3483,#3484),.UNSPECIFIED.,.F.,.F.,(4,3,3,
3,3,3,3,3,4),(-10.1593667032842,-9.70635714710445,-8.73572143239401,-7.76508571768356,
-6.79445000297311,-5.82381428826267,-4.85317857355222,-3.88254285884178,
-3.87618139610465),.UNSPECIFIED.);
#26=B_SPLINE_CURVE_WITH_KNOTS('',3,(#3485,#3486,#3487,#3488,#3489,#3490,
#3491,#3492,#3493,#3494,#3495,#3496,#3497,#3498,#3499,#3500,#3501,#3502,
#3503,#3504,#3505,#3506,#3507,#3508,#3509),.UNSPECIFIED.,.F.,.F.,(4,3,3,
3,3,3,3,3,4),(7.59365534783882,7.76508571768356,8.735721432394,9.70635714710444,
10.6769928618149,11.6476285765253,12.6182642912358,13.5889000059462,13.8768406550184),
 .UNSPECIFIED.);
#27=B_SPLINE_CURVE_WITH_KNOTS('',3,(#3514,#3515,#3516,#3517,#3518,#3519,
#3520,#3521,#3522,#3523,#3524,#3525,#3526,#3527,#3528,#3529,#3530,#3531,
#3532,#3533,#3534,#3535),.UNSPECIFIED.,.F.,.F.,(4,3,3,3,3,3,3,4),(-16.4425520104638,
-15.5301714353671,-14.5595357206567,-13.5889000059462,-12.6182642912358,
-11.6476285765253,-10.6769928618149,-10.1593667032842),.UNSPECIFIED.);
#28=B_SPLINE_CURVE_WITH_KNOTS('',3,(#3536,#3537,#3538,#3539,#3540,#3541,
#3542,#3543,#3544,#3545,#3546,#3547,#3548,#3549,#3550,#3551,#3552,#3553,
#3554,#3555,#3556,#3557),.UNSPECIFIED.,.F.,.F.,(4,3,3,3,3,3,3,4),(13.8768406550184,
14.5595357206567,15.5301714353671,16.5008071500776,17.471442864788,18.4420785794984,
19.4127142942089,20.160025962198),.UNSPECIFIED.);
#29=B_SPLINE_CURVE_WITH_KNOTS('',3,(#3563,#3564,#3565,#3566),
 .UNSPECIFIED.,.F.,.F.,(4,4),(26.4432112693776,27.1778000118924),
 .UNSPECIFIED.);
#30=B_SPLINE_CURVE_WITH_KNOTS('',3,(#3569,#3570,#3571,#3572,#3573,#3574,
#3575,#3576,#3577,#3578),.UNSPECIFIED.,.F.,.F.,(4,3,3,4),(-25.1327412287183,
-24.2658928677611,-23.2952571530507,-22.7257373176434),.UNSPECIFIED.);
#31=B_SPLINE_CURVE_WITH_KNOTS('',3,(#3584,#3585,#3586,#3587,#3588,#3589,
#3590,#3591),.UNSPECIFIED.,.F.,.F.,(4,1,1,1,1,4),(34.5575191894877,35.127039024895,
36.0976747396054,37.0683104543159,38.0389461690263,39.0095818837368),
 .UNSPECIFIED.);
#32=B_SPLINE_CURVE_WITH_KNOTS('',3,(#3594,#3595,#3596,#3597,#3598,#3599,
#3600,#3601,#3602),.UNSPECIFIED.,.F.,.F.,(4,1,1,1,1,1,4),(34.5575191894877,
34.7808432362091,35.7514789509195,36.72211466563,37.6927503803404,38.6633860950509,
39.5302344560081),.UNSPECIFIED.);
#33=B_SPLINE_CURVE_WITH_KNOTS('',3,(#3607,#3608,#3609,#3610,#3611,#3612,
#3613,#3614,#3615,#3616,#3617),.UNSPECIFIED.,.F.,.F.,(4,1,1,1,1,1,1,1,4),
(28.2743338823082,28.3325890219219,29.3032247366323,30.2738604513428,31.2444961660532,
32.2151318807637,33.1857675954741,34.1564033101845,34.5575191894877),
 .UNSPECIFIED.);
#34=B_SPLINE_CURVE_WITH_KNOTS('',3,(#3618,#3619,#3620,#3621,#3622,#3623,
#3624,#3625,#3626,#3627),.UNSPECIFIED.,.F.,.F.,(4,1,1,1,1,1,1,4),(28.2743338823081,
28.9570289479464,29.9276646626569,30.8983003773673,31.8689360920777,32.8395718067882,
33.8102075214986,34.5575191894877),.UNSPECIFIED.);
#35=B_SPLINE_CURVE_WITH_KNOTS('',3,(#3632,#3633,#3634,#3635,#3636,#3637,
#3638,#3639,#3640,#3641),.UNSPECIFIED.,.F.,.F.,(4,1,1,1,1,1,1,4),(21.9911485751286,
22.5087747336592,23.4794104483697,24.4500461630801,25.4206818777905,26.391317592501,
27.3619533072114,28.2743338823082),.UNSPECIFIED.);
#36=B_SPLINE_CURVE_WITH_KNOTS('',3,(#3642,#3643,#3644,#3645,#3646,#3647,
#3648,#3649,#3650,#3651,#3652),.UNSPECIFIED.,.F.,.F.,(4,1,1,1,1,1,1,1,4),
(21.9911485751285,22.1625789449733,23.1332146596837,24.1038503743942,25.0744860891046,
26.0451218038151,27.0157575185255,27.986393233236,28.2743338823081),
 .UNSPECIFIED.);
#37=B_SPLINE_CURVE_WITH_KNOTS('',3,(#3658,#3659,#3660,#3661,#3662),
 .UNSPECIFIED.,.F.,.F.,(4,1,4),(14.3974932272897,15.3681289420002,15.707963267949),
 .UNSPECIFIED.);
#38=B_SPLINE_CURVE_WITH_KNOTS('',3,(#3665,#3666,#3667,#3668,#3669),
 .UNSPECIFIED.,.F.,.F.,(4,1,4),(13.8768406550184,14.7436890159757,15.707963267949),
 .UNSPECIFIED.);
#39=B_SPLINE_CURVE_WITH_KNOTS('',3,(#3671,#3672,#3673,#3674,#3675,#3676,
#3677,#3678,#3679,#3680,#3681),.UNSPECIFIED.,.F.,.F.,(4,1,1,1,1,1,1,1,4),
(15.707963267949,15.7143247306861,16.6849604453965,17.655596160107,18.6262318748174,
19.5968675895279,20.5675033042383,21.5381390189488,21.9911485751286),
 .UNSPECIFIED.);
#40=B_SPLINE_CURVE_WITH_KNOTS('',3,(#3682,#3683,#3684,#3685,#3686,#3687,
#3688,#3689,#3690,#3691),.UNSPECIFIED.,.F.,.F.,(4,1,1,1,1,1,1,4),(15.707963267949,
16.3387646567106,17.3094003714211,18.2800360861315,19.250671800842,20.2213075155524,
21.1919432302629,21.9911485751285),.UNSPECIFIED.);
#41=B_SPLINE_CURVE_WITH_KNOTS('',3,(#3816,#3817,#3818,#3819,#3820,#3821,
#3822,#3823,#3824,#3825,#3826,#3827,#3828,#3829,#3830,#3831,#3832,#3833,
#3834,#3835,#3836,#3837,#3838,#3839,#3840,#3841,#3842,#3843,#3844,#3845,
#3846,#3847,#3848,#3849,#3850,#3851,#3852,#3853,#3854,#3855,#3856,#3857,
#3858,#3859,#3860,#3861,#3862,#3863,#3864,#3865,#3866,#3867,#3868,#3869,
#3870,#3871,#3872,#3873,#3874,#3875,#3876,#3877,#3878,#3879,#3880,#3881,
#3882,#3883,#3884,#3885,#3886,#3887,#3888,#3889,#3890,#3891),
 .UNSPECIFIED.,.F.,.F.,(4,3,3,3,3,3,3,3,3,3,3,3,3,3,3,3,3,3,3,3,3,3,3,3,
3,4),(0.,0.013325107979275,0.0267785635837423,0.0354910536327139,0.0386970191211941,
0.0412193388230121,0.054243404599596,0.0669403924624885,0.0743249153407452,
0.0771085699917862,0.0797706796527636,0.0920425079782724,0.0964784839755153,
0.107260435207068,0.113244070579252,0.11564594255374,0.127823088298191,
0.139892781059114,0.145802796498112,0.148541886821295,0.160138086697924,
0.167507469561321,0.170250588746817,0.181368607695624,0.182734093827934,
0.191341112058185),.UNSPECIFIED.);
#42=B_SPLINE_CURVE_WITH_KNOTS('',3,(#3892,#3893,#3894,#3895,#3896,#3897,
#3898,#3899,#3900,#3901,#3902,#3903,#3904,#3905,#3906,#3907,#3908,#3909,
#3910,#3911,#3912,#3913,#3914,#3915,#3916,#3917,#3918,#3919,#3920,#3921,
#3922,#3923,#3924,#3925,#3926,#3927,#3928,#3929,#3930,#3931,#3932,#3933,
#3934,#3935,#3936,#3937,#3938,#3939,#3940,#3941,#3942,#3943,#3944,#3945,
#3946,#3947,#3948,#3949,#3950,#3951,#3952,#3953,#3954,#3955,#3956,#3957,
#3958,#3959,#3960,#3961,#3962,#3963,#3964,#3965,#3966,#3967),
 .UNSPECIFIED.,.F.,.F.,(4,3,3,3,3,3,3,3,3,3,3,3,3,3,3,3,3,3,3,3,3,3,3,3,
3,4),(0.,0.0110140250119531,0.0223354414814624,0.0301871851818782,0.0325198474970545,
0.0441942854739636,0.0557702682800497,0.0630259648653392,0.0656166602266855,
0.0678683772604276,0.0802574559363892,0.0847930546212075,0.0966460232407459,
0.100747515775927,0.103207390104112,0.115627844294819,0.128406276966769,
0.134807592793113,0.138527005805416,0.141252010353665,0.154457555087586,
0.161432394021516,0.164545152408264,0.178010917422262,0.179616803577515,
0.190345339459164),.UNSPECIFIED.);
#43=B_SPLINE_CURVE_WITH_KNOTS('',3,(#3968,#3969,#3970,#3971,#3972,#3973,
#3974,#3975,#3976,#3977,#3978,#3979,#3980,#3981,#3982,#3983,#3984,#3985,
#3986,#3987,#3988,#3989,#3990,#3991,#3992),.UNSPECIFIED.,.F.,.F.,(4,3,3,
3,3,3,3,3,4),(-22.7257373176434,-22.3246214383402,-21.3539857236298,-20.3833500089193,
-19.4127142942089,-18.4420785794984,-17.471442864788,-16.5008071500776,
-16.4425520104638),.UNSPECIFIED.);
#44=B_SPLINE_CURVE_WITH_KNOTS('',3,(#4117,#4118,#4119,#4120,#4121,#4122,
#4123,#4124,#4125,#4126,#4127,#4128,#4129,#4130,#4131,#4132,#4133,#4134,
#4135,#4136,#4137,#4138,#4139,#4140,#4141,#4142,#4143,#4144,#4145,#4146,
#4147,#4148,#4149,#4150,#4151,#4152,#4153,#4154,#4155,#4156,#4157,#4158,
#4159,#4160,#4161,#4162,#4163,#4164,#4165,#4166,#4167,#4168,#4169,#4170,
#4171,#4172,#4173,#4174,#4175,#4176,#4177,#4178,#4179,#4180,#4181,#4182,
#4183,#4184,#4185,#4186,#4187,#4188,#4189,#4190,#4191,#4192),
 .UNSPECIFIED.,.F.,.F.,(4,3,3,3,3,3,3,3,3,3,3,3,3,3,3,3,3,3,3,3,3,3,3,3,
3,4),(0.,0.0110140434033967,0.0223354741056254,0.0301872400426133,0.0325198756878202,
0.0441943299710869,0.055770286088912,0.0630259782219848,0.0656167338665911,
0.0678685008910131,0.0802575798951937,0.084793054621203,0.0966460232407397,
0.100747511862876,0.103207387083954,0.115627829123023,0.128406252919676,
0.134807571751904,0.138526909073095,0.141251984641112,0.154457527964607,
0.161432360658979,0.16454512652774,0.178010891891106,0.179616803577497,
0.190345339459149),.UNSPECIFIED.);
#45=B_SPLINE_CURVE_WITH_KNOTS('',3,(#4193,#4194,#4195,#4196,#4197,#4198,
#4199,#4200,#4201,#4202,#4203,#4204,#4205,#4206,#4207,#4208,#4209,#4210,
#4211,#4212,#4213,#4214,#4215,#4216,#4217),.UNSPECIFIED.,.F.,.F.,(4,3,3,
3,3,3,3,3,4),(20.160025962198,20.3833500089193,21.3539857236298,22.3246214383402,
23.2952571530507,24.2658928677611,25.2365285824716,26.207164297182,26.4432112693776),
 .UNSPECIFIED.);
#46=B_SPLINE_CURVE_WITH_KNOTS('',3,(#4218,#4219,#4220,#4221,#4222,#4223,
#4224,#4225,#4226,#4227,#4228,#4229,#4230,#4231,#4232,#4233,#4234,#4235,
#4236,#4237,#4238,#4239,#4240,#4241,#4242,#4243,#4244,#4245,#4246,#4247,
#4248,#4249,#4250,#4251,#4252,#4253,#4254,#4255,#4256,#4257,#4258,#4259,
#4260,#4261,#4262,#4263,#4264,#4265,#4266,#4267,#4268,#4269,#4270,#4271,
#4272,#4273,#4274,#4275,#4276,#4277,#4278,#4279,#4280,#4281,#4282,#4283,
#4284,#4285,#4286,#4287,#4288,#4289,#4290,#4291,#4292,#4293),
 .UNSPECIFIED.,.F.,.F.,(4,3,3,3,3,3,3,3,3,3,3,3,3,3,3,3,3,3,3,3,3,3,3,3,
3,4),(0.,0.0133251182012278,0.0267785730880546,0.0354910619489883,0.038697121946979,
0.0412193977275326,0.0542434622685172,0.0669404439826016,0.0743249539808322,
0.0771086809201883,0.0797706995724269,0.092042523180111,0.0964784839755239,
0.107260435207078,0.1132440682507,0.115645938036434,0.127823084736232,0.139892775483806,
0.145802786482848,0.148541874417721,0.160138069602879,0.167507471298297,
0.170250588745122,0.181368599449215,0.182734093827958,0.191341112058211),
 .UNSPECIFIED.);
#47=B_SPLINE_CURVE_WITH_KNOTS('',3,(#4308,#4309,#4310,#4311,#4312,#4313,
#4314,#4315,#4316,#4317,#4318,#4319,#4320),.UNSPECIFIED.,.F.,.F.,(4,3,3,
3,4),(-3.87618139610458,-2.91190714413132,-1.94127142942088,-0.97063571471044,
0.),.UNSPECIFIED.);
#48=B_SPLINE_CURVE_WITH_KNOTS('',3,(#4323,#4324,#4325,#4326,#4327,#4328,
#4329,#4330,#4331,#4332,#4333,#4334,#4335,#4336,#4337,#4338,#4339,#4340,
#4341),.UNSPECIFIED.,.F.,.F.,(4,3,3,3,3,3,4),(2.04505878317408,2.91190714413132,
3.88254285884176,4.8531785735522,5.82381428826264,6.79445000297309,7.59365534783879),
 .UNSPECIFIED.);
#49=B_SPLINE_CURVE_WITH_KNOTS('',3,(#4346,#4347,#4348,#4349,#4350,#4351,
#4352,#4353,#4354,#4355,#4356,#4357,#4358,#4359,#4360,#4361,#4362,#4363,
#4364,#4365,#4366,#4367,#4368,#4369,#4370),.UNSPECIFIED.,.F.,.F.,(4,3,3,
3,3,3,3,3,4),(-10.1593667032842,-9.70635714710441,-8.73572143239397,-7.76508571768353,
-6.79445000297308,-5.82381428826264,-4.8531785735522,-3.88254285884176,
-3.87618139610458),.UNSPECIFIED.);
#50=B_SPLINE_CURVE_WITH_KNOTS('',3,(#4371,#4372,#4373,#4374,#4375,#4376,
#4377,#4378,#4379,#4380,#4381,#4382,#4383,#4384,#4385,#4386,#4387,#4388,
#4389,#4390,#4391,#4392,#4393,#4394,#4395),.UNSPECIFIED.,.F.,.F.,(4,3,3,
3,3,3,3,3,4),(7.59365534783879,7.76508571768353,8.73572143239397,9.70635714710441,
10.6769928618148,11.6476285765253,12.6182642912357,13.5889000059462,13.8768406550184),
 .UNSPECIFIED.);
#51=B_SPLINE_CURVE_WITH_KNOTS('',3,(#4400,#4401,#4402,#4403,#4404,#4405,
#4406,#4407,#4408,#4409,#4410,#4411,#4412,#4413,#4414,#4415,#4416,#4417,
#4418,#4419,#4420,#4421),.UNSPECIFIED.,.F.,.F.,(4,3,3,3,3,3,3,4),(-16.4425520104637,
-15.5301714353671,-14.5595357206566,-13.5889000059462,-12.6182642912357,
-11.6476285765253,-10.6769928618149,-10.1593667032842),.UNSPECIFIED.);
#52=B_SPLINE_CURVE_WITH_KNOTS('',3,(#4422,#4423,#4424,#4425,#4426,#4427,
#4428,#4429,#4430,#4431,#4432,#4433,#4434,#4435,#4436,#4437,#4438,#4439,
#4440,#4441,#4442,#4443),.UNSPECIFIED.,.F.,.F.,(4,3,3,3,3,3,3,4),(13.8768406550184,
14.5595357206566,15.530171435367,16.5008071500775,17.4714428647879,18.4420785794984,
19.4127142942088,20.1600259621979),.UNSPECIFIED.);
#53=B_SPLINE_CURVE_WITH_KNOTS('',3,(#4449,#4450,#4451,#4452),
 .UNSPECIFIED.,.F.,.F.,(4,4),(26.4432112693775,27.1778000118923),
 .UNSPECIFIED.);
#54=B_SPLINE_CURVE_WITH_KNOTS('',3,(#4455,#4456,#4457,#4458,#4459,#4460,
#4461,#4462,#4463,#4464),.UNSPECIFIED.,.F.,.F.,(4,3,3,4),(-25.1327412287182,
-24.265892867761,-23.2952571530506,-22.7257373176433),.UNSPECIFIED.);
#55=B_SPLINE_CURVE_WITH_KNOTS('',3,(#4470,#4471,#4472,#4473,#4474,#4475,
#4476,#4477),.UNSPECIFIED.,.F.,.F.,(4,1,1,1,1,4),(34.5575191894877,35.127039024895,
36.0976747396054,37.0683104543158,38.0389461690263,39.0095818837367),
 .UNSPECIFIED.);
#56=B_SPLINE_CURVE_WITH_KNOTS('',3,(#4480,#4481,#4482,#4483,#4484,#4485,
#4486,#4487,#4488),.UNSPECIFIED.,.F.,.F.,(4,1,1,1,1,1,4),(34.5575191894877,
34.780843236209,35.7514789509195,36.7221146656299,37.6927503803403,38.6633860950508,
39.530234456008),.UNSPECIFIED.);
#57=B_SPLINE_CURVE_WITH_KNOTS('',3,(#4493,#4494,#4495,#4496,#4497,#4498,
#4499,#4500,#4501,#4502,#4503),.UNSPECIFIED.,.F.,.F.,(4,1,1,1,1,1,1,1,4),
(28.2743338823082,28.3325890219219,29.3032247366323,30.2738604513428,31.2444961660532,
32.2151318807636,33.1857675954741,34.1564033101845,34.5575191894877),
 .UNSPECIFIED.);
#58=B_SPLINE_CURVE_WITH_KNOTS('',3,(#4504,#4505,#4506,#4507,#4508,#4509,
#4510,#4511,#4512,#4513),.UNSPECIFIED.,.F.,.F.,(4,1,1,1,1,1,1,4),(28.2743338823081,
28.9570289479464,29.9276646626568,30.8983003773673,31.8689360920777,32.8395718067881,
33.8102075214986,34.5575191894877),.UNSPECIFIED.);
#59=B_SPLINE_CURVE_WITH_KNOTS('',3,(#4518,#4519,#4520,#4521,#4522,#4523,
#4524,#4525,#4526,#4527),.UNSPECIFIED.,.F.,.F.,(4,1,1,1,1,1,1,4),(21.9911485751286,
22.5087747336592,23.4794104483697,24.4500461630801,25.4206818777906,26.391317592501,
27.3619533072114,28.2743338823082),.UNSPECIFIED.);
#60=B_SPLINE_CURVE_WITH_KNOTS('',3,(#4528,#4529,#4530,#4531,#4532,#4533,
#4534,#4535,#4536,#4537,#4538),.UNSPECIFIED.,.F.,.F.,(4,1,1,1,1,1,1,1,4),
(21.9911485751285,22.1625789449733,23.1332146596837,24.1038503743942,25.0744860891046,
26.0451218038151,27.0157575185255,27.9863932332359,28.2743338823081),
 .UNSPECIFIED.);
#61=B_SPLINE_CURVE_WITH_KNOTS('',3,(#4544,#4545,#4546,#4547,#4548),
 .UNSPECIFIED.,.F.,.F.,(4,1,4),(14.3974932272898,15.3681289420002,15.707963267949),
 .UNSPECIFIED.);
#62=B_SPLINE_CURVE_WITH_KNOTS('',3,(#4551,#4552,#4553,#4554,#4555),
 .UNSPECIFIED.,.F.,.F.,(4,1,4),(13.8768406550185,14.7436890159757,15.707963267949),
 .UNSPECIFIED.);
#63=B_SPLINE_CURVE_WITH_KNOTS('',3,(#4557,#4558,#4559,#4560,#4561,#4562,
#4563,#4564,#4565,#4566,#4567),.UNSPECIFIED.,.F.,.F.,(4,1,1,1,1,1,1,1,4),
(15.707963267949,15.7143247306862,16.6849604453966,17.655596160107,18.6262318748175,
19.5968675895279,20.5675033042384,21.5381390189488,21.9911485751286),
 .UNSPECIFIED.);
#64=B_SPLINE_CURVE_WITH_KNOTS('',3,(#4568,#4569,#4570,#4571,#4572,#4573,
#4574,#4575,#4576,#4577),.UNSPECIFIED.,.F.,.F.,(4,1,1,1,1,1,1,4),(15.707963267949,
16.3387646567107,17.3094003714211,18.2800360861315,19.250671800842,20.2213075155524,
21.1919432302629,21.9911485751285),.UNSPECIFIED.);
#65=B_SPLINE_CURVE_WITH_KNOTS('',3,(#4702,#4703,#4704,#4705,#4706,#4707,
#4708,#4709,#4710,#4711,#4712,#4713,#4714,#4715,#4716,#4717,#4718,#4719,
#4720,#4721,#4722,#4723,#4724,#4725,#4726,#4727,#4728,#4729,#4730,#4731,
#4732,#4733,#4734,#4735,#4736,#4737,#4738,#4739,#4740,#4741,#4742,#4743,
#4744,#4745,#4746,#4747,#4748,#4749,#4750,#4751,#4752,#4753,#4754,#4755,
#4756,#4757,#4758,#4759,#4760,#4761,#4762,#4763,#4764,#4765,#4766,#4767,
#4768,#4769,#4770,#4771,#4772,#4773,#4774,#4775,#4776,#4777),
 .UNSPECIFIED.,.F.,.F.,(4,3,3,3,3,3,3,3,3,3,3,3,3,3,3,3,3,3,3,3,3,3,3,3,
3,4),(0.,0.013326371967173,0.0267797167366895,0.0354920626415429,0.0387095889469415,
0.0412267550677497,0.0542506451068683,0.0669468435488938,0.0743297536555496,
0.0772993952319246,0.0798122494027136,0.0920829178795392,0.096478483975517,
0.107260435207071,0.113243758681194,0.115645329484457,0.12782257972054,
0.139891968292744,0.145801375891888,0.148540161529306,0.160135703580484,
0.167507719638049,0.17025059960036,0.181367491652865,0.182734093827947,
0.191341112058204),.UNSPECIFIED.);
#66=B_SPLINE_CURVE_WITH_KNOTS('',3,(#4778,#4779,#4780,#4781,#4782,#4783,
#4784,#4785,#4786,#4787,#4788,#4789,#4790,#4791,#4792,#4793,#4794,#4795,
#4796,#4797,#4798,#4799,#4800,#4801,#4802,#4803,#4804,#4805,#4806,#4807,
#4808,#4809,#4810,#4811,#4812,#4813,#4814,#4815,#4816,#4817,#4818,#4819,
#4820,#4821,#4822,#4823,#4824,#4825,#4826,#4827,#4828,#4829,#4830,#4831,
#4832,#4833,#4834,#4835,#4836,#4837,#4838,#4839,#4840,#4841,#4842,#4843,
#4844,#4845,#4846,#4847,#4848,#4849,#4850,#4851,#4852,#4853),
 .UNSPECIFIED.,.F.,.F.,(4,3,3,3,3,3,3,3,3,3,3,3,3,3,3,3,3,3,3,3,3,3,3,3,
3,4),(0.,0.0110163168042524,0.0223394950733799,0.0301939961420733,0.0325235952559835,
0.0442000626192009,0.0557727724430682,0.0630278429876031,0.0656269297274141,
0.0678859337672589,0.0802750155211362,0.084793054621208,0.0966460232407459,
0.100746946731146,0.103206946920748,0.115625830236458,0.128403116027836,
0.134804826971545,0.138514321818095,0.141248669777409,0.154454041375371,
0.161428076937796,0.164541898541749,0.178007709195129,0.179616803577511,
0.190345339459154),.UNSPECIFIED.);
#67=B_SPLINE_CURVE_WITH_KNOTS('',3,(#4854,#4855,#4856,#4857,#4858,#4859,
#4860,#4861,#4862,#4863,#4864,#4865,#4866,#4867,#4868,#4869,#4870,#4871,
#4872,#4873,#4874,#4875,#4876,#4877,#4878),.UNSPECIFIED.,.F.,.F.,(4,3,3,
3,3,3,3,3,4),(-22.7257373176433,-22.3246214383401,-21.3539857236297,-20.3833500089193,
-19.4127142942088,-18.4420785794984,-17.4714428647879,-16.5008071500775,
-16.4425520104637),.UNSPECIFIED.);
#68=B_SPLINE_CURVE_WITH_KNOTS('',3,(#5003,#5004,#5005,#5006,#5007,#5008,
#5009,#5010,#5011,#5012,#5013,#5014,#5015,#5016,#5017,#5018,#5019,#5020,
#5021,#5022,#5023,#5024,#5025,#5026,#5027,#5028,#5029,#5030,#5031,#5032,
#5033,#5034,#5035,#5036,#5037,#5038,#5039,#5040,#5041,#5042,#5043,#5044,
#5045,#5046,#5047,#5048,#5049,#5050,#5051,#5052,#5053,#5054,#5055,#5056,
#5057,#5058,#5059,#5060,#5061,#5062,#5063,#5064,#5065,#5066,#5067,#5068,
#5069,#5070,#5071,#5072,#5073,#5074,#5075,#5076,#5077,#5078),
 .UNSPECIFIED.,.F.,.F.,(4,3,3,3,3,3,3,3,3,3,3,3,3,3,3,3,3,3,3,3,3,3,3,3,
3,4),(0.,0.0110163133872177,0.0223394890466608,0.0301939860232257,0.0325235893089527,
0.0442000536495352,0.0557727682560773,0.063027839847359,0.0656269126491671,
0.0678859040116413,0.0802749858150431,0.0847930546212043,0.0966460232407415,
0.100746947693943,0.103206947679376,0.115625833416527,0.128403120975331,
0.134804831300603,0.138514341608969,0.141248674939886,0.154454046789831,
0.161428083581959,0.164541903398585,0.17800771397954,0.179616803577502,
0.190345339459139),.UNSPECIFIED.);
#69=B_SPLINE_CURVE_WITH_KNOTS('',3,(#5079,#5080,#5081,#5082,#5083,#5084,
#5085,#5086,#5087,#5088,#5089,#5090,#5091,#5092,#5093,#5094,#5095,#5096,
#5097,#5098,#5099,#5100,#5101,#5102,#5103),.UNSPECIFIED.,.F.,.F.,(4,3,3,
3,3,3,3,3,4),(20.1600259621979,20.3833500089193,21.3539857236297,22.3246214383401,
23.2952571530506,24.265892867761,25.2365285824715,26.2071642971819,26.4432112693775),
 .UNSPECIFIED.);
#70=B_SPLINE_CURVE_WITH_KNOTS('',3,(#5104,#5105,#5106,#5107,#5108,#5109,
#5110,#5111,#5112,#5113,#5114,#5115,#5116,#5117,#5118,#5119,#5120,#5121,
#5122,#5123,#5124,#5125,#5126,#5127,#5128,#5129,#5130,#5131,#5132,#5133,
#5134,#5135,#5136,#5137,#5138,#5139,#5140,#5141,#5142,#5143,#5144,#5145,
#5146,#5147,#5148,#5149,#5150,#5151,#5152,#5153,#5154,#5155,#5156,#5157,
#5158,#5159,#5160,#5161,#5162,#5163,#5164,#5165,#5166,#5167,#5168,#5169,
#5170,#5171,#5172,#5173,#5174,#5175,#5176,#5177,#5178,#5179),
 .UNSPECIFIED.,.F.,.F.,(4,3,3,3,3,3,3,3,3,3,3,3,3,3,3,3,3,3,3,3,3,3,3,3,
3,4),(0.,0.013326370097746,0.0267797150629202,0.0354920611769945,0.0387095705622271,
0.0412267439091606,0.0542506342411594,0.0669468338908786,0.0743297464120376,
0.0772993888943779,0.0798122475871803,0.0920829169719211,0.0964784839755146,
0.107260435207068,0.113243759176988,0.115645330466578,0.127822580567509,
0.139891969671889,0.145801378253729,0.148540164362397,0.160135707502731,
0.167507719210935,0.170250599563346,0.181367493442861,0.182734093827941,
0.191341112058195),.UNSPECIFIED.);
#71=B_SPLINE_CURVE_WITH_KNOTS('',3,(#5194,#5195,#5196,#5197,#5198,#5199,
#5200,#5201,#5202,#5203,#5204,#5205,#5206),.UNSPECIFIED.,.F.,.F.,(4,3,3,
3,4),(-3.87618139610465,-2.91190714413133,-1.94127142942089,-0.970635714710445,
0.),.UNSPECIFIED.);
#72=B_SPLINE_CURVE_WITH_KNOTS('',3,(#5209,#5210,#5211,#5212,#5213,#5214,
#5215,#5216,#5217,#5218,#5219,#5220,#5221,#5222,#5223,#5224,#5225,#5226,
#5227),.UNSPECIFIED.,.F.,.F.,(4,3,3,3,3,3,4),(2.0450587831741,2.91190714413133,
3.88254285884177,4.85317857355222,5.82381428826267,6.79445000297311,7.5936553478388),
 .UNSPECIFIED.);
#73=B_SPLINE_CURVE_WITH_KNOTS('',3,(#5232,#5233,#5234,#5235,#5236,#5237,
#5238,#5239,#5240,#5241,#5242,#5243,#5244,#5245,#5246,#5247,#5248,#5249,
#5250,#5251,#5252,#5253,#5254,#5255,#5256),.UNSPECIFIED.,.F.,.F.,(4,3,3,
3,3,3,3,3,4),(-10.1593667032842,-9.70635714710445,-8.735721432394,-7.76508571768356,
-6.79445000297311,-5.82381428826267,-4.85317857355222,-3.88254285884178,
-3.87618139610465),.UNSPECIFIED.);
#74=B_SPLINE_CURVE_WITH_KNOTS('',3,(#5257,#5258,#5259,#5260,#5261,#5262,
#5263,#5264,#5265,#5266,#5267,#5268,#5269,#5270,#5271,#5272,#5273,#5274,
#5275,#5276,#5277,#5278,#5279,#5280,#5281),.UNSPECIFIED.,.F.,.F.,(4,3,3,
3,3,3,3,3,4),(7.5936553478388,7.76508571768355,8.735721432394,9.70635714710444,
10.6769928618149,11.6476285765253,12.6182642912358,13.5889000059462,13.8768406550184),
 .UNSPECIFIED.);
#75=B_SPLINE_CURVE_WITH_KNOTS('',3,(#5286,#5287,#5288,#5289,#5290,#5291,
#5292,#5293,#5294,#5295,#5296,#5297,#5298,#5299,#5300,#5301,#5302,#5303,
#5304,#5305,#5306,#5307),.UNSPECIFIED.,.F.,.F.,(4,3,3,3,3,3,3,4),(-16.4425520104638,
-15.5301714353671,-14.5595357206567,-13.5889000059462,-12.6182642912358,
-11.6476285765253,-10.6769928618149,-10.1593667032842),.UNSPECIFIED.);
#76=B_SPLINE_CURVE_WITH_KNOTS('',3,(#5308,#5309,#5310,#5311,#5312,#5313,
#5314,#5315,#5316,#5317,#5318,#5319,#5320,#5321,#5322,#5323,#5324,#5325,
#5326,#5327,#5328,#5329),.UNSPECIFIED.,.F.,.F.,(4,3,3,3,3,3,3,4),(13.8768406550184,
14.5595357206567,15.5301714353671,16.5008071500776,17.471442864788,18.4420785794984,
19.4127142942089,20.160025962198),.UNSPECIFIED.);
#77=B_SPLINE_CURVE_WITH_KNOTS('',3,(#5335,#5336,#5337,#5338),
 .UNSPECIFIED.,.F.,.F.,(4,4),(26.4432112693776,27.1778000118924),
 .UNSPECIFIED.);
#78=B_SPLINE_CURVE_WITH_KNOTS('',3,(#5341,#5342,#5343,#5344,#5345,#5346,
#5347,#5348,#5349,#5350),.UNSPECIFIED.,.F.,.F.,(4,3,3,4),(-25.1327412287183,
-24.2658928677611,-23.2952571530507,-22.7257373176434),.UNSPECIFIED.);
#79=B_SPLINE_CURVE_WITH_KNOTS('',3,(#5356,#5357,#5358,#5359,#5360,#5361,
#5362,#5363),.UNSPECIFIED.,.F.,.F.,(4,1,1,1,1,4),(34.5575191894877,35.127039024895,
36.0976747396054,37.0683104543159,38.0389461690263,39.0095818837368),
 .UNSPECIFIED.);
#80=B_SPLINE_CURVE_WITH_KNOTS('',3,(#5366,#5367,#5368,#5369,#5370,#5371,
#5372,#5373,#5374),.UNSPECIFIED.,.F.,.F.,(4,1,1,1,1,1,4),(34.5575191894877,
34.7808432362091,35.7514789509195,36.72211466563,37.6927503803404,38.6633860950509,
39.5302344560081),.UNSPECIFIED.);
#81=B_SPLINE_CURVE_WITH_KNOTS('',3,(#5379,#5380,#5381,#5382,#5383,#5384,
#5385,#5386,#5387,#5388,#5389),.UNSPECIFIED.,.F.,.F.,(4,1,1,1,1,1,1,1,4),
(28.2743338823082,28.3325890219219,29.3032247366323,30.2738604513428,31.2444961660532,
32.2151318807637,33.1857675954741,34.1564033101845,34.5575191894877),
 .UNSPECIFIED.);
#82=B_SPLINE_CURVE_WITH_KNOTS('',3,(#5390,#5391,#5392,#5393,#5394,#5395,
#5396,#5397,#5398,#5399),.UNSPECIFIED.,.F.,.F.,(4,1,1,1,1,1,1,4),(28.2743338823081,
28.9570289479464,29.9276646626569,30.8983003773673,31.8689360920777,32.8395718067882,
33.8102075214986,34.5575191894877),.UNSPECIFIED.);
#83=B_SPLINE_CURVE_WITH_KNOTS('',3,(#5404,#5405,#5406,#5407,#5408,#5409,
#5410,#5411,#5412,#5413),.UNSPECIFIED.,.F.,.F.,(4,1,1,1,1,1,1,4),(21.9911485751286,
22.5087747336592,23.4794104483697,24.4500461630801,25.4206818777905,26.391317592501,
27.3619533072114,28.2743338823082),.UNSPECIFIED.);
#84=B_SPLINE_CURVE_WITH_KNOTS('',3,(#5414,#5415,#5416,#5417,#5418,#5419,
#5420,#5421,#5422,#5423,#5424),.UNSPECIFIED.,.F.,.F.,(4,1,1,1,1,1,1,1,4),
(21.9911485751285,22.1625789449733,23.1332146596837,24.1038503743942,25.0744860891046,
26.0451218038151,27.0157575185255,27.986393233236,28.2743338823081),
 .UNSPECIFIED.);
#85=B_SPLINE_CURVE_WITH_KNOTS('',3,(#5430,#5431,#5432,#5433,#5434),
 .UNSPECIFIED.,.F.,.F.,(4,1,4),(14.3974932272897,15.3681289420002,15.707963267949),
 .UNSPECIFIED.);
#86=B_SPLINE_CURVE_WITH_KNOTS('',3,(#5437,#5438,#5439,#5440,#5441),
 .UNSPECIFIED.,.F.,.F.,(4,1,4),(13.8768406550184,14.7436890159757,15.707963267949),
 .UNSPECIFIED.);
#87=B_SPLINE_CURVE_WITH_KNOTS('',3,(#5443,#5444,#5445,#5446,#5447,#5448,
#5449,#5450,#5451,#5452,#5453),.UNSPECIFIED.,.F.,.F.,(4,1,1,1,1,1,1,1,4),
(15.707963267949,15.7143247306861,16.6849604453965,17.655596160107,18.6262318748174,
19.5968675895279,20.5675033042383,21.5381390189488,21.9911485751286),
 .UNSPECIFIED.);
#88=B_SPLINE_CURVE_WITH_KNOTS('',3,(#5454,#5455,#5456,#5457,#5458,#5459,
#5460,#5461,#5462,#5463),.UNSPECIFIED.,.F.,.F.,(4,1,1,1,1,1,1,4),(15.707963267949,
16.3387646567106,17.3094003714211,18.2800360861315,19.250671800842,20.2213075155524,
21.1919432302629,21.9911485751285),.UNSPECIFIED.);
#89=B_SPLINE_CURVE_WITH_KNOTS('',3,(#5588,#5589,#5590,#5591,#5592,#5593,
#5594,#5595,#5596,#5597,#5598,#5599,#5600,#5601,#5602,#5603,#5604,#5605,
#5606,#5607,#5608,#5609,#5610,#5611,#5612,#5613,#5614,#5615,#5616,#5617,
#5618,#5619,#5620,#5621,#5622,#5623,#5624,#5625,#5626,#5627,#5628,#5629,
#5630,#5631,#5632,#5633,#5634,#5635,#5636,#5637,#5638,#5639,#5640,#5641,
#5642,#5643,#5644,#5645,#5646,#5647,#5648,#5649,#5650,#5651,#5652,#5653,
#5654,#5655,#5656,#5657,#5658,#5659,#5660,#5661,#5662,#5663),
 .UNSPECIFIED.,.F.,.F.,(4,3,3,3,3,3,3,3,3,3,3,3,3,3,3,3,3,3,3,3,3,3,3,3,
3,4),(0.,0.0133258326960314,0.0267792300916419,0.035491636827127,0.0387042611696569,
0.0412235581263454,0.054247528670681,0.066944070810322,0.0743276741016222,
0.0771165072583957,0.0797721179328519,0.092043602923192,0.0964784839755228,
0.107260435207075,0.113243897544444,0.115645603971711,0.12782281290231,
0.139892344916689,0.145802026011232,0.148540943642807,0.160136785607532,
0.167507603594467,0.170250592122697,0.181367991503582,0.182734093827944,
0.191341112058196),.UNSPECIFIED.);
#90=B_SPLINE_CURVE_WITH_KNOTS('',3,(#5664,#5665,#5666,#5667,#5668,#5669,
#5670,#5671,#5672,#5673,#5674,#5675,#5676,#5677,#5678,#5679,#5680,#5681,
#5682,#5683,#5684,#5685,#5686,#5687,#5688,#5689,#5690,#5691,#5692,#5693,
#5694,#5695,#5696,#5697,#5698,#5699,#5700,#5701,#5702,#5703,#5704,#5705,
#5706,#5707,#5708,#5709,#5710,#5711,#5712,#5713,#5714,#5715,#5716,#5717,
#5718,#5719,#5720,#5721,#5722,#5723,#5724,#5725,#5726,#5727,#5728,#5729,
#5730,#5731,#5732,#5733,#5734,#5735,#5736,#5737,#5738,#5739),
 .UNSPECIFIED.,.F.,.F.,(4,3,3,3,3,3,3,3,3,3,3,3,3,3,3,3,3,3,3,3,3,3,3,3,
3,4),(0.,0.0110153345636504,0.0223377606058162,0.0301910831334352,0.0325219304746536,
0.0441975286666811,0.0557716267061272,0.0630269836848976,0.0656222488549801,
0.0678778511624615,0.0802669406713353,0.0847930546212085,0.0966460232407463,
0.100747209913118,0.103207152888339,0.115626722864046,0.12840450996343,
0.13480604666519,0.138519906712103,0.141250132865847,0.154455577811543,
0.161429963393755,0.164543296888177,0.178009087364477,0.179616803577511,
0.190345339459159),.UNSPECIFIED.);
#91=B_SPLINE_CURVE_WITH_KNOTS('',3,(#5740,#5741,#5742,#5743,#5744,#5745,
#5746,#5747,#5748,#5749,#5750,#5751,#5752,#5753,#5754,#5755,#5756,#5757,
#5758,#5759,#5760,#5761,#5762,#5763,#5764),.UNSPECIFIED.,.F.,.F.,(4,3,3,
3,3,3,3,3,4),(-22.7257373176434,-22.3246214383402,-21.3539857236298,-20.3833500089193,
-19.4127142942089,-18.4420785794984,-17.471442864788,-16.5008071500776,
-16.4425520104638),.UNSPECIFIED.);
#92=B_SPLINE_CURVE_WITH_KNOTS('',3,(#5889,#5890,#5891,#5892,#5893,#5894,
#5895,#5896,#5897,#5898,#5899,#5900,#5901,#5902,#5903,#5904,#5905,#5906,
#5907,#5908,#5909,#5910,#5911,#5912,#5913,#5914,#5915,#5916,#5917,#5918,
#5919,#5920,#5921,#5922,#5923,#5924,#5925,#5926,#5927,#5928,#5929,#5930,
#5931,#5932,#5933,#5934,#5935,#5936,#5937,#5938,#5939,#5940,#5941,#5942,
#5943,#5944,#5945,#5946,#5947,#5948,#5949,#5950,#5951,#5952,#5953,#5954,
#5955,#5956,#5957,#5958,#5959,#5960,#5961,#5962,#5963,#5964),
 .UNSPECIFIED.,.F.,.F.,(4,3,3,3,3,3,3,3,3,3,3,3,3,3,3,3,3,3,3,3,3,3,3,3,
3,4),(0.,0.0110153580989514,0.0223378022146564,0.030191153035838,0.0325219693240404,
0.0441975883523649,0.0557716528412661,0.0630270032862518,0.0656223558940346,
0.0678780344636341,0.0802671239413671,0.084793054621209,0.096646023240747,
0.100747203931678,0.103207148227454,0.115626701974434,0.12840447722718,
0.134806018020971,0.138519775384666,0.141250098318774,0.154455541488202,
0.161429918771932,0.164543263387688,0.17800905433606,0.179616803577513,
0.190345339459167),.UNSPECIFIED.);
#93=B_SPLINE_CURVE_WITH_KNOTS('',3,(#5965,#5966,#5967,#5968,#5969,#5970,
#5971,#5972,#5973,#5974,#5975,#5976,#5977,#5978,#5979,#5980,#5981,#5982,
#5983,#5984,#5985,#5986,#5987,#5988,#5989),.UNSPECIFIED.,.F.,.F.,(4,3,3,
3,3,3,3,3,4),(20.160025962198,20.3833500089193,21.3539857236298,22.3246214383402,
23.2952571530507,24.2658928677611,25.2365285824716,26.207164297182,26.4432112693776),
 .UNSPECIFIED.);
#94=B_SPLINE_CURVE_WITH_KNOTS('',3,(#5990,#5991,#5992,#5993,#5994,#5995,
#5996,#5997,#5998,#5999,#6000,#6001,#6002,#6003,#6004,#6005,#6006,#6007,
#6008,#6009,#6010,#6011,#6012,#6013,#6014,#6015,#6016,#6017,#6018,#6019,
#6020,#6021,#6022,#6023,#6024,#6025,#6026,#6027,#6028,#6029,#6030,#6031,
#6032,#6033,#6034,#6035,#6036,#6037,#6038,#6039,#6040,#6041,#6042,#6043,
#6044,#6045,#6046,#6047,#6048,#6049,#6050,#6051,#6052,#6053,#6054,#6055,
#6056,#6057,#6058,#6059,#6060,#6061,#6062,#6063,#6064,#6065),
 .UNSPECIFIED.,.F.,.F.,(4,3,3,3,3,3,3,3,3,3,3,3,3,3,3,3,3,3,3,3,3,3,3,3,
3,4),(0.,0.0133258456614785,0.0267792418828563,0.0354916471444397,0.0387043898712973,
0.0412236344121582,0.0542476031149728,0.0669441371066287,0.0743277238238524,
0.0771166506823482,0.0797721441647938,0.0920436228559764,0.0964784839755233,
0.107260435207076,0.113243894304996,0.115645597592564,0.127822807571871,
0.139892336377264,0.145802011138902,0.148540925614545,0.160136760706577,
0.16750760620986,0.17025059224664,0.181367979894787,0.182734093827947,0.1913411120582),
 .UNSPECIFIED.);
#95=B_SPLINE_CURVE_WITH_KNOTS('',3,(#6080,#6081,#6082,#6083,#6084,#6085,
#6086,#6087,#6088,#6089,#6090,#6091,#6092),.UNSPECIFIED.,.F.,.F.,(4,3,3,
3,4),(-3.87618139610465,-2.91190714413133,-1.94127142942088,-0.97063571471044,
0.),.UNSPECIFIED.);
#96=B_SPLINE_CURVE_WITH_KNOTS('',3,(#6095,#6096,#6097,#6098,#6099,#6100,
#6101,#6102,#6103,#6104,#6105,#6106,#6107,#6108,#6109,#6110,#6111,#6112,
#6113),.UNSPECIFIED.,.F.,.F.,(4,3,3,3,3,3,4),(2.04505878317406,2.91190714413132,
3.88254285884177,4.85317857355221,5.82381428826265,6.79445000297309,7.59365534783882),
 .UNSPECIFIED.);
#97=B_SPLINE_CURVE_WITH_KNOTS('',3,(#6118,#6119,#6120,#6121,#6122,#6123,
#6124,#6125,#6126,#6127,#6128,#6129,#6130,#6131,#6132,#6133,#6134,#6135,
#6136,#6137,#6138,#6139,#6140,#6141,#6142),.UNSPECIFIED.,.F.,.F.,(4,3,3,
3,3,3,3,3,4),(-10.1593667032842,-9.70635714710442,-8.73572143239398,-7.76508571768354,
-6.79445000297309,-5.82381428826265,-4.85317857355221,-3.88254285884177,
-3.87618139610465),.UNSPECIFIED.);
#98=B_SPLINE_CURVE_WITH_KNOTS('',3,(#6143,#6144,#6145,#6146,#6147,#6148,
#6149,#6150,#6151,#6152,#6153,#6154,#6155,#6156,#6157,#6158,#6159,#6160,
#6161,#6162,#6163,#6164,#6165,#6166,#6167),.UNSPECIFIED.,.F.,.F.,(4,3,3,
3,3,3,3,3,4),(7.59365534783882,7.76508571768353,8.73572143239397,9.70635714710441,
10.6769928618149,11.6476285765253,12.6182642912357,13.5889000059462,13.8768406550184),
 .UNSPECIFIED.);
#99=B_SPLINE_CURVE_WITH_KNOTS('',3,(#6172,#6173,#6174,#6175,#6176,#6177,
#6178,#6179,#6180,#6181,#6182,#6183,#6184,#6185,#6186,#6187,#6188,#6189,
#6190,#6191,#6192,#6193),.UNSPECIFIED.,.F.,.F.,(4,3,3,3,3,3,3,4),(-16.4425520104638,
-15.5301714353671,-14.5595357206566,-13.5889000059462,-12.6182642912357,
-11.6476285765253,-10.6769928618149,-10.1593667032842),.UNSPECIFIED.);
#100=B_SPLINE_CURVE_WITH_KNOTS('',3,(#6194,#6195,#6196,#6197,#6198,#6199,
#6200,#6201,#6202,#6203,#6204,#6205,#6206,#6207,#6208,#6209,#6210,#6211,
#6212,#6213,#6214,#6215),.UNSPECIFIED.,.F.,.F.,(4,3,3,3,3,3,3,4),(13.8768406550184,
14.5595357206566,15.5301714353671,16.5008071500775,17.4714428647879,18.4420785794984,
19.4127142942088,20.160025962198),.UNSPECIFIED.);
#101=B_SPLINE_CURVE_WITH_KNOTS('',3,(#6221,#6222,#6223,#6224),
 .UNSPECIFIED.,.F.,.F.,(4,4),(26.4432112693776,27.1778000118924),
 .UNSPECIFIED.);
#102=B_SPLINE_CURVE_WITH_KNOTS('',3,(#6227,#6228,#6229,#6230,#6231,#6232,
#6233,#6234,#6235,#6236),.UNSPECIFIED.,.F.,.F.,(4,3,3,4),(-25.1327412287183,
-24.265892867761,-23.2952571530506,-22.7257373176434),.UNSPECIFIED.);
#103=B_SPLINE_CURVE_WITH_KNOTS('',3,(#6242,#6243,#6244,#6245,#6246,#6247,
#6248,#6249),.UNSPECIFIED.,.F.,.F.,(4,1,1,1,1,4),(34.5575191894877,35.1270390248949,
36.0976747396054,37.0683104543158,38.0389461690262,39.0095818837367),
 .UNSPECIFIED.);
#104=B_SPLINE_CURVE_WITH_KNOTS('',3,(#6252,#6253,#6254,#6255,#6256,#6257,
#6258,#6259,#6260),.UNSPECIFIED.,.F.,.F.,(4,1,1,1,1,1,4),(34.5575191894877,
34.780843236209,35.7514789509195,36.7221146656299,37.6927503803403,38.6633860950508,
39.530234456008),.UNSPECIFIED.);
#105=B_SPLINE_CURVE_WITH_KNOTS('',3,(#6265,#6266,#6267,#6268,#6269,#6270,
#6271,#6272,#6273,#6274,#6275),.UNSPECIFIED.,.F.,.F.,(4,1,1,1,1,1,1,1,4),
(28.2743338823082,28.3325890219218,29.3032247366323,30.2738604513427,31.2444961660532,
32.2151318807636,33.185767595474,34.1564033101845,34.5575191894877),
 .UNSPECIFIED.);
#106=B_SPLINE_CURVE_WITH_KNOTS('',3,(#6276,#6277,#6278,#6279,#6280,#6281,
#6282,#6283,#6284,#6285),.UNSPECIFIED.,.F.,.F.,(4,1,1,1,1,1,1,4),(28.2743338823081,
28.9570289479464,29.9276646626568,30.8983003773672,31.8689360920777,32.8395718067881,
33.8102075214986,34.5575191894877),.UNSPECIFIED.);
#107=B_SPLINE_CURVE_WITH_KNOTS('',3,(#6290,#6291,#6292,#6293,#6294,#6295,
#6296,#6297,#6298,#6299),.UNSPECIFIED.,.F.,.F.,(4,1,1,1,1,1,1,4),(21.9911485751286,
22.5087747336592,23.4794104483696,24.4500461630801,25.4206818777905,26.3913175925009,
27.3619533072114,28.2743338823082),.UNSPECIFIED.);
#108=B_SPLINE_CURVE_WITH_KNOTS('',3,(#6300,#6301,#6302,#6303,#6304,#6305,
#6306,#6307,#6308,#6309,#6310),.UNSPECIFIED.,.F.,.F.,(4,1,1,1,1,1,1,1,4),
(21.9911485751285,22.1625789449733,23.1332146596837,24.1038503743942,25.0744860891046,
26.045121803815,27.0157575185255,27.9863932332359,28.2743338823081),
 .UNSPECIFIED.);
#109=B_SPLINE_CURVE_WITH_KNOTS('',3,(#6316,#6317,#6318,#6319,#6320),
 .UNSPECIFIED.,.F.,.F.,(4,1,4),(14.3974932272897,15.3681289420002,15.707963267949),
 .UNSPECIFIED.);
#110=B_SPLINE_CURVE_WITH_KNOTS('',3,(#6323,#6324,#6325,#6326,#6327),
 .UNSPECIFIED.,.F.,.F.,(4,1,4),(13.8768406550184,14.7436890159757,15.707963267949),
 .UNSPECIFIED.);
#111=B_SPLINE_CURVE_WITH_KNOTS('',3,(#6329,#6330,#6331,#6332,#6333,#6334,
#6335,#6336,#6337,#6338,#6339),.UNSPECIFIED.,.F.,.F.,(4,1,1,1,1,1,1,1,4),
(15.707963267949,15.7143247306861,16.6849604453965,17.655596160107,18.6262318748174,
19.5968675895279,20.5675033042383,21.5381390189487,21.9911485751286),
 .UNSPECIFIED.);
#112=B_SPLINE_CURVE_WITH_KNOTS('',3,(#6340,#6341,#6342,#6343,#6344,#6345,
#6346,#6347,#6348,#6349),.UNSPECIFIED.,.F.,.F.,(4,1,1,1,1,1,1,4),(15.707963267949,
16.3387646567106,17.3094003714211,18.2800360861315,19.2506718008419,20.2213075155524,
21.1919432302628,21.9911485751285),.UNSPECIFIED.);
#113=B_SPLINE_CURVE_WITH_KNOTS('',3,(#6474,#6475,#6476,#6477,#6478,#6479,
#6480,#6481,#6482,#6483,#6484,#6485,#6486,#6487,#6488,#6489,#6490,#6491,
#6492,#6493,#6494,#6495,#6496,#6497,#6498,#6499,#6500,#6501,#6502,#6503,
#6504,#6505,#6506,#6507,#6508,#6509,#6510,#6511,#6512,#6513,#6514,#6515,
#6516,#6517,#6518,#6519,#6520,#6521,#6522,#6523,#6524,#6525,#6526,#6527,
#6528,#6529,#6530,#6531,#6532,#6533,#6534,#6535,#6536,#6537,#6538,#6539,
#6540,#6541,#6542,#6543,#6544,#6545,#6546,#6547,#6548,#6549),
 .UNSPECIFIED.,.F.,.F.,(4,3,3,3,3,3,3,3,3,3,3,3,3,3,3,3,3,3,3,3,3,3,3,3,
3,4),(0.,0.0133255265964281,0.0267789503708222,0.0354913920714099,0.0387012141930781,
0.0412217652286933,0.0542457778518232,0.0669425106230193,0.0743265039611455,
0.0771131361583511,0.0797715038518945,0.0920431359962861,0.0964784839755241,
0.107260435207079,0.113243972573771,0.115645751311771,0.127822934660444,
0.139892539029234,0.145802366078923,0.148541357439308,0.160137356855719,
0.16750754414773,0.170250589872778,0.181368259615849,0.182734093827962,
0.191341112058223),.UNSPECIFIED.);
#114=B_SPLINE_CURVE_WITH_KNOTS('',3,(#6550,#6551,#6552,#6553,#6554,#6555,
#6556,#6557,#6558,#6559,#6560,#6561,#6562,#6563,#6564,#6565,#6566,#6567,
#6568,#6569,#6570,#6571,#6572,#6573,#6574,#6575,#6576,#6577,#6578,#6579,
#6580,#6581,#6582,#6583,#6584,#6585,#6586,#6587,#6588,#6589,#6590,#6591,
#6592,#6593,#6594,#6595,#6596,#6597,#6598,#6599,#6600,#6601,#6602,#6603,
#6604,#6605,#6606,#6607,#6608,#6609,#6610,#6611,#6612,#6613,#6614,#6615,
#6616,#6617,#6618,#6619,#6620,#6621,#6622,#6623,#6624,#6625),
 .UNSPECIFIED.,.F.,.F.,(4,3,3,3,3,3,3,3,3,3,3,3,3,3,3,3,3,3,3,3,3,3,3,3,
3,4),(0.,0.0110147800317984,0.0223367795163938,0.0301894345834541,0.0325210296229446,
0.0441961367334059,0.0557710287721215,0.063026535234395,0.0656197954989547,
0.0678736691292116,0.0802627571038131,0.0847930546212157,0.0966460232407546,
0.100747346021431,0.1032072588041,0.115627207791592,0.128405271562726,0.134806713064576,
0.138522964089939,0.141250939050839,0.1544564260543,0.161431005734843,0.164544085123258,
0.178009864649536,0.179616803577527,0.190345339459176),.UNSPECIFIED.);
#115=B_SPLINE_CURVE_WITH_KNOTS('',3,(#6626,#6627,#6628,#6629,#6630,#6631,
#6632,#6633,#6634,#6635,#6636,#6637,#6638,#6639,#6640,#6641,#6642,#6643,
#6644,#6645,#6646,#6647,#6648,#6649,#6650),.UNSPECIFIED.,.F.,.F.,(4,3,3,
3,3,3,3,3,4),(-22.7257373176434,-22.3246214383402,-21.3539857236297,-20.3833500089193,
-19.4127142942088,-18.4420785794984,-17.471442864788,-16.5008071500775,
-16.4425520104638),.UNSPECIFIED.);
#116=B_SPLINE_CURVE_WITH_KNOTS('',3,(#6775,#6776,#6777,#6778,#6779,#6780,
#6781,#6782,#6783,#6784,#6785,#6786,#6787,#6788,#6789,#6790,#6791,#6792,
#6793,#6794,#6795,#6796,#6797,#6798,#6799,#6800,#6801,#6802,#6803,#6804,
#6805,#6806,#6807,#6808,#6809,#6810,#6811,#6812,#6813,#6814,#6815,#6816,
#6817,#6818,#6819,#6820,#6821,#6822,#6823,#6824,#6825,#6826,#6827,#6828,
#6829,#6830,#6831,#6832,#6833,#6834,#6835,#6836,#6837,#6838,#6839,#6840,
#6841,#6842,#6843,#6844,#6845,#6846,#6847,#6848,#6849,#6850),
 .UNSPECIFIED.,.F.,.F.,(4,3,3,3,3,3,3,3,3,3,3,3,3,3,3,3,3,3,3,3,3,3,3,3,
3,4),(0.,0.0110147774504492,0.022336774946188,0.0301894269024302,0.0325210254954241,
0.0441961303194048,0.0557710260711345,0.0630265332086513,0.0656197843953127,
0.0678736502849649,0.0802627382420752,0.0847930546212015,0.0966460232407379,
0.100747346633164,0.103207259277257,0.115627210013766,0.128405275061489,
0.13480671612599,0.138522978143533,0.14125094276514,0.154456429965141,0.161431010542093,
0.164544088791635,0.178009868267438,0.179616803577492,0.190345339459127),
 .UNSPECIFIED.);
#117=B_SPLINE_CURVE_WITH_KNOTS('',3,(#6851,#6852,#6853,#6854,#6855,#6856,
#6857,#6858,#6859,#6860,#6861,#6862,#6863,#6864,#6865,#6866,#6867,#6868,
#6869,#6870,#6871,#6872,#6873,#6874,#6875),.UNSPECIFIED.,.F.,.F.,(4,3,3,
3,3,3,3,3,4),(20.160025962198,20.3833500089193,21.3539857236297,22.3246214383402,
23.2952571530506,24.265892867761,25.2365285824715,26.2071642971819,26.4432112693776),
 .UNSPECIFIED.);
#118=B_SPLINE_CURVE_WITH_KNOTS('',3,(#6876,#6877,#6878,#6879,#6880,#6881,
#6882,#6883,#6884,#6885,#6886,#6887,#6888,#6889,#6890,#6891,#6892,#6893,
#6894,#6895,#6896,#6897,#6898,#6899,#6900,#6901,#6902,#6903,#6904,#6905,
#6906,#6907,#6908,#6909,#6910,#6911,#6912,#6913,#6914,#6915,#6916,#6917,
#6918,#6919,#6920,#6921,#6922,#6923,#6924,#6925,#6926,#6927,#6928,#6929,
#6930,#6931,#6932,#6933,#6934,#6935,#6936,#6937,#6938,#6939,#6940,#6941,
#6942,#6943,#6944,#6945,#6946,#6947,#6948,#6949,#6950,#6951),
 .UNSPECIFIED.,.F.,.F.,(4,3,3,3,3,3,3,3,3,3,3,3,3,3,3,3,3,3,3,3,3,3,3,3,
3,4),(0.,0.0133255251688957,0.0267789490604828,0.0354913909248618,0.0387011999463876,
0.0412217569036258,0.0542457697170976,0.0669425033695439,0.0743264985210367,
0.0771131205009392,0.0797715010107408,0.09204313383449,0.096478483975515,
0.107260435207067,0.113243972916934,0.115645751995554,0.127822935221267,
0.139892539911904,0.145802367630004,0.14854135933805,0.160137359466871,
0.167507543884326,0.17025058985891,0.181368260834046,0.182734093827931,
0.191341112058183),.UNSPECIFIED.);
#119=SHAPE_REPRESENTATION_RELATIONSHIP('SRR','None',#6978,#121);
#120=SHAPE_REPRESENTATION_RELATIONSHIP('SRR','None',#6977,#122);
#121=ADVANCED_BREP_SHAPE_REPRESENTATION('',(#128),#6966);
#122=ADVANCED_BREP_SHAPE_REPRESENTATION('',(#129,#130,#131,#132),#6965);
#123=STYLED_ITEM('',(#6992),#128);
#124=STYLED_ITEM('',(#6991),#129);
#125=STYLED_ITEM('',(#6991),#130);
#126=STYLED_ITEM('',(#6991),#131);
#127=STYLED_ITEM('',(#6991),#132);
#128=MANIFOLD_SOLID_BREP('Body1',#2261);
#129=MANIFOLD_SOLID_BREP('Body1',#2262);
#130=MANIFOLD_SOLID_BREP('Body4',#2263);
#131=MANIFOLD_SOLID_BREP('Body3',#2264);
#132=MANIFOLD_SOLID_BREP('Body2',#2265);
#133=CONICAL_SURFACE('',#2364,1.8,0.785398163397449);
#134=CONICAL_SURFACE('',#2365,1.8,0.785398163397448);
#135=CONICAL_SURFACE('',#2368,1.8,0.785398163397448);
#136=CONICAL_SURFACE('',#2369,1.8,0.785398163397449);
#137=CONICAL_SURFACE('',#2372,5.8,0.78539816339745);
#138=CONICAL_SURFACE('',#2373,5.8,0.785398163397448);
#139=CONICAL_SURFACE('',#2376,5.8,0.785398163397449);
#140=CONICAL_SURFACE('',#2377,5.8,0.785398163397448);
#141=CONICAL_SURFACE('',#2409,4.8,0.785398163397448);
#142=CONICAL_SURFACE('',#2410,4.8,0.78539816339745);
#143=CONICAL_SURFACE('',#2413,4.8,0.785398163397448);
#144=CONICAL_SURFACE('',#2414,4.8,0.78539816339745);
#145=FACE_BOUND('',#352,.T.);
#146=FACE_BOUND('',#356,.T.);
#147=FACE_BOUND('',#360,.T.);
#148=FACE_BOUND('',#364,.T.);
#149=FACE_BOUND('',#366,.T.);
#150=FACE_BOUND('',#367,.T.);
#151=FACE_BOUND('',#368,.T.);
#152=FACE_BOUND('',#369,.T.);
#153=FACE_BOUND('',#370,.T.);
#154=FACE_BOUND('',#384,.T.);
#155=FACE_BOUND('',#386,.T.);
#156=FACE_BOUND('',#428,.T.);
#157=FACE_BOUND('',#449,.T.);
#158=FACE_BOUND('',#453,.T.);
#159=FACE_BOUND('',#466,.T.);
#160=FACE_BOUND('',#470,.T.);
#161=FACE_BOUND('',#483,.T.);
#162=FACE_BOUND('',#487,.T.);
#163=FACE_BOUND('',#500,.T.);
#164=FACE_BOUND('',#504,.T.);
#165=PLANE('',#2286);
#166=PLANE('',#2293);
#167=PLANE('',#2300);
#168=PLANE('',#2307);
#169=PLANE('',#2308);
#170=PLANE('',#2317);
#171=PLANE('',#2321);
#172=PLANE('',#2325);
#173=PLANE('',#2329);
#174=PLANE('',#2330);
#175=PLANE('',#2331);
#176=PLANE('',#2332);
#177=PLANE('',#2333);
#178=PLANE('',#2337);
#179=PLANE('',#2346);
#180=PLANE('',#2351);
#181=PLANE('',#2352);
#182=PLANE('',#2353);
#183=PLANE('',#2354);
#184=PLANE('',#2363);
#185=PLANE('',#2366);
#186=PLANE('',#2367);
#187=PLANE('',#2370);
#188=PLANE('',#2371);
#189=PLANE('',#2374);
#190=PLANE('',#2375);
#191=PLANE('',#2378);
#192=PLANE('',#2381);
#193=PLANE('',#2384);
#194=PLANE('',#2387);
#195=PLANE('',#2392);
#196=PLANE('',#2395);
#197=PLANE('',#2398);
#198=PLANE('',#2401);
#199=PLANE('',#2402);
#200=PLANE('',#2403);
#201=PLANE('',#2408);
#202=PLANE('',#2411);
#203=PLANE('',#2412);
#204=PLANE('',#2415);
#205=PLANE('',#2429);
#206=PLANE('',#2434);
#207=PLANE('',#2448);
#208=PLANE('',#2453);
#209=PLANE('',#2467);
#210=PLANE('',#2472);
#211=PLANE('',#2486);
#212=PLANE('',#2491);
#213=FACE_OUTER_BOUND('',#349,.T.);
#214=FACE_OUTER_BOUND('',#350,.T.);
#215=FACE_OUTER_BOUND('',#351,.T.);
#216=FACE_OUTER_BOUND('',#353,.T.);
#217=FACE_OUTER_BOUND('',#354,.T.);
#218=FACE_OUTER_BOUND('',#355,.T.);
#219=FACE_OUTER_BOUND('',#357,.T.);
#220=FACE_OUTER_BOUND('',#358,.T.);
#221=FACE_OUTER_BOUND('',#359,.T.);
#222=FACE_OUTER_BOUND('',#361,.T.);
#223=FACE_OUTER_BOUND('',#362,.T.);
#224=FACE_OUTER_BOUND('',#363,.T.);
#225=FACE_OUTER_BOUND('',#365,.T.);
#226=FACE_OUTER_BOUND('',#371,.T.);
#227=FACE_OUTER_BOUND('',#372,.T.);
#228=FACE_OUTER_BOUND('',#373,.T.);
#229=FACE_OUTER_BOUND('',#374,.T.);
#230=FACE_OUTER_BOUND('',#375,.T.);
#231=FACE_OUTER_BOUND('',#376,.T.);
#232=FACE_OUTER_BOUND('',#377,.T.);
#233=FACE_OUTER_BOUND('',#378,.T.);
#234=FACE_OUTER_BOUND('',#379,.T.);
#235=FACE_OUTER_BOUND('',#380,.T.);
#236=FACE_OUTER_BOUND('',#381,.T.);
#237=FACE_OUTER_BOUND('',#382,.T.);
#238=FACE_OUTER_BOUND('',#383,.T.);
#239=FACE_OUTER_BOUND('',#385,.T.);
#240=FACE_OUTER_BOUND('',#387,.T.);
#241=FACE_OUTER_BOUND('',#388,.T.);
#242=FACE_OUTER_BOUND('',#389,.T.);
#243=FACE_OUTER_BOUND('',#390,.T.);
#244=FACE_OUTER_BOUND('',#391,.T.);
#245=FACE_OUTER_BOUND('',#392,.T.);
#246=FACE_OUTER_BOUND('',#393,.T.);
#247=FACE_OUTER_BOUND('',#394,.T.);
#248=FACE_OUTER_BOUND('',#395,.T.);
#249=FACE_OUTER_BOUND('',#396,.T.);
#250=FACE_OUTER_BOUND('',#397,.T.);
#251=FACE_OUTER_BOUND('',#398,.T.);
#252=FACE_OUTER_BOUND('',#399,.T.);
#253=FACE_OUTER_BOUND('',#400,.T.);
#254=FACE_OUTER_BOUND('',#401,.T.);
#255=FACE_OUTER_BOUND('',#402,.T.);
#256=FACE_OUTER_BOUND('',#403,.T.);
#257=FACE_OUTER_BOUND('',#404,.T.);
#258=FACE_OUTER_BOUND('',#405,.T.);
#259=FACE_OUTER_BOUND('',#406,.T.);
#260=FACE_OUTER_BOUND('',#407,.T.);
#261=FACE_OUTER_BOUND('',#408,.T.);
#262=FACE_OUTER_BOUND('',#409,.T.);
#263=FACE_OUTER_BOUND('',#410,.T.);
#264=FACE_OUTER_BOUND('',#411,.T.);
#265=FACE_OUTER_BOUND('',#412,.T.);
#266=FACE_OUTER_BOUND('',#413,.T.);
#267=FACE_OUTER_BOUND('',#414,.T.);
#268=FACE_OUTER_BOUND('',#415,.T.);
#269=FACE_OUTER_BOUND('',#416,.T.);
#270=FACE_OUTER_BOUND('',#417,.T.);
#271=FACE_OUTER_BOUND('',#418,.T.);
#272=FACE_OUTER_BOUND('',#419,.T.);
#273=FACE_OUTER_BOUND('',#420,.T.);
#274=FACE_OUTER_BOUND('',#421,.T.);
#275=FACE_OUTER_BOUND('',#422,.T.);
#276=FACE_OUTER_BOUND('',#423,.T.);
#277=FACE_OUTER_BOUND('',#424,.T.);
#278=FACE_OUTER_BOUND('',#425,.T.);
#279=FACE_OUTER_BOUND('',#426,.T.);
#280=FACE_OUTER_BOUND('',#427,.T.);
#281=FACE_OUTER_BOUND('',#429,.T.);
#282=FACE_OUTER_BOUND('',#430,.T.);
#283=FACE_OUTER_BOUND('',#431,.T.);
#284=FACE_OUTER_BOUND('',#432,.T.);
#285=FACE_OUTER_BOUND('',#433,.T.);
#286=FACE_OUTER_BOUND('',#434,.T.);
#287=FACE_OUTER_BOUND('',#435,.T.);
#288=FACE_OUTER_BOUND('',#436,.T.);
#289=FACE_OUTER_BOUND('',#437,.T.);
#290=FACE_OUTER_BOUND('',#438,.T.);
#291=FACE_OUTER_BOUND('',#439,.T.);
#292=FACE_OUTER_BOUND('',#440,.T.);
#293=FACE_OUTER_BOUND('',#441,.T.);
#294=FACE_OUTER_BOUND('',#442,.T.);
#295=FACE_OUTER_BOUND('',#443,.T.);
#296=FACE_OUTER_BOUND('',#444,.T.);
#297=FACE_OUTER_BOUND('',#445,.T.);
#298=FACE_OUTER_BOUND('',#446,.T.);
#299=FACE_OUTER_BOUND('',#447,.T.);
#300=FACE_OUTER_BOUND('',#448,.T.);
#301=FACE_OUTER_BOUND('',#450,.T.);
#302=FACE_OUTER_BOUND('',#451,.T.);
#303=FACE_OUTER_BOUND('',#452,.T.);
#304=FACE_OUTER_BOUND('',#454,.T.);
#305=FACE_OUTER_BOUND('',#455,.T.);
#306=FACE_OUTER_BOUND('',#456,.T.);
#307=FACE_OUTER_BOUND('',#457,.T.);
#308=FACE_OUTER_BOUND('',#458,.T.);
#309=FACE_OUTER_BOUND('',#459,.T.);
#310=FACE_OUTER_BOUND('',#460,.T.);
#311=FACE_OUTER_BOUND('',#461,.T.);
#312=FACE_OUTER_BOUND('',#462,.T.);
#313=FACE_OUTER_BOUND('',#463,.T.);
#314=FACE_OUTER_BOUND('',#464,.T.);
#315=FACE_OUTER_BOUND('',#465,.T.);
#316=FACE_OUTER_BOUND('',#467,.T.);
#317=FACE_OUTER_BOUND('',#468,.T.);
#318=FACE_OUTER_BOUND('',#469,.T.);
#319=FACE_OUTER_BOUND('',#471,.T.);
#320=FACE_OUTER_BOUND('',#472,.T.);
#321=FACE_OUTER_BOUND('',#473,.T.);
#322=FACE_OUTER_BOUND('',#474,.T.);
#323=FACE_OUTER_BOUND('',#475,.T.);
#324=FACE_OUTER_BOUND('',#476,.T.);
#325=FACE_OUTER_BOUND('',#477,.T.);
#326=FACE_OUTER_BOUND('',#478,.T.);
#327=FACE_OUTER_BOUND('',#479,.T.);
#328=FACE_OUTER_BOUND('',#480,.T.);
#329=FACE_OUTER_BOUND('',#481,.T.);
#330=FACE_OUTER_BOUND('',#482,.T.);
#331=FACE_OUTER_BOUND('',#484,.T.);
#332=FACE_OUTER_BOUND('',#485,.T.);
#333=FACE_OUTER_BOUND('',#486,.T.);
#334=FACE_OUTER_BOUND('',#488,.T.);
#335=FACE_OUTER_BOUND('',#489,.T.);
#336=FACE_OUTER_BOUND('',#490,.T.);
#337=FACE_OUTER_BOUND('',#491,.T.);
#338=FACE_OUTER_BOUND('',#492,.T.);
#339=FACE_OUTER_BOUND('',#493,.T.);
#340=FACE_OUTER_BOUND('',#494,.T.);
#341=FACE_OUTER_BOUND('',#495,.T.);
#342=FACE_OUTER_BOUND('',#496,.T.);
#343=FACE_OUTER_BOUND('',#497,.T.);
#344=FACE_OUTER_BOUND('',#498,.T.);
#345=FACE_OUTER_BOUND('',#499,.T.);
#346=FACE_OUTER_BOUND('',#501,.T.);
#347=FACE_OUTER_BOUND('',#502,.T.);
#348=FACE_OUTER_BOUND('',#503,.T.);
#349=EDGE_LOOP('',(#1409,#1410,#1411,#1412));
#350=EDGE_LOOP('',(#1413,#1414,#1415,#1416));
#351=EDGE_LOOP('',(#1417));
#352=EDGE_LOOP('',(#1418));
#353=EDGE_LOOP('',(#1419,#1420,#1421,#1422));
#354=EDGE_LOOP('',(#1423,#1424,#1425,#1426));
#355=EDGE_LOOP('',(#1427));
#356=EDGE_LOOP('',(#1428));
#357=EDGE_LOOP('',(#1429,#1430,#1431,#1432));
#358=EDGE_LOOP('',(#1433,#1434,#1435,#1436));
#359=EDGE_LOOP('',(#1437));
#360=EDGE_LOOP('',(#1438));
#361=EDGE_LOOP('',(#1439,#1440,#1441,#1442));
#362=EDGE_LOOP('',(#1443,#1444,#1445,#1446));
#363=EDGE_LOOP('',(#1447));
#364=EDGE_LOOP('',(#1448));
#365=EDGE_LOOP('',(#1449,#1450,#1451,#1452,#1453,#1454,#1455,#1456));
#366=EDGE_LOOP('',(#1457));
#367=EDGE_LOOP('',(#1458));
#368=EDGE_LOOP('',(#1459));
#369=EDGE_LOOP('',(#1460));
#370=EDGE_LOOP('',(#1461,#1462,#1463,#1464,#1465,#1466,#1467,#1468));
#371=EDGE_LOOP('',(#1469,#1470,#1471,#1472));
#372=EDGE_LOOP('',(#1473,#1474,#1475,#1476));
#373=EDGE_LOOP('',(#1477,#1478,#1479,#1480));
#374=EDGE_LOOP('',(#1481,#1482,#1483,#1484));
#375=EDGE_LOOP('',(#1485,#1486,#1487,#1488));
#376=EDGE_LOOP('',(#1489,#1490,#1491,#1492));
#377=EDGE_LOOP('',(#1493,#1494,#1495,#1496));
#378=EDGE_LOOP('',(#1497,#1498,#1499,#1500));
#379=EDGE_LOOP('',(#1501,#1502,#1503,#1504));
#380=EDGE_LOOP('',(#1505,#1506,#1507,#1508));
#381=EDGE_LOOP('',(#1509,#1510,#1511,#1512));
#382=EDGE_LOOP('',(#1513,#1514,#1515,#1516));
#383=EDGE_LOOP('',(#1517,#1518,#1519,#1520,#1521,#1522,#1523,#1524));
#384=EDGE_LOOP('',(#1525,#1526,#1527,#1528,#1529,#1530,#1531,#1532));
#385=EDGE_LOOP('',(#1533,#1534,#1535,#1536,#1537,#1538,#1539,#1540));
#386=EDGE_LOOP('',(#1541,#1542,#1543,#1544,#1545,#1546,#1547,#1548));
#387=EDGE_LOOP('',(#1549));
#388=EDGE_LOOP('',(#1550));
#389=EDGE_LOOP('',(#1551));
#390=EDGE_LOOP('',(#1552));
#391=EDGE_LOOP('',(#1553,#1554,#1555,#1556));
#392=EDGE_LOOP('',(#1557,#1558,#1559,#1560));
#393=EDGE_LOOP('',(#1561,#1562,#1563,#1564));
#394=EDGE_LOOP('',(#1565,#1566,#1567,#1568));
#395=EDGE_LOOP('',(#1569,#1570,#1571,#1572));
#396=EDGE_LOOP('',(#1573,#1574,#1575,#1576));
#397=EDGE_LOOP('',(#1577,#1578,#1579,#1580));
#398=EDGE_LOOP('',(#1581,#1582,#1583,#1584));
#399=EDGE_LOOP('',(#1585,#1586,#1587,#1588));
#400=EDGE_LOOP('',(#1589,#1590,#1591,#1592));
#401=EDGE_LOOP('',(#1593,#1594,#1595,#1596));
#402=EDGE_LOOP('',(#1597,#1598,#1599,#1600));
#403=EDGE_LOOP('',(#1601,#1602,#1603,#1604));
#404=EDGE_LOOP('',(#1605,#1606,#1607,#1608));
#405=EDGE_LOOP('',(#1609,#1610,#1611,#1612));
#406=EDGE_LOOP('',(#1613,#1614,#1615,#1616));
#407=EDGE_LOOP('',(#1617,#1618,#1619,#1620));
#408=EDGE_LOOP('',(#1621,#1622,#1623,#1624));
#409=EDGE_LOOP('',(#1625,#1626,#1627,#1628));
#410=EDGE_LOOP('',(#1629,#1630,#1631,#1632));
#411=EDGE_LOOP('',(#1633,#1634,#1635,#1636));
#412=EDGE_LOOP('',(#1637,#1638,#1639,#1640));
#413=EDGE_LOOP('',(#1641,#1642,#1643,#1644));
#414=EDGE_LOOP('',(#1645,#1646,#1647,#1648));
#415=EDGE_LOOP('',(#1649,#1650,#1651,#1652));
#416=EDGE_LOOP('',(#1653,#1654,#1655,#1656));
#417=EDGE_LOOP('',(#1657,#1658,#1659,#1660));
#418=EDGE_LOOP('',(#1661,#1662,#1663,#1664));
#419=EDGE_LOOP('',(#1665,#1666,#1667,#1668));
#420=EDGE_LOOP('',(#1669,#1670,#1671,#1672));
#421=EDGE_LOOP('',(#1673,#1674,#1675,#1676));
#422=EDGE_LOOP('',(#1677,#1678,#1679,#1680));
#423=EDGE_LOOP('',(#1681,#1682,#1683,#1684));
#424=EDGE_LOOP('',(#1685,#1686,#1687,#1688));
#425=EDGE_LOOP('',(#1689,#1690,#1691,#1692));
#426=EDGE_LOOP('',(#1693,#1694,#1695,#1696));
#427=EDGE_LOOP('',(#1697,#1698,#1699,#1700,#1701,#1702,#1703,#1704));
#428=EDGE_LOOP('',(#1705,#1706,#1707,#1708,#1709,#1710,#1711,#1712));
#429=EDGE_LOOP('',(#1713,#1714,#1715,#1716));
#430=EDGE_LOOP('',(#1717,#1718,#1719,#1720));
#431=EDGE_LOOP('',(#1721,#1722,#1723,#1724));
#432=EDGE_LOOP('',(#1725,#1726,#1727,#1728));
#433=EDGE_LOOP('',(#1729,#1730,#1731,#1732));
#434=EDGE_LOOP('',(#1733,#1734,#1735,#1736));
#435=EDGE_LOOP('',(#1737,#1738,#1739,#1740));
#436=EDGE_LOOP('',(#1741,#1742,#1743,#1744));
#437=EDGE_LOOP('',(#1745,#1746,#1747,#1748));
#438=EDGE_LOOP('',(#1749,#1750,#1751,#1752));
#439=EDGE_LOOP('',(#1753,#1754,#1755,#1756));
#440=EDGE_LOOP('',(#1757,#1758,#1759,#1760));
#441=EDGE_LOOP('',(#1761,#1762,#1763,#1764));
#442=EDGE_LOOP('',(#1765,#1766,#1767,#1768));
#443=EDGE_LOOP('',(#1769,#1770,#1771,#1772));
#444=EDGE_LOOP('',(#1773,#1774,#1775,#1776));
#445=EDGE_LOOP('',(#1777,#1778,#1779,#1780));
#446=EDGE_LOOP('',(#1781,#1782,#1783,#1784,#1785,#1786,#1787,#1788,#1789,
#1790,#1791,#1792));
#447=EDGE_LOOP('',(#1793,#1794,#1795,#1796,#1797,#1798,#1799,#1800,#1801,
#1802,#1803,#1804));
#448=EDGE_LOOP('',(#1805));
#449=EDGE_LOOP('',(#1806,#1807,#1808,#1809));
#450=EDGE_LOOP('',(#1810,#1811,#1812,#1813));
#451=EDGE_LOOP('',(#1814,#1815,#1816,#1817));
#452=EDGE_LOOP('',(#1818));
#453=EDGE_LOOP('',(#1819,#1820,#1821,#1822));
#454=EDGE_LOOP('',(#1823,#1824,#1825,#1826));
#455=EDGE_LOOP('',(#1827,#1828,#1829,#1830));
#456=EDGE_LOOP('',(#1831,#1832,#1833,#1834));
#457=EDGE_LOOP('',(#1835,#1836,#1837,#1838));
#458=EDGE_LOOP('',(#1839,#1840,#1841,#1842));
#459=EDGE_LOOP('',(#1843,#1844,#1845,#1846));
#460=EDGE_LOOP('',(#1847,#1848,#1849,#1850));
#461=EDGE_LOOP('',(#1851,#1852,#1853,#1854));
#462=EDGE_LOOP('',(#1855,#1856,#1857,#1858));
#463=EDGE_LOOP('',(#1859,#1860,#1861,#1862,#1863,#1864,#1865,#1866,#1867,
#1868,#1869,#1870));
#464=EDGE_LOOP('',(#1871,#1872,#1873,#1874,#1875,#1876,#1877,#1878,#1879,
#1880,#1881,#1882));
#465=EDGE_LOOP('',(#1883));
#466=EDGE_LOOP('',(#1884,#1885,#1886,#1887));
#467=EDGE_LOOP('',(#1888,#1889,#1890,#1891));
#468=EDGE_LOOP('',(#1892,#1893,#1894,#1895));
#469=EDGE_LOOP('',(#1896));
#470=EDGE_LOOP('',(#1897,#1898,#1899,#1900));
#471=EDGE_LOOP('',(#1901,#1902,#1903,#1904));
#472=EDGE_LOOP('',(#1905,#1906,#1907,#1908));
#473=EDGE_LOOP('',(#1909,#1910,#1911,#1912));
#474=EDGE_LOOP('',(#1913,#1914,#1915,#1916));
#475=EDGE_LOOP('',(#1917,#1918,#1919,#1920));
#476=EDGE_LOOP('',(#1921,#1922,#1923,#1924));
#477=EDGE_LOOP('',(#1925,#1926,#1927,#1928));
#478=EDGE_LOOP('',(#1929,#1930,#1931,#1932));
#479=EDGE_LOOP('',(#1933,#1934,#1935,#1936));
#480=EDGE_LOOP('',(#1937,#1938,#1939,#1940,#1941,#1942,#1943,#1944,#1945,
#1946,#1947,#1948));
#481=EDGE_LOOP('',(#1949,#1950,#1951,#1952,#1953,#1954,#1955,#1956,#1957,
#1958,#1959,#1960));
#482=EDGE_LOOP('',(#1961));
#483=EDGE_LOOP('',(#1962,#1963,#1964,#1965));
#484=EDGE_LOOP('',(#1966,#1967,#1968,#1969));
#485=EDGE_LOOP('',(#1970,#1971,#1972,#1973));
#486=EDGE_LOOP('',(#1974));
#487=EDGE_LOOP('',(#1975,#1976,#1977,#1978));
#488=EDGE_LOOP('',(#1979,#1980,#1981,#1982));
#489=EDGE_LOOP('',(#1983,#1984,#1985,#1986));
#490=EDGE_LOOP('',(#1987,#1988,#1989,#1990));
#491=EDGE_LOOP('',(#1991,#1992,#1993,#1994));
#492=EDGE_LOOP('',(#1995,#1996,#1997,#1998));
#493=EDGE_LOOP('',(#1999,#2000,#2001,#2002));
#494=EDGE_LOOP('',(#2003,#2004,#2005,#2006));
#495=EDGE_LOOP('',(#2007,#2008,#2009,#2010));
#496=EDGE_LOOP('',(#2011,#2012,#2013,#2014));
#497=EDGE_LOOP('',(#2015,#2016,#2017,#2018,#2019,#2020,#2021,#2022,#2023,
#2024,#2025,#2026));
#498=EDGE_LOOP('',(#2027,#2028,#2029,#2030,#2031,#2032,#2033,#2034,#2035,
#2036,#2037,#2038));
#499=EDGE_LOOP('',(#2039));
#500=EDGE_LOOP('',(#2040,#2041,#2042,#2043));
#501=EDGE_LOOP('',(#2044,#2045,#2046,#2047));
#502=EDGE_LOOP('',(#2048,#2049,#2050,#2051));
#503=EDGE_LOOP('',(#2052));
#504=EDGE_LOOP('',(#2053,#2054,#2055,#2056));
#505=LINE('',#3073,#649);
#506=LINE('',#3079,#650);
#507=LINE('',#3086,#651);
#508=LINE('',#3092,#652);
#509=LINE('',#3099,#653);
#510=LINE('',#3105,#654);
#511=LINE('',#3112,#655);
#512=LINE('',#3118,#656);
#513=LINE('',#3126,#657);
#514=LINE('',#3130,#658);
#515=LINE('',#3134,#659);
#516=LINE('',#3137,#660);
#517=LINE('',#3140,#661);
#518=LINE('',#3144,#662);
#519=LINE('',#3148,#663);
#520=LINE('',#3152,#664);
#521=LINE('',#3157,#665);
#522=LINE('',#3159,#666);
#523=LINE('',#3161,#667);
#524=LINE('',#3162,#668);
#525=LINE('',#3167,#669);
#526=LINE('',#3171,#670);
#527=LINE('',#3173,#671);
#528=LINE('',#3174,#672);
#529=LINE('',#3179,#673);
#530=LINE('',#3183,#674);
#531=LINE('',#3185,#675);
#532=LINE('',#3186,#676);
#533=LINE('',#3191,#677);
#534=LINE('',#3195,#678);
#535=LINE('',#3197,#679);
#536=LINE('',#3198,#680);
#537=LINE('',#3201,#681);
#538=LINE('',#3203,#682);
#539=LINE('',#3204,#683);
#540=LINE('',#3207,#684);
#541=LINE('',#3209,#685);
#542=LINE('',#3210,#686);
#543=LINE('',#3213,#687);
#544=LINE('',#3215,#688);
#545=LINE('',#3216,#689);
#546=LINE('',#3219,#690);
#547=LINE('',#3221,#691);
#548=LINE('',#3222,#692);
#549=LINE('',#3231,#693);
#550=LINE('',#3235,#694);
#551=LINE('',#3239,#695);
#552=LINE('',#3242,#696);
#553=LINE('',#3245,#697);
#554=LINE('',#3249,#698);
#555=LINE('',#3253,#699);
#556=LINE('',#3257,#700);
#557=LINE('',#3264,#701);
#558=LINE('',#3268,#702);
#559=LINE('',#3272,#703);
#560=LINE('',#3275,#704);
#561=LINE('',#3289,#705);
#562=LINE('',#3290,#706);
#563=LINE('',#3292,#707);
#564=LINE('',#3294,#708);
#565=LINE('',#3296,#709);
#566=LINE('',#3298,#710);
#567=LINE('',#3300,#711);
#568=LINE('',#3302,#712);
#569=LINE('',#3305,#713);
#570=LINE('',#3306,#714);
#571=LINE('',#3308,#715);
#572=LINE('',#3310,#716);
#573=LINE('',#3312,#717);
#574=LINE('',#3314,#718);
#575=LINE('',#3316,#719);
#576=LINE('',#3318,#720);
#577=LINE('',#3322,#721);
#578=LINE('',#3325,#722);
#579=LINE('',#3328,#723);
#580=LINE('',#3329,#724);
#581=LINE('',#3333,#725);
#582=LINE('',#3336,#726);
#583=LINE('',#3337,#727);
#584=LINE('',#3341,#728);
#585=LINE('',#3344,#729);
#586=LINE('',#3345,#730);
#587=LINE('',#3349,#731);
#588=LINE('',#3352,#732);
#589=LINE('',#3355,#733);
#590=LINE('',#3358,#734);
#591=LINE('',#3359,#735);
#592=LINE('',#3363,#736);
#593=LINE('',#3366,#737);
#594=LINE('',#3367,#738);
#595=LINE('',#3371,#739);
#596=LINE('',#3374,#740);
#597=LINE('',#3375,#741);
#598=LINE('',#3379,#742);
#599=LINE('',#3381,#743);
#600=LINE('',#3383,#744);
#601=LINE('',#3389,#745);
#602=LINE('',#3393,#746);
#603=LINE('',#3397,#747);
#604=LINE('',#3400,#748);
#605=LINE('',#3402,#749);
#606=LINE('',#3403,#750);
#607=LINE('',#3405,#751);
#608=LINE('',#3407,#752);
#609=LINE('',#3409,#753);
#610=LINE('',#3411,#754);
#611=LINE('',#3413,#755);
#612=LINE('',#3415,#756);
#613=LINE('',#3420,#757);
#614=LINE('',#3459,#758);
#615=LINE('',#3513,#759);
#616=LINE('',#3561,#760);
#617=LINE('',#3582,#761);
#618=LINE('',#3606,#762);
#619=LINE('',#3631,#763);
#620=LINE('',#3656,#764);
#621=LINE('',#4301,#765);
#622=LINE('',#4306,#766);
#623=LINE('',#4345,#767);
#624=LINE('',#4399,#768);
#625=LINE('',#4447,#769);
#626=LINE('',#4468,#770);
#627=LINE('',#4492,#771);
#628=LINE('',#4517,#772);
#629=LINE('',#4542,#773);
#630=LINE('',#5187,#774);
#631=LINE('',#5192,#775);
#632=LINE('',#5231,#776);
#633=LINE('',#5285,#777);
#634=LINE('',#5333,#778);
#635=LINE('',#5354,#779);
#636=LINE('',#5378,#780);
#637=LINE('',#5403,#781);
#638=LINE('',#5428,#782);
#639=LINE('',#6073,#783);
#640=LINE('',#6078,#784);
#641=LINE('',#6117,#785);
#642=LINE('',#6171,#786);
#643=LINE('',#6219,#787);
#644=LINE('',#6240,#788);
#645=LINE('',#6264,#789);
#646=LINE('',#6289,#790);
#647=LINE('',#6314,#791);
#648=LINE('',#6959,#792);
#649=VECTOR('',#2501,1.1);
#650=VECTOR('',#2508,1.9);
#651=VECTOR('',#2517,1.1);
#652=VECTOR('',#2524,1.9);
#653=VECTOR('',#2533,1.1);
#654=VECTOR('',#2540,1.9);
#655=VECTOR('',#2549,1.1);
#656=VECTOR('',#2556,1.9);
#657=VECTOR('',#2565,1000.);
#658=VECTOR('',#2568,1000.);
#659=VECTOR('',#2571,1000.);
#660=VECTOR('',#2574,1000.);
#661=VECTOR('',#2575,1000.);
#662=VECTOR('',#2578,1000.);
#663=VECTOR('',#2581,1000.);
#664=VECTOR('',#2584,1000.);
#665=VECTOR('',#2589,1000.);
#666=VECTOR('',#2590,1000.);
#667=VECTOR('',#2591,1000.);
#668=VECTOR('',#2592,1000.);
#669=VECTOR('',#2597,1000.);
#670=VECTOR('',#2602,1000.);
#671=VECTOR('',#2603,1000.);
#672=VECTOR('',#2604,1000.);
#673=VECTOR('',#2609,1000.);
#674=VECTOR('',#2614,1000.);
#675=VECTOR('',#2615,1000.);
#676=VECTOR('',#2616,1000.);
#677=VECTOR('',#2621,1000.);
#678=VECTOR('',#2626,1000.);
#679=VECTOR('',#2627,1000.);
#680=VECTOR('',#2628,1000.);
#681=VECTOR('',#2631,1000.);
#682=VECTOR('',#2632,1000.);
#683=VECTOR('',#2633,1000.);
#684=VECTOR('',#2636,1000.);
#685=VECTOR('',#2637,1000.);
#686=VECTOR('',#2638,1000.);
#687=VECTOR('',#2641,1000.);
#688=VECTOR('',#2642,1000.);
#689=VECTOR('',#2643,1000.);
#690=VECTOR('',#2646,1000.);
#691=VECTOR('',#2647,1000.);
#692=VECTOR('',#2648,1000.);
#693=VECTOR('',#2659,1000.);
#694=VECTOR('',#2662,1000.);
#695=VECTOR('',#2665,1000.);
#696=VECTOR('',#2668,1000.);
#697=VECTOR('',#2669,1000.);
#698=VECTOR('',#2672,1000.);
#699=VECTOR('',#2675,1000.);
#700=VECTOR('',#2678,1000.);
#701=VECTOR('',#2685,1000.);
#702=VECTOR('',#2688,1000.);
#703=VECTOR('',#2691,1000.);
#704=VECTOR('',#2694,1000.);
#705=VECTOR('',#2721,1000.);
#706=VECTOR('',#2722,1000.);
#707=VECTOR('',#2725,1000.);
#708=VECTOR('',#2728,1000.);
#709=VECTOR('',#2731,1000.);
#710=VECTOR('',#2734,1000.);
#711=VECTOR('',#2737,1000.);
#712=VECTOR('',#2740,1000.);
#713=VECTOR('',#2745,1000.);
#714=VECTOR('',#2746,1000.);
#715=VECTOR('',#2749,1000.);
#716=VECTOR('',#2752,1000.);
#717=VECTOR('',#2755,1000.);
#718=VECTOR('',#2758,1000.);
#719=VECTOR('',#2761,1000.);
#720=VECTOR('',#2764,1000.);
#721=VECTOR('',#2769,1000.);
#722=VECTOR('',#2772,1000.);
#723=VECTOR('',#2775,1000.);
#724=VECTOR('',#2776,1000.);
#725=VECTOR('',#2781,1000.);
#726=VECTOR('',#2784,1000.);
#727=VECTOR('',#2785,1000.);
#728=VECTOR('',#2790,1000.);
#729=VECTOR('',#2793,1000.);
#730=VECTOR('',#2794,1000.);
#731=VECTOR('',#2799,1000.);
#732=VECTOR('',#2802,1000.);
#733=VECTOR('',#2805,1000.);
#734=VECTOR('',#2808,1000.);
#735=VECTOR('',#2809,1000.);
#736=VECTOR('',#2814,1000.);
#737=VECTOR('',#2817,1000.);
#738=VECTOR('',#2818,1000.);
#739=VECTOR('',#2823,1000.);
#740=VECTOR('',#2826,1000.);
#741=VECTOR('',#2827,1000.);
#742=VECTOR('',#2832,1000.);
#743=VECTOR('',#2835,1000.);
#744=VECTOR('',#2838,1000.);
#745=VECTOR('',#2843,1000.);
#746=VECTOR('',#2846,1000.);
#747=VECTOR('',#2849,1000.);
#748=VECTOR('',#2852,1000.);
#749=VECTOR('',#2855,1000.);
#750=VECTOR('',#2856,1000.);
#751=VECTOR('',#2859,1000.);
#752=VECTOR('',#2862,1000.);
#753=VECTOR('',#2865,1000.);
#754=VECTOR('',#2868,1000.);
#755=VECTOR('',#2871,1000.);
#756=VECTOR('',#2874,1000.);
#757=VECTOR('',#2879,1.09);
#758=VECTOR('',#2884,1.09);
#759=VECTOR('',#2887,1.09);
#760=VECTOR('',#2890,1.09);
#761=VECTOR('',#2895,1.037);
#762=VECTOR('',#2900,1.037);
#763=VECTOR('',#2903,1.037);
#764=VECTOR('',#2906,1.037);
#765=VECTOR('',#2921,1.7);
#766=VECTOR('',#2926,1.09);
#767=VECTOR('',#2931,1.09);
#768=VECTOR('',#2934,1.09);
#769=VECTOR('',#2937,1.09);
#770=VECTOR('',#2942,1.037);
#771=VECTOR('',#2947,1.037);
#772=VECTOR('',#2950,1.037);
#773=VECTOR('',#2953,1.037);
#774=VECTOR('',#2968,1.7);
#775=VECTOR('',#2973,1.09);
#776=VECTOR('',#2978,1.09);
#777=VECTOR('',#2981,1.09);
#778=VECTOR('',#2984,1.09);
#779=VECTOR('',#2989,1.037);
#780=VECTOR('',#2994,1.037);
#781=VECTOR('',#2997,1.037);
#782=VECTOR('',#3000,1.037);
#783=VECTOR('',#3015,1.7);
#784=VECTOR('',#3020,1.09);
#785=VECTOR('',#3025,1.09);
#786=VECTOR('',#3028,1.09);
#787=VECTOR('',#3031,1.09);
#788=VECTOR('',#3036,1.037);
#789=VECTOR('',#3041,1.037);
#790=VECTOR('',#3044,1.037);
#791=VECTOR('',#3047,1.037);
#792=VECTOR('',#3062,1.7);
#793=CIRCLE('',#2281,1.1);
#794=CIRCLE('',#2282,1.1);
#795=CIRCLE('',#2284,1.9);
#796=CIRCLE('',#2285,1.9);
#797=CIRCLE('',#2288,1.1);
#798=CIRCLE('',#2289,1.1);
#799=CIRCLE('',#2291,1.9);
#800=CIRCLE('',#2292,1.9);
#801=CIRCLE('',#2295,1.1);
#802=CIRCLE('',#2296,1.1);
#803=CIRCLE('',#2298,1.9);
#804=CIRCLE('',#2299,1.9);
#805=CIRCLE('',#2302,1.1);
#806=CIRCLE('',#2303,1.1);
#807=CIRCLE('',#2305,1.9);
#808=CIRCLE('',#2306,1.9);
#809=CIRCLE('',#2309,3.8);
#810=CIRCLE('',#2310,3.8);
#811=CIRCLE('',#2311,3.8);
#812=CIRCLE('',#2312,3.8);
#813=CIRCLE('',#2313,1.);
#814=CIRCLE('',#2314,1.);
#815=CIRCLE('',#2315,1.);
#816=CIRCLE('',#2316,1.);
#817=CIRCLE('',#2319,5.8);
#818=CIRCLE('',#2320,5.8);
#819=CIRCLE('',#2323,5.8);
#820=CIRCLE('',#2324,5.8);
#821=CIRCLE('',#2327,5.8);
#822=CIRCLE('',#2328,5.8);
#823=CIRCLE('',#2335,5.8);
#824=CIRCLE('',#2336,5.8);
#825=CIRCLE('',#2338,5.3);
#826=CIRCLE('',#2339,5.3);
#827=CIRCLE('',#2340,5.3);
#828=CIRCLE('',#2341,5.3);
#829=CIRCLE('',#2342,4.8);
#830=CIRCLE('',#2343,4.8);
#831=CIRCLE('',#2344,4.8);
#832=CIRCLE('',#2345,4.8);
#833=CIRCLE('',#2347,1.8);
#834=CIRCLE('',#2348,1.8);
#835=CIRCLE('',#2349,1.8);
#836=CIRCLE('',#2350,1.8);
#837=CIRCLE('',#2356,1.);
#838=CIRCLE('',#2358,1.);
#839=CIRCLE('',#2360,1.);
#840=CIRCLE('',#2362,1.);
#841=CIRCLE('',#2380,4.8);
#842=CIRCLE('',#2383,4.8);
#843=CIRCLE('',#2386,4.8);
#844=CIRCLE('',#2389,4.8);
#845=CIRCLE('',#2391,3.8);
#846=CIRCLE('',#2394,3.8);
#847=CIRCLE('',#2397,3.8);
#848=CIRCLE('',#2400,3.8);
#849=CIRCLE('',#2404,4.3);
#850=CIRCLE('',#2405,4.3);
#851=CIRCLE('',#2406,4.3);
#852=CIRCLE('',#2407,4.3);
#853=CIRCLE('',#2417,0.8115);
#854=CIRCLE('',#2421,0.8115);
#855=CIRCLE('',#2423,1.037);
#856=CIRCLE('',#2427,1.037);
#857=CIRCLE('',#2430,1.7);
#858=CIRCLE('',#2433,1.7);
#859=CIRCLE('',#2436,0.8115);
#860=CIRCLE('',#2440,0.8115);
#861=CIRCLE('',#2442,1.037);
#862=CIRCLE('',#2446,1.037);
#863=CIRCLE('',#2449,1.7);
#864=CIRCLE('',#2452,1.7);
#865=CIRCLE('',#2455,0.8115);
#866=CIRCLE('',#2459,0.8115);
#867=CIRCLE('',#2461,1.037);
#868=CIRCLE('',#2465,1.037);
#869=CIRCLE('',#2468,1.7);
#870=CIRCLE('',#2471,1.7);
#871=CIRCLE('',#2474,0.8115);
#872=CIRCLE('',#2478,0.8115);
#873=CIRCLE('',#2480,1.037);
#874=CIRCLE('',#2484,1.037);
#875=CIRCLE('',#2487,1.7);
#876=CIRCLE('',#2490,1.7);
#877=VERTEX_POINT('',#3070);
#878=VERTEX_POINT('',#3072);
#879=VERTEX_POINT('',#3076);
#880=VERTEX_POINT('',#3078);
#881=VERTEX_POINT('',#3083);
#882=VERTEX_POINT('',#3085);
#883=VERTEX_POINT('',#3089);
#884=VERTEX_POINT('',#3091);
#885=VERTEX_POINT('',#3096);
#886=VERTEX_POINT('',#3098);
#887=VERTEX_POINT('',#3102);
#888=VERTEX_POINT('',#3104);
#889=VERTEX_POINT('',#3109);
#890=VERTEX_POINT('',#3111);
#891=VERTEX_POINT('',#3115);
#892=VERTEX_POINT('',#3117);
#893=VERTEX_POINT('',#3122);
#894=VERTEX_POINT('',#3123);
#895=VERTEX_POINT('',#3125);
#896=VERTEX_POINT('',#3127);
#897=VERTEX_POINT('',#3129);
#898=VERTEX_POINT('',#3131);
#899=VERTEX_POINT('',#3133);
#900=VERTEX_POINT('',#3135);
#901=VERTEX_POINT('',#3138);
#902=VERTEX_POINT('',#3139);
#903=VERTEX_POINT('',#3141);
#904=VERTEX_POINT('',#3143);
#905=VERTEX_POINT('',#3145);
#906=VERTEX_POINT('',#3147);
#907=VERTEX_POINT('',#3149);
#908=VERTEX_POINT('',#3151);
#909=VERTEX_POINT('',#3155);
#910=VERTEX_POINT('',#3156);
#911=VERTEX_POINT('',#3158);
#912=VERTEX_POINT('',#3160);
#913=VERTEX_POINT('',#3164);
#914=VERTEX_POINT('',#3166);
#915=VERTEX_POINT('',#3170);
#916=VERTEX_POINT('',#3172);
#917=VERTEX_POINT('',#3176);
#918=VERTEX_POINT('',#3178);
#919=VERTEX_POINT('',#3182);
#920=VERTEX_POINT('',#3184);
#921=VERTEX_POINT('',#3188);
#922=VERTEX_POINT('',#3190);
#923=VERTEX_POINT('',#3194);
#924=VERTEX_POINT('',#3196);
#925=VERTEX_POINT('',#3200);
#926=VERTEX_POINT('',#3202);
#927=VERTEX_POINT('',#3206);
#928=VERTEX_POINT('',#3208);
#929=VERTEX_POINT('',#3212);
#930=VERTEX_POINT('',#3214);
#931=VERTEX_POINT('',#3218);
#932=VERTEX_POINT('',#3220);
#933=VERTEX_POINT('',#3227);
#934=VERTEX_POINT('',#3228);
#935=VERTEX_POINT('',#3230);
#936=VERTEX_POINT('',#3232);
#937=VERTEX_POINT('',#3234);
#938=VERTEX_POINT('',#3236);
#939=VERTEX_POINT('',#3238);
#940=VERTEX_POINT('',#3240);
#941=VERTEX_POINT('',#3243);
#942=VERTEX_POINT('',#3244);
#943=VERTEX_POINT('',#3246);
#944=VERTEX_POINT('',#3248);
#945=VERTEX_POINT('',#3250);
#946=VERTEX_POINT('',#3252);
#947=VERTEX_POINT('',#3254);
#948=VERTEX_POINT('',#3256);
#949=VERTEX_POINT('',#3260);
#950=VERTEX_POINT('',#3261);
#951=VERTEX_POINT('',#3263);
#952=VERTEX_POINT('',#3265);
#953=VERTEX_POINT('',#3267);
#954=VERTEX_POINT('',#3269);
#955=VERTEX_POINT('',#3271);
#956=VERTEX_POINT('',#3273);
#957=VERTEX_POINT('',#3321);
#958=VERTEX_POINT('',#3323);
#959=VERTEX_POINT('',#3327);
#960=VERTEX_POINT('',#3331);
#961=VERTEX_POINT('',#3335);
#962=VERTEX_POINT('',#3339);
#963=VERTEX_POINT('',#3343);
#964=VERTEX_POINT('',#3347);
#965=VERTEX_POINT('',#3351);
#966=VERTEX_POINT('',#3353);
#967=VERTEX_POINT('',#3357);
#968=VERTEX_POINT('',#3361);
#969=VERTEX_POINT('',#3365);
#970=VERTEX_POINT('',#3369);
#971=VERTEX_POINT('',#3373);
#972=VERTEX_POINT('',#3377);
#973=VERTEX_POINT('',#3385);
#974=VERTEX_POINT('',#3386);
#975=VERTEX_POINT('',#3388);
#976=VERTEX_POINT('',#3390);
#977=VERTEX_POINT('',#3392);
#978=VERTEX_POINT('',#3394);
#979=VERTEX_POINT('',#3396);
#980=VERTEX_POINT('',#3398);
#981=VERTEX_POINT('',#3418);
#982=VERTEX_POINT('',#3419);
#983=VERTEX_POINT('',#3421);
#984=VERTEX_POINT('',#3435);
#985=VERTEX_POINT('',#3457);
#986=VERTEX_POINT('',#3458);
#987=VERTEX_POINT('',#3511);
#988=VERTEX_POINT('',#3512);
#989=VERTEX_POINT('',#3559);
#990=VERTEX_POINT('',#3560);
#991=VERTEX_POINT('',#3562);
#992=VERTEX_POINT('',#3567);
#993=VERTEX_POINT('',#3580);
#994=VERTEX_POINT('',#3581);
#995=VERTEX_POINT('',#3583);
#996=VERTEX_POINT('',#3592);
#997=VERTEX_POINT('',#3604);
#998=VERTEX_POINT('',#3605);
#999=VERTEX_POINT('',#3629);
#1000=VERTEX_POINT('',#3630);
#1001=VERTEX_POINT('',#3654);
#1002=VERTEX_POINT('',#3655);
#1003=VERTEX_POINT('',#3657);
#1004=VERTEX_POINT('',#3663);
#1005=VERTEX_POINT('',#4295);
#1006=VERTEX_POINT('',#4299);
#1007=VERTEX_POINT('',#4304);
#1008=VERTEX_POINT('',#4305);
#1009=VERTEX_POINT('',#4307);
#1010=VERTEX_POINT('',#4321);
#1011=VERTEX_POINT('',#4343);
#1012=VERTEX_POINT('',#4344);
#1013=VERTEX_POINT('',#4397);
#1014=VERTEX_POINT('',#4398);
#1015=VERTEX_POINT('',#4445);
#1016=VERTEX_POINT('',#4446);
#1017=VERTEX_POINT('',#4448);
#1018=VERTEX_POINT('',#4453);
#1019=VERTEX_POINT('',#4466);
#1020=VERTEX_POINT('',#4467);
#1021=VERTEX_POINT('',#4469);
#1022=VERTEX_POINT('',#4478);
#1023=VERTEX_POINT('',#4490);
#1024=VERTEX_POINT('',#4491);
#1025=VERTEX_POINT('',#4515);
#1026=VERTEX_POINT('',#4516);
#1027=VERTEX_POINT('',#4540);
#1028=VERTEX_POINT('',#4541);
#1029=VERTEX_POINT('',#4543);
#1030=VERTEX_POINT('',#4549);
#1031=VERTEX_POINT('',#5181);
#1032=VERTEX_POINT('',#5185);
#1033=VERTEX_POINT('',#5190);
#1034=VERTEX_POINT('',#5191);
#1035=VERTEX_POINT('',#5193);
#1036=VERTEX_POINT('',#5207);
#1037=VERTEX_POINT('',#5229);
#1038=VERTEX_POINT('',#5230);
#1039=VERTEX_POINT('',#5283);
#1040=VERTEX_POINT('',#5284);
#1041=VERTEX_POINT('',#5331);
#1042=VERTEX_POINT('',#5332);
#1043=VERTEX_POINT('',#5334);
#1044=VERTEX_POINT('',#5339);
#1045=VERTEX_POINT('',#5352);
#1046=VERTEX_POINT('',#5353);
#1047=VERTEX_POINT('',#5355);
#1048=VERTEX_POINT('',#5364);
#1049=VERTEX_POINT('',#5376);
#1050=VERTEX_POINT('',#5377);
#1051=VERTEX_POINT('',#5401);
#1052=VERTEX_POINT('',#5402);
#1053=VERTEX_POINT('',#5426);
#1054=VERTEX_POINT('',#5427);
#1055=VERTEX_POINT('',#5429);
#1056=VERTEX_POINT('',#5435);
#1057=VERTEX_POINT('',#6067);
#1058=VERTEX_POINT('',#6071);
#1059=VERTEX_POINT('',#6076);
#1060=VERTEX_POINT('',#6077);
#1061=VERTEX_POINT('',#6079);
#1062=VERTEX_POINT('',#6093);
#1063=VERTEX_POINT('',#6115);
#1064=VERTEX_POINT('',#6116);
#1065=VERTEX_POINT('',#6169);
#1066=VERTEX_POINT('',#6170);
#1067=VERTEX_POINT('',#6217);
#1068=VERTEX_POINT('',#6218);
#1069=VERTEX_POINT('',#6220);
#1070=VERTEX_POINT('',#6225);
#1071=VERTEX_POINT('',#6238);
#1072=VERTEX_POINT('',#6239);
#1073=VERTEX_POINT('',#6241);
#1074=VERTEX_POINT('',#6250);
#1075=VERTEX_POINT('',#6262);
#1076=VERTEX_POINT('',#6263);
#1077=VERTEX_POINT('',#6287);
#1078=VERTEX_POINT('',#6288);
#1079=VERTEX_POINT('',#6312);
#1080=VERTEX_POINT('',#6313);
#1081=VERTEX_POINT('',#6315);
#1082=VERTEX_POINT('',#6321);
#1083=VERTEX_POINT('',#6953);
#1084=VERTEX_POINT('',#6957);
#1085=EDGE_CURVE('',#877,#877,#793,.T.);
#1086=EDGE_CURVE('',#877,#878,#505,.T.);
#1087=EDGE_CURVE('',#878,#878,#794,.T.);
#1088=EDGE_CURVE('',#879,#879,#795,.F.);
#1089=EDGE_CURVE('',#879,#880,#506,.T.);
#1090=EDGE_CURVE('',#880,#880,#796,.T.);
#1091=EDGE_CURVE('',#881,#881,#797,.T.);
#1092=EDGE_CURVE('',#881,#882,#507,.T.);
#1093=EDGE_CURVE('',#882,#882,#798,.T.);
#1094=EDGE_CURVE('',#883,#883,#799,.T.);
#1095=EDGE_CURVE('',#883,#884,#508,.T.);
#1096=EDGE_CURVE('',#884,#884,#800,.T.);
#1097=EDGE_CURVE('',#885,#885,#801,.T.);
#1098=EDGE_CURVE('',#885,#886,#509,.T.);
#1099=EDGE_CURVE('',#886,#886,#802,.T.);
#1100=EDGE_CURVE('',#887,#887,#803,.T.);
#1101=EDGE_CURVE('',#887,#888,#510,.T.);
#1102=EDGE_CURVE('',#888,#888,#804,.T.);
#1103=EDGE_CURVE('',#889,#889,#805,.T.);
#1104=EDGE_CURVE('',#889,#890,#511,.T.);
#1105=EDGE_CURVE('',#890,#890,#806,.T.);
#1106=EDGE_CURVE('',#891,#891,#807,.T.);
#1107=EDGE_CURVE('',#891,#892,#512,.T.);
#1108=EDGE_CURVE('',#892,#892,#808,.T.);
#1109=EDGE_CURVE('',#893,#894,#809,.F.);
#1110=EDGE_CURVE('',#895,#893,#513,.F.);
#1111=EDGE_CURVE('',#896,#895,#810,.F.);
#1112=EDGE_CURVE('',#897,#896,#514,.F.);
#1113=EDGE_CURVE('',#898,#897,#811,.F.);
#1114=EDGE_CURVE('',#899,#898,#515,.T.);
#1115=EDGE_CURVE('',#900,#899,#812,.F.);
#1116=EDGE_CURVE('',#894,#900,#516,.T.);
#1117=EDGE_CURVE('',#901,#902,#517,.T.);
#1118=EDGE_CURVE('',#901,#903,#813,.T.);
#1119=EDGE_CURVE('',#903,#904,#518,.T.);
#1120=EDGE_CURVE('',#904,#905,#814,.T.);
#1121=EDGE_CURVE('',#905,#906,#519,.T.);
#1122=EDGE_CURVE('',#906,#907,#815,.T.);
#1123=EDGE_CURVE('',#908,#907,#520,.T.);
#1124=EDGE_CURVE('',#908,#902,#816,.T.);
#1125=EDGE_CURVE('',#909,#910,#521,.T.);
#1126=EDGE_CURVE('',#909,#911,#522,.T.);
#1127=EDGE_CURVE('',#911,#912,#523,.T.);
#1128=EDGE_CURVE('',#910,#912,#524,.T.);
#1129=EDGE_CURVE('',#911,#913,#817,.T.);
#1130=EDGE_CURVE('',#913,#914,#525,.T.);
#1131=EDGE_CURVE('',#912,#914,#818,.T.);
#1132=EDGE_CURVE('',#913,#915,#526,.T.);
#1133=EDGE_CURVE('',#915,#916,#527,.T.);
#1134=EDGE_CURVE('',#916,#914,#528,.T.);
#1135=EDGE_CURVE('',#915,#917,#819,.T.);
#1136=EDGE_CURVE('',#917,#918,#529,.T.);
#1137=EDGE_CURVE('',#916,#918,#820,.T.);
#1138=EDGE_CURVE('',#917,#919,#530,.T.);
#1139=EDGE_CURVE('',#919,#920,#531,.T.);
#1140=EDGE_CURVE('',#920,#918,#532,.T.);
#1141=EDGE_CURVE('',#919,#921,#821,.T.);
#1142=EDGE_CURVE('',#921,#922,#533,.T.);
#1143=EDGE_CURVE('',#920,#922,#822,.T.);
#1144=EDGE_CURVE('',#921,#923,#534,.T.);
#1145=EDGE_CURVE('',#923,#924,#535,.T.);
#1146=EDGE_CURVE('',#922,#924,#536,.T.);
#1147=EDGE_CURVE('',#903,#925,#537,.T.);
#1148=EDGE_CURVE('',#925,#926,#538,.T.);
#1149=EDGE_CURVE('',#926,#904,#539,.F.);
#1150=EDGE_CURVE('',#902,#927,#540,.T.);
#1151=EDGE_CURVE('',#927,#928,#541,.T.);
#1152=EDGE_CURVE('',#928,#901,#542,.F.);
#1153=EDGE_CURVE('',#907,#929,#543,.T.);
#1154=EDGE_CURVE('',#929,#930,#544,.T.);
#1155=EDGE_CURVE('',#930,#908,#545,.F.);
#1156=EDGE_CURVE('',#905,#931,#546,.T.);
#1157=EDGE_CURVE('',#931,#932,#547,.T.);
#1158=EDGE_CURVE('',#932,#906,#548,.F.);
#1159=EDGE_CURVE('',#923,#909,#823,.T.);
#1160=EDGE_CURVE('',#924,#910,#824,.T.);
#1161=EDGE_CURVE('',#933,#934,#825,.F.);
#1162=EDGE_CURVE('',#934,#935,#549,.T.);
#1163=EDGE_CURVE('',#935,#936,#826,.F.);
#1164=EDGE_CURVE('',#936,#937,#550,.T.);
#1165=EDGE_CURVE('',#937,#938,#827,.F.);
#1166=EDGE_CURVE('',#938,#939,#551,.T.);
#1167=EDGE_CURVE('',#939,#940,#828,.F.);
#1168=EDGE_CURVE('',#940,#933,#552,.T.);
#1169=EDGE_CURVE('',#941,#942,#553,.F.);
#1170=EDGE_CURVE('',#942,#943,#829,.F.);
#1171=EDGE_CURVE('',#943,#944,#554,.T.);
#1172=EDGE_CURVE('',#944,#945,#830,.F.);
#1173=EDGE_CURVE('',#945,#946,#555,.T.);
#1174=EDGE_CURVE('',#946,#947,#831,.F.);
#1175=EDGE_CURVE('',#947,#948,#556,.F.);
#1176=EDGE_CURVE('',#948,#941,#832,.F.);
#1177=EDGE_CURVE('',#949,#950,#833,.F.);
#1178=EDGE_CURVE('',#950,#951,#557,.T.);
#1179=EDGE_CURVE('',#951,#952,#834,.F.);
#1180=EDGE_CURVE('',#952,#953,#558,.T.);
#1181=EDGE_CURVE('',#953,#954,#835,.F.);
#1182=EDGE_CURVE('',#954,#955,#559,.T.);
#1183=EDGE_CURVE('',#955,#956,#836,.F.);
#1184=EDGE_CURVE('',#956,#949,#560,.T.);
#1185=EDGE_CURVE('',#930,#927,#837,.T.);
#1186=EDGE_CURVE('',#928,#925,#838,.T.);
#1187=EDGE_CURVE('',#926,#931,#839,.T.);
#1188=EDGE_CURVE('',#932,#929,#840,.T.);
#1189=EDGE_CURVE('',#955,#927,#561,.T.);
#1190=EDGE_CURVE('',#928,#954,#562,.T.);
#1191=EDGE_CURVE('',#925,#953,#563,.T.);
#1192=EDGE_CURVE('',#956,#930,#564,.T.);
#1193=EDGE_CURVE('',#926,#952,#565,.T.);
#1194=EDGE_CURVE('',#949,#929,#566,.T.);
#1195=EDGE_CURVE('',#931,#951,#567,.T.);
#1196=EDGE_CURVE('',#950,#932,#568,.T.);
#1197=EDGE_CURVE('',#939,#917,#569,.T.);
#1198=EDGE_CURVE('',#919,#938,#570,.T.);
#1199=EDGE_CURVE('',#921,#937,#571,.T.);
#1200=EDGE_CURVE('',#940,#915,#572,.T.);
#1201=EDGE_CURVE('',#923,#936,#573,.T.);
#1202=EDGE_CURVE('',#933,#913,#574,.T.);
#1203=EDGE_CURVE('',#909,#935,#575,.T.);
#1204=EDGE_CURVE('',#934,#911,#576,.T.);
#1205=EDGE_CURVE('',#957,#942,#577,.T.);
#1206=EDGE_CURVE('',#957,#958,#841,.F.);
#1207=EDGE_CURVE('',#958,#943,#578,.T.);
#1208=EDGE_CURVE('',#958,#959,#579,.T.);
#1209=EDGE_CURVE('',#959,#944,#580,.T.);
#1210=EDGE_CURVE('',#959,#960,#842,.F.);
#1211=EDGE_CURVE('',#960,#945,#581,.T.);
#1212=EDGE_CURVE('',#960,#961,#582,.T.);
#1213=EDGE_CURVE('',#961,#946,#583,.T.);
#1214=EDGE_CURVE('',#961,#962,#843,.F.);
#1215=EDGE_CURVE('',#962,#947,#584,.T.);
#1216=EDGE_CURVE('',#962,#963,#585,.T.);
#1217=EDGE_CURVE('',#963,#948,#586,.T.);
#1218=EDGE_CURVE('',#963,#964,#844,.F.);
#1219=EDGE_CURVE('',#964,#941,#587,.T.);
#1220=EDGE_CURVE('',#965,#894,#588,.T.);
#1221=EDGE_CURVE('',#966,#965,#845,.F.);
#1222=EDGE_CURVE('',#966,#893,#589,.T.);
#1223=EDGE_CURVE('',#967,#966,#590,.F.);
#1224=EDGE_CURVE('',#967,#895,#591,.T.);
#1225=EDGE_CURVE('',#968,#967,#846,.F.);
#1226=EDGE_CURVE('',#968,#896,#592,.T.);
#1227=EDGE_CURVE('',#969,#968,#593,.F.);
#1228=EDGE_CURVE('',#969,#897,#594,.T.);
#1229=EDGE_CURVE('',#970,#969,#847,.F.);
#1230=EDGE_CURVE('',#970,#898,#595,.T.);
#1231=EDGE_CURVE('',#971,#970,#596,.T.);
#1232=EDGE_CURVE('',#971,#899,#597,.T.);
#1233=EDGE_CURVE('',#972,#971,#848,.F.);
#1234=EDGE_CURVE('',#972,#900,#598,.T.);
#1235=EDGE_CURVE('',#965,#972,#599,.T.);
#1236=EDGE_CURVE('',#964,#957,#600,.T.);
#1237=EDGE_CURVE('',#973,#974,#849,.T.);
#1238=EDGE_CURVE('',#974,#975,#601,.T.);
#1239=EDGE_CURVE('',#975,#976,#850,.T.);
#1240=EDGE_CURVE('',#976,#977,#602,.T.);
#1241=EDGE_CURVE('',#977,#978,#851,.T.);
#1242=EDGE_CURVE('',#978,#979,#603,.T.);
#1243=EDGE_CURVE('',#979,#980,#852,.T.);
#1244=EDGE_CURVE('',#980,#973,#604,.T.);
#1245=EDGE_CURVE('',#979,#962,#605,.T.);
#1246=EDGE_CURVE('',#963,#978,#606,.T.);
#1247=EDGE_CURVE('',#964,#977,#607,.T.);
#1248=EDGE_CURVE('',#980,#961,#608,.T.);
#1249=EDGE_CURVE('',#957,#976,#609,.T.);
#1250=EDGE_CURVE('',#973,#960,#610,.T.);
#1251=EDGE_CURVE('',#958,#975,#611,.T.);
#1252=EDGE_CURVE('',#974,#959,#612,.T.);
#1253=EDGE_CURVE('',#981,#982,#613,.T.);
#1254=EDGE_CURVE('',#982,#983,#23,.T.);
#1255=EDGE_CURVE('',#983,#984,#853,.F.);
#1256=EDGE_CURVE('',#984,#981,#24,.T.);
#1257=EDGE_CURVE('',#985,#986,#614,.T.);
#1258=EDGE_CURVE('',#986,#982,#25,.T.);
#1259=EDGE_CURVE('',#981,#985,#26,.T.);
#1260=EDGE_CURVE('',#987,#988,#615,.T.);
#1261=EDGE_CURVE('',#988,#986,#27,.T.);
#1262=EDGE_CURVE('',#985,#987,#28,.T.);
#1263=EDGE_CURVE('',#989,#990,#616,.T.);
#1264=EDGE_CURVE('',#989,#991,#29,.T.);
#1265=EDGE_CURVE('',#991,#992,#854,.T.);
#1266=EDGE_CURVE('',#992,#990,#30,.T.);
#1267=EDGE_CURVE('',#993,#994,#617,.T.);
#1268=EDGE_CURVE('',#994,#995,#31,.T.);
#1269=EDGE_CURVE('',#996,#995,#855,.T.);
#1270=EDGE_CURVE('',#993,#996,#32,.T.);
#1271=EDGE_CURVE('',#997,#998,#618,.T.);
#1272=EDGE_CURVE('',#998,#994,#33,.T.);
#1273=EDGE_CURVE('',#997,#993,#34,.T.);
#1274=EDGE_CURVE('',#999,#1000,#619,.T.);
#1275=EDGE_CURVE('',#1000,#998,#35,.T.);
#1276=EDGE_CURVE('',#999,#997,#36,.T.);
#1277=EDGE_CURVE('',#1001,#1002,#620,.T.);
#1278=EDGE_CURVE('',#1003,#1001,#37,.T.);
#1279=EDGE_CURVE('',#1004,#1003,#856,.T.);
#1280=EDGE_CURVE('',#1004,#1002,#38,.T.);
#1281=EDGE_CURVE('',#1002,#1000,#39,.T.);
#1282=EDGE_CURVE('',#1001,#999,#40,.T.);
#1283=EDGE_CURVE('',#995,#992,#41,.T.);
#1284=EDGE_CURVE('',#983,#1004,#42,.T.);
#1285=EDGE_CURVE('',#990,#988,#43,.T.);
#1286=EDGE_CURVE('',#991,#996,#44,.T.);
#1287=EDGE_CURVE('',#987,#989,#45,.T.);
#1288=EDGE_CURVE('',#1003,#984,#46,.T.);
#1289=EDGE_CURVE('',#1005,#1005,#857,.T.);
#1290=EDGE_CURVE('',#1006,#1006,#858,.T.);
#1291=EDGE_CURVE('',#1006,#1005,#621,.T.);
#1292=EDGE_CURVE('',#1007,#1008,#622,.T.);
#1293=EDGE_CURVE('',#1008,#1009,#47,.T.);
#1294=EDGE_CURVE('',#1009,#1010,#859,.F.);
#1295=EDGE_CURVE('',#1010,#1007,#48,.T.);
#1296=EDGE_CURVE('',#1011,#1012,#623,.T.);
#1297=EDGE_CURVE('',#1012,#1008,#49,.T.);
#1298=EDGE_CURVE('',#1007,#1011,#50,.T.);
#1299=EDGE_CURVE('',#1013,#1014,#624,.T.);
#1300=EDGE_CURVE('',#1014,#1012,#51,.T.);
#1301=EDGE_CURVE('',#1011,#1013,#52,.T.);
#1302=EDGE_CURVE('',#1015,#1016,#625,.T.);
#1303=EDGE_CURVE('',#1015,#1017,#53,.T.);
#1304=EDGE_CURVE('',#1017,#1018,#860,.T.);
#1305=EDGE_CURVE('',#1018,#1016,#54,.T.);
#1306=EDGE_CURVE('',#1019,#1020,#626,.T.);
#1307=EDGE_CURVE('',#1020,#1021,#55,.T.);
#1308=EDGE_CURVE('',#1022,#1021,#861,.T.);
#1309=EDGE_CURVE('',#1019,#1022,#56,.T.);
#1310=EDGE_CURVE('',#1023,#1024,#627,.T.);
#1311=EDGE_CURVE('',#1024,#1020,#57,.T.);
#1312=EDGE_CURVE('',#1023,#1019,#58,.T.);
#1313=EDGE_CURVE('',#1025,#1026,#628,.T.);
#1314=EDGE_CURVE('',#1026,#1024,#59,.T.);
#1315=EDGE_CURVE('',#1025,#1023,#60,.T.);
#1316=EDGE_CURVE('',#1027,#1028,#629,.T.);
#1317=EDGE_CURVE('',#1029,#1027,#61,.T.);
#1318=EDGE_CURVE('',#1030,#1029,#862,.T.);
#1319=EDGE_CURVE('',#1030,#1028,#62,.T.);
#1320=EDGE_CURVE('',#1028,#1026,#63,.T.);
#1321=EDGE_CURVE('',#1027,#1025,#64,.T.);
#1322=EDGE_CURVE('',#1021,#1018,#65,.T.);
#1323=EDGE_CURVE('',#1009,#1030,#66,.T.);
#1324=EDGE_CURVE('',#1016,#1014,#67,.T.);
#1325=EDGE_CURVE('',#1017,#1022,#68,.T.);
#1326=EDGE_CURVE('',#1013,#1015,#69,.T.);
#1327=EDGE_CURVE('',#1029,#1010,#70,.T.);
#1328=EDGE_CURVE('',#1031,#1031,#863,.T.);
#1329=EDGE_CURVE('',#1032,#1032,#864,.T.);
#1330=EDGE_CURVE('',#1032,#1031,#630,.T.);
#1331=EDGE_CURVE('',#1033,#1034,#631,.T.);
#1332=EDGE_CURVE('',#1034,#1035,#71,.T.);
#1333=EDGE_CURVE('',#1035,#1036,#865,.F.);
#1334=EDGE_CURVE('',#1036,#1033,#72,.T.);
#1335=EDGE_CURVE('',#1037,#1038,#632,.T.);
#1336=EDGE_CURVE('',#1038,#1034,#73,.T.);
#1337=EDGE_CURVE('',#1033,#1037,#74,.T.);
#1338=EDGE_CURVE('',#1039,#1040,#633,.T.);
#1339=EDGE_CURVE('',#1040,#1038,#75,.T.);
#1340=EDGE_CURVE('',#1037,#1039,#76,.T.);
#1341=EDGE_CURVE('',#1041,#1042,#634,.T.);
#1342=EDGE_CURVE('',#1041,#1043,#77,.T.);
#1343=EDGE_CURVE('',#1043,#1044,#866,.T.);
#1344=EDGE_CURVE('',#1044,#1042,#78,.T.);
#1345=EDGE_CURVE('',#1045,#1046,#635,.T.);
#1346=EDGE_CURVE('',#1046,#1047,#79,.T.);
#1347=EDGE_CURVE('',#1048,#1047,#867,.T.);
#1348=EDGE_CURVE('',#1045,#1048,#80,.T.);
#1349=EDGE_CURVE('',#1049,#1050,#636,.T.);
#1350=EDGE_CURVE('',#1050,#1046,#81,.T.);
#1351=EDGE_CURVE('',#1049,#1045,#82,.T.);
#1352=EDGE_CURVE('',#1051,#1052,#637,.T.);
#1353=EDGE_CURVE('',#1052,#1050,#83,.T.);
#1354=EDGE_CURVE('',#1051,#1049,#84,.T.);
#1355=EDGE_CURVE('',#1053,#1054,#638,.T.);
#1356=EDGE_CURVE('',#1055,#1053,#85,.T.);
#1357=EDGE_CURVE('',#1056,#1055,#868,.T.);
#1358=EDGE_CURVE('',#1056,#1054,#86,.T.);
#1359=EDGE_CURVE('',#1054,#1052,#87,.T.);
#1360=EDGE_CURVE('',#1053,#1051,#88,.T.);
#1361=EDGE_CURVE('',#1047,#1044,#89,.T.);
#1362=EDGE_CURVE('',#1035,#1056,#90,.T.);
#1363=EDGE_CURVE('',#1042,#1040,#91,.T.);
#1364=EDGE_CURVE('',#1043,#1048,#92,.T.);
#1365=EDGE_CURVE('',#1039,#1041,#93,.T.);
#1366=EDGE_CURVE('',#1055,#1036,#94,.T.);
#1367=EDGE_CURVE('',#1057,#1057,#869,.T.);
#1368=EDGE_CURVE('',#1058,#1058,#870,.T.);
#1369=EDGE_CURVE('',#1058,#1057,#639,.T.);
#1370=EDGE_CURVE('',#1059,#1060,#640,.T.);
#1371=EDGE_CURVE('',#1060,#1061,#95,.T.);
#1372=EDGE_CURVE('',#1061,#1062,#871,.F.);
#1373=EDGE_CURVE('',#1062,#1059,#96,.T.);
#1374=EDGE_CURVE('',#1063,#1064,#641,.T.);
#1375=EDGE_CURVE('',#1064,#1060,#97,.T.);
#1376=EDGE_CURVE('',#1059,#1063,#98,.T.);
#1377=EDGE_CURVE('',#1065,#1066,#642,.T.);
#1378=EDGE_CURVE('',#1066,#1064,#99,.T.);
#1379=EDGE_CURVE('',#1063,#1065,#100,.T.);
#1380=EDGE_CURVE('',#1067,#1068,#643,.T.);
#1381=EDGE_CURVE('',#1067,#1069,#101,.T.);
#1382=EDGE_CURVE('',#1069,#1070,#872,.T.);
#1383=EDGE_CURVE('',#1070,#1068,#102,.T.);
#1384=EDGE_CURVE('',#1071,#1072,#644,.T.);
#1385=EDGE_CURVE('',#1072,#1073,#103,.T.);
#1386=EDGE_CURVE('',#1074,#1073,#873,.T.);
#1387=EDGE_CURVE('',#1071,#1074,#104,.T.);
#1388=EDGE_CURVE('',#1075,#1076,#645,.T.);
#1389=EDGE_CURVE('',#1076,#1072,#105,.T.);
#1390=EDGE_CURVE('',#1075,#1071,#106,.T.);
#1391=EDGE_CURVE('',#1077,#1078,#646,.T.);
#1392=EDGE_CURVE('',#1078,#1076,#107,.T.);
#1393=EDGE_CURVE('',#1077,#1075,#108,.T.);
#1394=EDGE_CURVE('',#1079,#1080,#647,.T.);
#1395=EDGE_CURVE('',#1081,#1079,#109,.T.);
#1396=EDGE_CURVE('',#1082,#1081,#874,.T.);
#1397=EDGE_CURVE('',#1082,#1080,#110,.T.);
#1398=EDGE_CURVE('',#1080,#1078,#111,.T.);
#1399=EDGE_CURVE('',#1079,#1077,#112,.T.);
#1400=EDGE_CURVE('',#1073,#1070,#113,.T.);
#1401=EDGE_CURVE('',#1061,#1082,#114,.T.);
#1402=EDGE_CURVE('',#1068,#1066,#115,.T.);
#1403=EDGE_CURVE('',#1069,#1074,#116,.T.);
#1404=EDGE_CURVE('',#1065,#1067,#117,.T.);
#1405=EDGE_CURVE('',#1081,#1062,#118,.T.);
#1406=EDGE_CURVE('',#1083,#1083,#875,.T.);
#1407=EDGE_CURVE('',#1084,#1084,#876,.T.);
#1408=EDGE_CURVE('',#1084,#1083,#648,.T.);
#1409=ORIENTED_EDGE('',*,*,#1085,.F.);
#1410=ORIENTED_EDGE('',*,*,#1086,.T.);
#1411=ORIENTED_EDGE('',*,*,#1087,.T.);
#1412=ORIENTED_EDGE('',*,*,#1086,.F.);
#1413=ORIENTED_EDGE('',*,*,#1088,.T.);
#1414=ORIENTED_EDGE('',*,*,#1089,.T.);
#1415=ORIENTED_EDGE('',*,*,#1090,.T.);
#1416=ORIENTED_EDGE('',*,*,#1089,.F.);
#1417=ORIENTED_EDGE('',*,*,#1090,.F.);
#1418=ORIENTED_EDGE('',*,*,#1087,.F.);
#1419=ORIENTED_EDGE('',*,*,#1091,.F.);
#1420=ORIENTED_EDGE('',*,*,#1092,.T.);
#1421=ORIENTED_EDGE('',*,*,#1093,.T.);
#1422=ORIENTED_EDGE('',*,*,#1092,.F.);
#1423=ORIENTED_EDGE('',*,*,#1094,.T.);
#1424=ORIENTED_EDGE('',*,*,#1095,.T.);
#1425=ORIENTED_EDGE('',*,*,#1096,.T.);
#1426=ORIENTED_EDGE('',*,*,#1095,.F.);
#1427=ORIENTED_EDGE('',*,*,#1096,.F.);
#1428=ORIENTED_EDGE('',*,*,#1093,.F.);
#1429=ORIENTED_EDGE('',*,*,#1097,.T.);
#1430=ORIENTED_EDGE('',*,*,#1098,.T.);
#1431=ORIENTED_EDGE('',*,*,#1099,.T.);
#1432=ORIENTED_EDGE('',*,*,#1098,.F.);
#1433=ORIENTED_EDGE('',*,*,#1100,.F.);
#1434=ORIENTED_EDGE('',*,*,#1101,.T.);
#1435=ORIENTED_EDGE('',*,*,#1102,.T.);
#1436=ORIENTED_EDGE('',*,*,#1101,.F.);
#1437=ORIENTED_EDGE('',*,*,#1102,.F.);
#1438=ORIENTED_EDGE('',*,*,#1099,.F.);
#1439=ORIENTED_EDGE('',*,*,#1103,.T.);
#1440=ORIENTED_EDGE('',*,*,#1104,.T.);
#1441=ORIENTED_EDGE('',*,*,#1105,.T.);
#1442=ORIENTED_EDGE('',*,*,#1104,.F.);
#1443=ORIENTED_EDGE('',*,*,#1106,.F.);
#1444=ORIENTED_EDGE('',*,*,#1107,.T.);
#1445=ORIENTED_EDGE('',*,*,#1108,.T.);
#1446=ORIENTED_EDGE('',*,*,#1107,.F.);
#1447=ORIENTED_EDGE('',*,*,#1108,.F.);
#1448=ORIENTED_EDGE('',*,*,#1105,.F.);
#1449=ORIENTED_EDGE('',*,*,#1109,.F.);
#1450=ORIENTED_EDGE('',*,*,#1110,.F.);
#1451=ORIENTED_EDGE('',*,*,#1111,.F.);
#1452=ORIENTED_EDGE('',*,*,#1112,.F.);
#1453=ORIENTED_EDGE('',*,*,#1113,.F.);
#1454=ORIENTED_EDGE('',*,*,#1114,.F.);
#1455=ORIENTED_EDGE('',*,*,#1115,.F.);
#1456=ORIENTED_EDGE('',*,*,#1116,.F.);
#1457=ORIENTED_EDGE('',*,*,#1106,.T.);
#1458=ORIENTED_EDGE('',*,*,#1100,.T.);
#1459=ORIENTED_EDGE('',*,*,#1088,.F.);
#1460=ORIENTED_EDGE('',*,*,#1094,.F.);
#1461=ORIENTED_EDGE('',*,*,#1117,.F.);
#1462=ORIENTED_EDGE('',*,*,#1118,.T.);
#1463=ORIENTED_EDGE('',*,*,#1119,.T.);
#1464=ORIENTED_EDGE('',*,*,#1120,.T.);
#1465=ORIENTED_EDGE('',*,*,#1121,.T.);
#1466=ORIENTED_EDGE('',*,*,#1122,.T.);
#1467=ORIENTED_EDGE('',*,*,#1123,.F.);
#1468=ORIENTED_EDGE('',*,*,#1124,.T.);
#1469=ORIENTED_EDGE('',*,*,#1125,.F.);
#1470=ORIENTED_EDGE('',*,*,#1126,.T.);
#1471=ORIENTED_EDGE('',*,*,#1127,.T.);
#1472=ORIENTED_EDGE('',*,*,#1128,.F.);
#1473=ORIENTED_EDGE('',*,*,#1127,.F.);
#1474=ORIENTED_EDGE('',*,*,#1129,.T.);
#1475=ORIENTED_EDGE('',*,*,#1130,.T.);
#1476=ORIENTED_EDGE('',*,*,#1131,.F.);
#1477=ORIENTED_EDGE('',*,*,#1130,.F.);
#1478=ORIENTED_EDGE('',*,*,#1132,.T.);
#1479=ORIENTED_EDGE('',*,*,#1133,.T.);
#1480=ORIENTED_EDGE('',*,*,#1134,.T.);
#1481=ORIENTED_EDGE('',*,*,#1133,.F.);
#1482=ORIENTED_EDGE('',*,*,#1135,.T.);
#1483=ORIENTED_EDGE('',*,*,#1136,.T.);
#1484=ORIENTED_EDGE('',*,*,#1137,.F.);
#1485=ORIENTED_EDGE('',*,*,#1136,.F.);
#1486=ORIENTED_EDGE('',*,*,#1138,.T.);
#1487=ORIENTED_EDGE('',*,*,#1139,.T.);
#1488=ORIENTED_EDGE('',*,*,#1140,.T.);
#1489=ORIENTED_EDGE('',*,*,#1139,.F.);
#1490=ORIENTED_EDGE('',*,*,#1141,.T.);
#1491=ORIENTED_EDGE('',*,*,#1142,.T.);
#1492=ORIENTED_EDGE('',*,*,#1143,.F.);
#1493=ORIENTED_EDGE('',*,*,#1142,.F.);
#1494=ORIENTED_EDGE('',*,*,#1144,.T.);
#1495=ORIENTED_EDGE('',*,*,#1145,.T.);
#1496=ORIENTED_EDGE('',*,*,#1146,.F.);
#1497=ORIENTED_EDGE('',*,*,#1147,.T.);
#1498=ORIENTED_EDGE('',*,*,#1148,.T.);
#1499=ORIENTED_EDGE('',*,*,#1149,.T.);
#1500=ORIENTED_EDGE('',*,*,#1119,.F.);
#1501=ORIENTED_EDGE('',*,*,#1150,.T.);
#1502=ORIENTED_EDGE('',*,*,#1151,.T.);
#1503=ORIENTED_EDGE('',*,*,#1152,.T.);
#1504=ORIENTED_EDGE('',*,*,#1117,.T.);
#1505=ORIENTED_EDGE('',*,*,#1153,.T.);
#1506=ORIENTED_EDGE('',*,*,#1154,.T.);
#1507=ORIENTED_EDGE('',*,*,#1155,.T.);
#1508=ORIENTED_EDGE('',*,*,#1123,.T.);
#1509=ORIENTED_EDGE('',*,*,#1156,.T.);
#1510=ORIENTED_EDGE('',*,*,#1157,.T.);
#1511=ORIENTED_EDGE('',*,*,#1158,.T.);
#1512=ORIENTED_EDGE('',*,*,#1121,.F.);
#1513=ORIENTED_EDGE('',*,*,#1145,.F.);
#1514=ORIENTED_EDGE('',*,*,#1159,.T.);
#1515=ORIENTED_EDGE('',*,*,#1125,.T.);
#1516=ORIENTED_EDGE('',*,*,#1160,.F.);
#1517=ORIENTED_EDGE('',*,*,#1161,.T.);
#1518=ORIENTED_EDGE('',*,*,#1162,.T.);
#1519=ORIENTED_EDGE('',*,*,#1163,.T.);
#1520=ORIENTED_EDGE('',*,*,#1164,.T.);
#1521=ORIENTED_EDGE('',*,*,#1165,.T.);
#1522=ORIENTED_EDGE('',*,*,#1166,.T.);
#1523=ORIENTED_EDGE('',*,*,#1167,.T.);
#1524=ORIENTED_EDGE('',*,*,#1168,.T.);
#1525=ORIENTED_EDGE('',*,*,#1169,.T.);
#1526=ORIENTED_EDGE('',*,*,#1170,.T.);
#1527=ORIENTED_EDGE('',*,*,#1171,.T.);
#1528=ORIENTED_EDGE('',*,*,#1172,.T.);
#1529=ORIENTED_EDGE('',*,*,#1173,.T.);
#1530=ORIENTED_EDGE('',*,*,#1174,.T.);
#1531=ORIENTED_EDGE('',*,*,#1175,.T.);
#1532=ORIENTED_EDGE('',*,*,#1176,.T.);
#1533=ORIENTED_EDGE('',*,*,#1128,.T.);
#1534=ORIENTED_EDGE('',*,*,#1131,.T.);
#1535=ORIENTED_EDGE('',*,*,#1134,.F.);
#1536=ORIENTED_EDGE('',*,*,#1137,.T.);
#1537=ORIENTED_EDGE('',*,*,#1140,.F.);
#1538=ORIENTED_EDGE('',*,*,#1143,.T.);
#1539=ORIENTED_EDGE('',*,*,#1146,.T.);
#1540=ORIENTED_EDGE('',*,*,#1160,.T.);
#1541=ORIENTED_EDGE('',*,*,#1177,.T.);
#1542=ORIENTED_EDGE('',*,*,#1178,.T.);
#1543=ORIENTED_EDGE('',*,*,#1179,.T.);
#1544=ORIENTED_EDGE('',*,*,#1180,.T.);
#1545=ORIENTED_EDGE('',*,*,#1181,.T.);
#1546=ORIENTED_EDGE('',*,*,#1182,.T.);
#1547=ORIENTED_EDGE('',*,*,#1183,.T.);
#1548=ORIENTED_EDGE('',*,*,#1184,.T.);
#1549=ORIENTED_EDGE('',*,*,#1091,.T.);
#1550=ORIENTED_EDGE('',*,*,#1085,.T.);
#1551=ORIENTED_EDGE('',*,*,#1097,.F.);
#1552=ORIENTED_EDGE('',*,*,#1103,.F.);
#1553=ORIENTED_EDGE('',*,*,#1155,.F.);
#1554=ORIENTED_EDGE('',*,*,#1185,.T.);
#1555=ORIENTED_EDGE('',*,*,#1150,.F.);
#1556=ORIENTED_EDGE('',*,*,#1124,.F.);
#1557=ORIENTED_EDGE('',*,*,#1152,.F.);
#1558=ORIENTED_EDGE('',*,*,#1186,.T.);
#1559=ORIENTED_EDGE('',*,*,#1147,.F.);
#1560=ORIENTED_EDGE('',*,*,#1118,.F.);
#1561=ORIENTED_EDGE('',*,*,#1149,.F.);
#1562=ORIENTED_EDGE('',*,*,#1187,.T.);
#1563=ORIENTED_EDGE('',*,*,#1156,.F.);
#1564=ORIENTED_EDGE('',*,*,#1120,.F.);
#1565=ORIENTED_EDGE('',*,*,#1158,.F.);
#1566=ORIENTED_EDGE('',*,*,#1188,.T.);
#1567=ORIENTED_EDGE('',*,*,#1153,.F.);
#1568=ORIENTED_EDGE('',*,*,#1122,.F.);
#1569=ORIENTED_EDGE('',*,*,#1189,.F.);
#1570=ORIENTED_EDGE('',*,*,#1182,.F.);
#1571=ORIENTED_EDGE('',*,*,#1190,.F.);
#1572=ORIENTED_EDGE('',*,*,#1151,.F.);
#1573=ORIENTED_EDGE('',*,*,#1190,.T.);
#1574=ORIENTED_EDGE('',*,*,#1181,.F.);
#1575=ORIENTED_EDGE('',*,*,#1191,.F.);
#1576=ORIENTED_EDGE('',*,*,#1186,.F.);
#1577=ORIENTED_EDGE('',*,*,#1189,.T.);
#1578=ORIENTED_EDGE('',*,*,#1185,.F.);
#1579=ORIENTED_EDGE('',*,*,#1192,.F.);
#1580=ORIENTED_EDGE('',*,*,#1183,.F.);
#1581=ORIENTED_EDGE('',*,*,#1191,.T.);
#1582=ORIENTED_EDGE('',*,*,#1180,.F.);
#1583=ORIENTED_EDGE('',*,*,#1193,.F.);
#1584=ORIENTED_EDGE('',*,*,#1148,.F.);
#1585=ORIENTED_EDGE('',*,*,#1192,.T.);
#1586=ORIENTED_EDGE('',*,*,#1154,.F.);
#1587=ORIENTED_EDGE('',*,*,#1194,.F.);
#1588=ORIENTED_EDGE('',*,*,#1184,.F.);
#1589=ORIENTED_EDGE('',*,*,#1193,.T.);
#1590=ORIENTED_EDGE('',*,*,#1179,.F.);
#1591=ORIENTED_EDGE('',*,*,#1195,.F.);
#1592=ORIENTED_EDGE('',*,*,#1187,.F.);
#1593=ORIENTED_EDGE('',*,*,#1194,.T.);
#1594=ORIENTED_EDGE('',*,*,#1188,.F.);
#1595=ORIENTED_EDGE('',*,*,#1196,.F.);
#1596=ORIENTED_EDGE('',*,*,#1177,.F.);
#1597=ORIENTED_EDGE('',*,*,#1195,.T.);
#1598=ORIENTED_EDGE('',*,*,#1178,.F.);
#1599=ORIENTED_EDGE('',*,*,#1196,.T.);
#1600=ORIENTED_EDGE('',*,*,#1157,.F.);
#1601=ORIENTED_EDGE('',*,*,#1197,.F.);
#1602=ORIENTED_EDGE('',*,*,#1166,.F.);
#1603=ORIENTED_EDGE('',*,*,#1198,.F.);
#1604=ORIENTED_EDGE('',*,*,#1138,.F.);
#1605=ORIENTED_EDGE('',*,*,#1198,.T.);
#1606=ORIENTED_EDGE('',*,*,#1165,.F.);
#1607=ORIENTED_EDGE('',*,*,#1199,.F.);
#1608=ORIENTED_EDGE('',*,*,#1141,.F.);
#1609=ORIENTED_EDGE('',*,*,#1197,.T.);
#1610=ORIENTED_EDGE('',*,*,#1135,.F.);
#1611=ORIENTED_EDGE('',*,*,#1200,.F.);
#1612=ORIENTED_EDGE('',*,*,#1167,.F.);
#1613=ORIENTED_EDGE('',*,*,#1199,.T.);
#1614=ORIENTED_EDGE('',*,*,#1164,.F.);
#1615=ORIENTED_EDGE('',*,*,#1201,.F.);
#1616=ORIENTED_EDGE('',*,*,#1144,.F.);
#1617=ORIENTED_EDGE('',*,*,#1200,.T.);
#1618=ORIENTED_EDGE('',*,*,#1132,.F.);
#1619=ORIENTED_EDGE('',*,*,#1202,.F.);
#1620=ORIENTED_EDGE('',*,*,#1168,.F.);
#1621=ORIENTED_EDGE('',*,*,#1201,.T.);
#1622=ORIENTED_EDGE('',*,*,#1163,.F.);
#1623=ORIENTED_EDGE('',*,*,#1203,.F.);
#1624=ORIENTED_EDGE('',*,*,#1159,.F.);
#1625=ORIENTED_EDGE('',*,*,#1202,.T.);
#1626=ORIENTED_EDGE('',*,*,#1129,.F.);
#1627=ORIENTED_EDGE('',*,*,#1204,.F.);
#1628=ORIENTED_EDGE('',*,*,#1161,.F.);
#1629=ORIENTED_EDGE('',*,*,#1203,.T.);
#1630=ORIENTED_EDGE('',*,*,#1162,.F.);
#1631=ORIENTED_EDGE('',*,*,#1204,.T.);
#1632=ORIENTED_EDGE('',*,*,#1126,.F.);
#1633=ORIENTED_EDGE('',*,*,#1205,.F.);
#1634=ORIENTED_EDGE('',*,*,#1206,.T.);
#1635=ORIENTED_EDGE('',*,*,#1207,.T.);
#1636=ORIENTED_EDGE('',*,*,#1170,.F.);
#1637=ORIENTED_EDGE('',*,*,#1207,.F.);
#1638=ORIENTED_EDGE('',*,*,#1208,.T.);
#1639=ORIENTED_EDGE('',*,*,#1209,.T.);
#1640=ORIENTED_EDGE('',*,*,#1171,.F.);
#1641=ORIENTED_EDGE('',*,*,#1209,.F.);
#1642=ORIENTED_EDGE('',*,*,#1210,.T.);
#1643=ORIENTED_EDGE('',*,*,#1211,.T.);
#1644=ORIENTED_EDGE('',*,*,#1172,.F.);
#1645=ORIENTED_EDGE('',*,*,#1211,.F.);
#1646=ORIENTED_EDGE('',*,*,#1212,.T.);
#1647=ORIENTED_EDGE('',*,*,#1213,.T.);
#1648=ORIENTED_EDGE('',*,*,#1173,.F.);
#1649=ORIENTED_EDGE('',*,*,#1213,.F.);
#1650=ORIENTED_EDGE('',*,*,#1214,.T.);
#1651=ORIENTED_EDGE('',*,*,#1215,.T.);
#1652=ORIENTED_EDGE('',*,*,#1174,.F.);
#1653=ORIENTED_EDGE('',*,*,#1215,.F.);
#1654=ORIENTED_EDGE('',*,*,#1216,.T.);
#1655=ORIENTED_EDGE('',*,*,#1217,.T.);
#1656=ORIENTED_EDGE('',*,*,#1175,.F.);
#1657=ORIENTED_EDGE('',*,*,#1217,.F.);
#1658=ORIENTED_EDGE('',*,*,#1218,.T.);
#1659=ORIENTED_EDGE('',*,*,#1219,.T.);
#1660=ORIENTED_EDGE('',*,*,#1176,.F.);
#1661=ORIENTED_EDGE('',*,*,#1109,.T.);
#1662=ORIENTED_EDGE('',*,*,#1220,.F.);
#1663=ORIENTED_EDGE('',*,*,#1221,.F.);
#1664=ORIENTED_EDGE('',*,*,#1222,.T.);
#1665=ORIENTED_EDGE('',*,*,#1110,.T.);
#1666=ORIENTED_EDGE('',*,*,#1222,.F.);
#1667=ORIENTED_EDGE('',*,*,#1223,.F.);
#1668=ORIENTED_EDGE('',*,*,#1224,.T.);
#1669=ORIENTED_EDGE('',*,*,#1111,.T.);
#1670=ORIENTED_EDGE('',*,*,#1224,.F.);
#1671=ORIENTED_EDGE('',*,*,#1225,.F.);
#1672=ORIENTED_EDGE('',*,*,#1226,.T.);
#1673=ORIENTED_EDGE('',*,*,#1112,.T.);
#1674=ORIENTED_EDGE('',*,*,#1226,.F.);
#1675=ORIENTED_EDGE('',*,*,#1227,.F.);
#1676=ORIENTED_EDGE('',*,*,#1228,.T.);
#1677=ORIENTED_EDGE('',*,*,#1113,.T.);
#1678=ORIENTED_EDGE('',*,*,#1228,.F.);
#1679=ORIENTED_EDGE('',*,*,#1229,.F.);
#1680=ORIENTED_EDGE('',*,*,#1230,.T.);
#1681=ORIENTED_EDGE('',*,*,#1114,.T.);
#1682=ORIENTED_EDGE('',*,*,#1230,.F.);
#1683=ORIENTED_EDGE('',*,*,#1231,.F.);
#1684=ORIENTED_EDGE('',*,*,#1232,.T.);
#1685=ORIENTED_EDGE('',*,*,#1115,.T.);
#1686=ORIENTED_EDGE('',*,*,#1232,.F.);
#1687=ORIENTED_EDGE('',*,*,#1233,.F.);
#1688=ORIENTED_EDGE('',*,*,#1234,.T.);
#1689=ORIENTED_EDGE('',*,*,#1116,.T.);
#1690=ORIENTED_EDGE('',*,*,#1234,.F.);
#1691=ORIENTED_EDGE('',*,*,#1235,.F.);
#1692=ORIENTED_EDGE('',*,*,#1220,.T.);
#1693=ORIENTED_EDGE('',*,*,#1219,.F.);
#1694=ORIENTED_EDGE('',*,*,#1236,.T.);
#1695=ORIENTED_EDGE('',*,*,#1205,.T.);
#1696=ORIENTED_EDGE('',*,*,#1169,.F.);
#1697=ORIENTED_EDGE('',*,*,#1237,.T.);
#1698=ORIENTED_EDGE('',*,*,#1238,.T.);
#1699=ORIENTED_EDGE('',*,*,#1239,.T.);
#1700=ORIENTED_EDGE('',*,*,#1240,.T.);
#1701=ORIENTED_EDGE('',*,*,#1241,.T.);
#1702=ORIENTED_EDGE('',*,*,#1242,.T.);
#1703=ORIENTED_EDGE('',*,*,#1243,.T.);
#1704=ORIENTED_EDGE('',*,*,#1244,.T.);
#1705=ORIENTED_EDGE('',*,*,#1221,.T.);
#1706=ORIENTED_EDGE('',*,*,#1235,.T.);
#1707=ORIENTED_EDGE('',*,*,#1233,.T.);
#1708=ORIENTED_EDGE('',*,*,#1231,.T.);
#1709=ORIENTED_EDGE('',*,*,#1229,.T.);
#1710=ORIENTED_EDGE('',*,*,#1227,.T.);
#1711=ORIENTED_EDGE('',*,*,#1225,.T.);
#1712=ORIENTED_EDGE('',*,*,#1223,.T.);
#1713=ORIENTED_EDGE('',*,*,#1245,.F.);
#1714=ORIENTED_EDGE('',*,*,#1242,.F.);
#1715=ORIENTED_EDGE('',*,*,#1246,.F.);
#1716=ORIENTED_EDGE('',*,*,#1216,.F.);
#1717=ORIENTED_EDGE('',*,*,#1246,.T.);
#1718=ORIENTED_EDGE('',*,*,#1241,.F.);
#1719=ORIENTED_EDGE('',*,*,#1247,.F.);
#1720=ORIENTED_EDGE('',*,*,#1218,.F.);
#1721=ORIENTED_EDGE('',*,*,#1245,.T.);
#1722=ORIENTED_EDGE('',*,*,#1214,.F.);
#1723=ORIENTED_EDGE('',*,*,#1248,.F.);
#1724=ORIENTED_EDGE('',*,*,#1243,.F.);
#1725=ORIENTED_EDGE('',*,*,#1247,.T.);
#1726=ORIENTED_EDGE('',*,*,#1240,.F.);
#1727=ORIENTED_EDGE('',*,*,#1249,.F.);
#1728=ORIENTED_EDGE('',*,*,#1236,.F.);
#1729=ORIENTED_EDGE('',*,*,#1248,.T.);
#1730=ORIENTED_EDGE('',*,*,#1212,.F.);
#1731=ORIENTED_EDGE('',*,*,#1250,.F.);
#1732=ORIENTED_EDGE('',*,*,#1244,.F.);
#1733=ORIENTED_EDGE('',*,*,#1249,.T.);
#1734=ORIENTED_EDGE('',*,*,#1239,.F.);
#1735=ORIENTED_EDGE('',*,*,#1251,.F.);
#1736=ORIENTED_EDGE('',*,*,#1206,.F.);
#1737=ORIENTED_EDGE('',*,*,#1250,.T.);
#1738=ORIENTED_EDGE('',*,*,#1210,.F.);
#1739=ORIENTED_EDGE('',*,*,#1252,.F.);
#1740=ORIENTED_EDGE('',*,*,#1237,.F.);
#1741=ORIENTED_EDGE('',*,*,#1251,.T.);
#1742=ORIENTED_EDGE('',*,*,#1238,.F.);
#1743=ORIENTED_EDGE('',*,*,#1252,.T.);
#1744=ORIENTED_EDGE('',*,*,#1208,.F.);
#1745=ORIENTED_EDGE('',*,*,#1253,.T.);
#1746=ORIENTED_EDGE('',*,*,#1254,.T.);
#1747=ORIENTED_EDGE('',*,*,#1255,.T.);
#1748=ORIENTED_EDGE('',*,*,#1256,.T.);
#1749=ORIENTED_EDGE('',*,*,#1257,.T.);
#1750=ORIENTED_EDGE('',*,*,#1258,.T.);
#1751=ORIENTED_EDGE('',*,*,#1253,.F.);
#1752=ORIENTED_EDGE('',*,*,#1259,.T.);
#1753=ORIENTED_EDGE('',*,*,#1260,.T.);
#1754=ORIENTED_EDGE('',*,*,#1261,.T.);
#1755=ORIENTED_EDGE('',*,*,#1257,.F.);
#1756=ORIENTED_EDGE('',*,*,#1262,.T.);
#1757=ORIENTED_EDGE('',*,*,#1263,.F.);
#1758=ORIENTED_EDGE('',*,*,#1264,.T.);
#1759=ORIENTED_EDGE('',*,*,#1265,.T.);
#1760=ORIENTED_EDGE('',*,*,#1266,.T.);
#1761=ORIENTED_EDGE('',*,*,#1267,.T.);
#1762=ORIENTED_EDGE('',*,*,#1268,.T.);
#1763=ORIENTED_EDGE('',*,*,#1269,.F.);
#1764=ORIENTED_EDGE('',*,*,#1270,.F.);
#1765=ORIENTED_EDGE('',*,*,#1271,.T.);
#1766=ORIENTED_EDGE('',*,*,#1272,.T.);
#1767=ORIENTED_EDGE('',*,*,#1267,.F.);
#1768=ORIENTED_EDGE('',*,*,#1273,.F.);
#1769=ORIENTED_EDGE('',*,*,#1274,.T.);
#1770=ORIENTED_EDGE('',*,*,#1275,.T.);
#1771=ORIENTED_EDGE('',*,*,#1271,.F.);
#1772=ORIENTED_EDGE('',*,*,#1276,.F.);
#1773=ORIENTED_EDGE('',*,*,#1277,.F.);
#1774=ORIENTED_EDGE('',*,*,#1278,.F.);
#1775=ORIENTED_EDGE('',*,*,#1279,.F.);
#1776=ORIENTED_EDGE('',*,*,#1280,.T.);
#1777=ORIENTED_EDGE('',*,*,#1277,.T.);
#1778=ORIENTED_EDGE('',*,*,#1281,.T.);
#1779=ORIENTED_EDGE('',*,*,#1274,.F.);
#1780=ORIENTED_EDGE('',*,*,#1282,.F.);
#1781=ORIENTED_EDGE('',*,*,#1283,.F.);
#1782=ORIENTED_EDGE('',*,*,#1268,.F.);
#1783=ORIENTED_EDGE('',*,*,#1272,.F.);
#1784=ORIENTED_EDGE('',*,*,#1275,.F.);
#1785=ORIENTED_EDGE('',*,*,#1281,.F.);
#1786=ORIENTED_EDGE('',*,*,#1280,.F.);
#1787=ORIENTED_EDGE('',*,*,#1284,.F.);
#1788=ORIENTED_EDGE('',*,*,#1254,.F.);
#1789=ORIENTED_EDGE('',*,*,#1258,.F.);
#1790=ORIENTED_EDGE('',*,*,#1261,.F.);
#1791=ORIENTED_EDGE('',*,*,#1285,.F.);
#1792=ORIENTED_EDGE('',*,*,#1266,.F.);
#1793=ORIENTED_EDGE('',*,*,#1286,.F.);
#1794=ORIENTED_EDGE('',*,*,#1264,.F.);
#1795=ORIENTED_EDGE('',*,*,#1287,.F.);
#1796=ORIENTED_EDGE('',*,*,#1262,.F.);
#1797=ORIENTED_EDGE('',*,*,#1259,.F.);
#1798=ORIENTED_EDGE('',*,*,#1256,.F.);
#1799=ORIENTED_EDGE('',*,*,#1288,.F.);
#1800=ORIENTED_EDGE('',*,*,#1278,.T.);
#1801=ORIENTED_EDGE('',*,*,#1282,.T.);
#1802=ORIENTED_EDGE('',*,*,#1276,.T.);
#1803=ORIENTED_EDGE('',*,*,#1273,.T.);
#1804=ORIENTED_EDGE('',*,*,#1270,.T.);
#1805=ORIENTED_EDGE('',*,*,#1289,.F.);
#1806=ORIENTED_EDGE('',*,*,#1284,.T.);
#1807=ORIENTED_EDGE('',*,*,#1279,.T.);
#1808=ORIENTED_EDGE('',*,*,#1288,.T.);
#1809=ORIENTED_EDGE('',*,*,#1255,.F.);
#1810=ORIENTED_EDGE('',*,*,#1263,.T.);
#1811=ORIENTED_EDGE('',*,*,#1285,.T.);
#1812=ORIENTED_EDGE('',*,*,#1260,.F.);
#1813=ORIENTED_EDGE('',*,*,#1287,.T.);
#1814=ORIENTED_EDGE('',*,*,#1290,.T.);
#1815=ORIENTED_EDGE('',*,*,#1291,.T.);
#1816=ORIENTED_EDGE('',*,*,#1289,.T.);
#1817=ORIENTED_EDGE('',*,*,#1291,.F.);
#1818=ORIENTED_EDGE('',*,*,#1290,.F.);
#1819=ORIENTED_EDGE('',*,*,#1283,.T.);
#1820=ORIENTED_EDGE('',*,*,#1265,.F.);
#1821=ORIENTED_EDGE('',*,*,#1286,.T.);
#1822=ORIENTED_EDGE('',*,*,#1269,.T.);
#1823=ORIENTED_EDGE('',*,*,#1292,.T.);
#1824=ORIENTED_EDGE('',*,*,#1293,.T.);
#1825=ORIENTED_EDGE('',*,*,#1294,.T.);
#1826=ORIENTED_EDGE('',*,*,#1295,.T.);
#1827=ORIENTED_EDGE('',*,*,#1296,.T.);
#1828=ORIENTED_EDGE('',*,*,#1297,.T.);
#1829=ORIENTED_EDGE('',*,*,#1292,.F.);
#1830=ORIENTED_EDGE('',*,*,#1298,.T.);
#1831=ORIENTED_EDGE('',*,*,#1299,.T.);
#1832=ORIENTED_EDGE('',*,*,#1300,.T.);
#1833=ORIENTED_EDGE('',*,*,#1296,.F.);
#1834=ORIENTED_EDGE('',*,*,#1301,.T.);
#1835=ORIENTED_EDGE('',*,*,#1302,.F.);
#1836=ORIENTED_EDGE('',*,*,#1303,.T.);
#1837=ORIENTED_EDGE('',*,*,#1304,.T.);
#1838=ORIENTED_EDGE('',*,*,#1305,.T.);
#1839=ORIENTED_EDGE('',*,*,#1306,.T.);
#1840=ORIENTED_EDGE('',*,*,#1307,.T.);
#1841=ORIENTED_EDGE('',*,*,#1308,.F.);
#1842=ORIENTED_EDGE('',*,*,#1309,.F.);
#1843=ORIENTED_EDGE('',*,*,#1310,.T.);
#1844=ORIENTED_EDGE('',*,*,#1311,.T.);
#1845=ORIENTED_EDGE('',*,*,#1306,.F.);
#1846=ORIENTED_EDGE('',*,*,#1312,.F.);
#1847=ORIENTED_EDGE('',*,*,#1313,.T.);
#1848=ORIENTED_EDGE('',*,*,#1314,.T.);
#1849=ORIENTED_EDGE('',*,*,#1310,.F.);
#1850=ORIENTED_EDGE('',*,*,#1315,.F.);
#1851=ORIENTED_EDGE('',*,*,#1316,.F.);
#1852=ORIENTED_EDGE('',*,*,#1317,.F.);
#1853=ORIENTED_EDGE('',*,*,#1318,.F.);
#1854=ORIENTED_EDGE('',*,*,#1319,.T.);
#1855=ORIENTED_EDGE('',*,*,#1316,.T.);
#1856=ORIENTED_EDGE('',*,*,#1320,.T.);
#1857=ORIENTED_EDGE('',*,*,#1313,.F.);
#1858=ORIENTED_EDGE('',*,*,#1321,.F.);
#1859=ORIENTED_EDGE('',*,*,#1322,.F.);
#1860=ORIENTED_EDGE('',*,*,#1307,.F.);
#1861=ORIENTED_EDGE('',*,*,#1311,.F.);
#1862=ORIENTED_EDGE('',*,*,#1314,.F.);
#1863=ORIENTED_EDGE('',*,*,#1320,.F.);
#1864=ORIENTED_EDGE('',*,*,#1319,.F.);
#1865=ORIENTED_EDGE('',*,*,#1323,.F.);
#1866=ORIENTED_EDGE('',*,*,#1293,.F.);
#1867=ORIENTED_EDGE('',*,*,#1297,.F.);
#1868=ORIENTED_EDGE('',*,*,#1300,.F.);
#1869=ORIENTED_EDGE('',*,*,#1324,.F.);
#1870=ORIENTED_EDGE('',*,*,#1305,.F.);
#1871=ORIENTED_EDGE('',*,*,#1325,.F.);
#1872=ORIENTED_EDGE('',*,*,#1303,.F.);
#1873=ORIENTED_EDGE('',*,*,#1326,.F.);
#1874=ORIENTED_EDGE('',*,*,#1301,.F.);
#1875=ORIENTED_EDGE('',*,*,#1298,.F.);
#1876=ORIENTED_EDGE('',*,*,#1295,.F.);
#1877=ORIENTED_EDGE('',*,*,#1327,.F.);
#1878=ORIENTED_EDGE('',*,*,#1317,.T.);
#1879=ORIENTED_EDGE('',*,*,#1321,.T.);
#1880=ORIENTED_EDGE('',*,*,#1315,.T.);
#1881=ORIENTED_EDGE('',*,*,#1312,.T.);
#1882=ORIENTED_EDGE('',*,*,#1309,.T.);
#1883=ORIENTED_EDGE('',*,*,#1328,.F.);
#1884=ORIENTED_EDGE('',*,*,#1323,.T.);
#1885=ORIENTED_EDGE('',*,*,#1318,.T.);
#1886=ORIENTED_EDGE('',*,*,#1327,.T.);
#1887=ORIENTED_EDGE('',*,*,#1294,.F.);
#1888=ORIENTED_EDGE('',*,*,#1302,.T.);
#1889=ORIENTED_EDGE('',*,*,#1324,.T.);
#1890=ORIENTED_EDGE('',*,*,#1299,.F.);
#1891=ORIENTED_EDGE('',*,*,#1326,.T.);
#1892=ORIENTED_EDGE('',*,*,#1329,.T.);
#1893=ORIENTED_EDGE('',*,*,#1330,.T.);
#1894=ORIENTED_EDGE('',*,*,#1328,.T.);
#1895=ORIENTED_EDGE('',*,*,#1330,.F.);
#1896=ORIENTED_EDGE('',*,*,#1329,.F.);
#1897=ORIENTED_EDGE('',*,*,#1322,.T.);
#1898=ORIENTED_EDGE('',*,*,#1304,.F.);
#1899=ORIENTED_EDGE('',*,*,#1325,.T.);
#1900=ORIENTED_EDGE('',*,*,#1308,.T.);
#1901=ORIENTED_EDGE('',*,*,#1331,.T.);
#1902=ORIENTED_EDGE('',*,*,#1332,.T.);
#1903=ORIENTED_EDGE('',*,*,#1333,.T.);
#1904=ORIENTED_EDGE('',*,*,#1334,.T.);
#1905=ORIENTED_EDGE('',*,*,#1335,.T.);
#1906=ORIENTED_EDGE('',*,*,#1336,.T.);
#1907=ORIENTED_EDGE('',*,*,#1331,.F.);
#1908=ORIENTED_EDGE('',*,*,#1337,.T.);
#1909=ORIENTED_EDGE('',*,*,#1338,.T.);
#1910=ORIENTED_EDGE('',*,*,#1339,.T.);
#1911=ORIENTED_EDGE('',*,*,#1335,.F.);
#1912=ORIENTED_EDGE('',*,*,#1340,.T.);
#1913=ORIENTED_EDGE('',*,*,#1341,.F.);
#1914=ORIENTED_EDGE('',*,*,#1342,.T.);
#1915=ORIENTED_EDGE('',*,*,#1343,.T.);
#1916=ORIENTED_EDGE('',*,*,#1344,.T.);
#1917=ORIENTED_EDGE('',*,*,#1345,.T.);
#1918=ORIENTED_EDGE('',*,*,#1346,.T.);
#1919=ORIENTED_EDGE('',*,*,#1347,.F.);
#1920=ORIENTED_EDGE('',*,*,#1348,.F.);
#1921=ORIENTED_EDGE('',*,*,#1349,.T.);
#1922=ORIENTED_EDGE('',*,*,#1350,.T.);
#1923=ORIENTED_EDGE('',*,*,#1345,.F.);
#1924=ORIENTED_EDGE('',*,*,#1351,.F.);
#1925=ORIENTED_EDGE('',*,*,#1352,.T.);
#1926=ORIENTED_EDGE('',*,*,#1353,.T.);
#1927=ORIENTED_EDGE('',*,*,#1349,.F.);
#1928=ORIENTED_EDGE('',*,*,#1354,.F.);
#1929=ORIENTED_EDGE('',*,*,#1355,.F.);
#1930=ORIENTED_EDGE('',*,*,#1356,.F.);
#1931=ORIENTED_EDGE('',*,*,#1357,.F.);
#1932=ORIENTED_EDGE('',*,*,#1358,.T.);
#1933=ORIENTED_EDGE('',*,*,#1355,.T.);
#1934=ORIENTED_EDGE('',*,*,#1359,.T.);
#1935=ORIENTED_EDGE('',*,*,#1352,.F.);
#1936=ORIENTED_EDGE('',*,*,#1360,.F.);
#1937=ORIENTED_EDGE('',*,*,#1361,.F.);
#1938=ORIENTED_EDGE('',*,*,#1346,.F.);
#1939=ORIENTED_EDGE('',*,*,#1350,.F.);
#1940=ORIENTED_EDGE('',*,*,#1353,.F.);
#1941=ORIENTED_EDGE('',*,*,#1359,.F.);
#1942=ORIENTED_EDGE('',*,*,#1358,.F.);
#1943=ORIENTED_EDGE('',*,*,#1362,.F.);
#1944=ORIENTED_EDGE('',*,*,#1332,.F.);
#1945=ORIENTED_EDGE('',*,*,#1336,.F.);
#1946=ORIENTED_EDGE('',*,*,#1339,.F.);
#1947=ORIENTED_EDGE('',*,*,#1363,.F.);
#1948=ORIENTED_EDGE('',*,*,#1344,.F.);
#1949=ORIENTED_EDGE('',*,*,#1364,.F.);
#1950=ORIENTED_EDGE('',*,*,#1342,.F.);
#1951=ORIENTED_EDGE('',*,*,#1365,.F.);
#1952=ORIENTED_EDGE('',*,*,#1340,.F.);
#1953=ORIENTED_EDGE('',*,*,#1337,.F.);
#1954=ORIENTED_EDGE('',*,*,#1334,.F.);
#1955=ORIENTED_EDGE('',*,*,#1366,.F.);
#1956=ORIENTED_EDGE('',*,*,#1356,.T.);
#1957=ORIENTED_EDGE('',*,*,#1360,.T.);
#1958=ORIENTED_EDGE('',*,*,#1354,.T.);
#1959=ORIENTED_EDGE('',*,*,#1351,.T.);
#1960=ORIENTED_EDGE('',*,*,#1348,.T.);
#1961=ORIENTED_EDGE('',*,*,#1367,.F.);
#1962=ORIENTED_EDGE('',*,*,#1362,.T.);
#1963=ORIENTED_EDGE('',*,*,#1357,.T.);
#1964=ORIENTED_EDGE('',*,*,#1366,.T.);
#1965=ORIENTED_EDGE('',*,*,#1333,.F.);
#1966=ORIENTED_EDGE('',*,*,#1341,.T.);
#1967=ORIENTED_EDGE('',*,*,#1363,.T.);
#1968=ORIENTED_EDGE('',*,*,#1338,.F.);
#1969=ORIENTED_EDGE('',*,*,#1365,.T.);
#1970=ORIENTED_EDGE('',*,*,#1368,.T.);
#1971=ORIENTED_EDGE('',*,*,#1369,.T.);
#1972=ORIENTED_EDGE('',*,*,#1367,.T.);
#1973=ORIENTED_EDGE('',*,*,#1369,.F.);
#1974=ORIENTED_EDGE('',*,*,#1368,.F.);
#1975=ORIENTED_EDGE('',*,*,#1361,.T.);
#1976=ORIENTED_EDGE('',*,*,#1343,.F.);
#1977=ORIENTED_EDGE('',*,*,#1364,.T.);
#1978=ORIENTED_EDGE('',*,*,#1347,.T.);
#1979=ORIENTED_EDGE('',*,*,#1370,.T.);
#1980=ORIENTED_EDGE('',*,*,#1371,.T.);
#1981=ORIENTED_EDGE('',*,*,#1372,.T.);
#1982=ORIENTED_EDGE('',*,*,#1373,.T.);
#1983=ORIENTED_EDGE('',*,*,#1374,.T.);
#1984=ORIENTED_EDGE('',*,*,#1375,.T.);
#1985=ORIENTED_EDGE('',*,*,#1370,.F.);
#1986=ORIENTED_EDGE('',*,*,#1376,.T.);
#1987=ORIENTED_EDGE('',*,*,#1377,.T.);
#1988=ORIENTED_EDGE('',*,*,#1378,.T.);
#1989=ORIENTED_EDGE('',*,*,#1374,.F.);
#1990=ORIENTED_EDGE('',*,*,#1379,.T.);
#1991=ORIENTED_EDGE('',*,*,#1380,.F.);
#1992=ORIENTED_EDGE('',*,*,#1381,.T.);
#1993=ORIENTED_EDGE('',*,*,#1382,.T.);
#1994=ORIENTED_EDGE('',*,*,#1383,.T.);
#1995=ORIENTED_EDGE('',*,*,#1384,.T.);
#1996=ORIENTED_EDGE('',*,*,#1385,.T.);
#1997=ORIENTED_EDGE('',*,*,#1386,.F.);
#1998=ORIENTED_EDGE('',*,*,#1387,.F.);
#1999=ORIENTED_EDGE('',*,*,#1388,.T.);
#2000=ORIENTED_EDGE('',*,*,#1389,.T.);
#2001=ORIENTED_EDGE('',*,*,#1384,.F.);
#2002=ORIENTED_EDGE('',*,*,#1390,.F.);
#2003=ORIENTED_EDGE('',*,*,#1391,.T.);
#2004=ORIENTED_EDGE('',*,*,#1392,.T.);
#2005=ORIENTED_EDGE('',*,*,#1388,.F.);
#2006=ORIENTED_EDGE('',*,*,#1393,.F.);
#2007=ORIENTED_EDGE('',*,*,#1394,.F.);
#2008=ORIENTED_EDGE('',*,*,#1395,.F.);
#2009=ORIENTED_EDGE('',*,*,#1396,.F.);
#2010=ORIENTED_EDGE('',*,*,#1397,.T.);
#2011=ORIENTED_EDGE('',*,*,#1394,.T.);
#2012=ORIENTED_EDGE('',*,*,#1398,.T.);
#2013=ORIENTED_EDGE('',*,*,#1391,.F.);
#2014=ORIENTED_EDGE('',*,*,#1399,.F.);
#2015=ORIENTED_EDGE('',*,*,#1400,.F.);
#2016=ORIENTED_EDGE('',*,*,#1385,.F.);
#2017=ORIENTED_EDGE('',*,*,#1389,.F.);
#2018=ORIENTED_EDGE('',*,*,#1392,.F.);
#2019=ORIENTED_EDGE('',*,*,#1398,.F.);
#2020=ORIENTED_EDGE('',*,*,#1397,.F.);
#2021=ORIENTED_EDGE('',*,*,#1401,.F.);
#2022=ORIENTED_EDGE('',*,*,#1371,.F.);
#2023=ORIENTED_EDGE('',*,*,#1375,.F.);
#2024=ORIENTED_EDGE('',*,*,#1378,.F.);
#2025=ORIENTED_EDGE('',*,*,#1402,.F.);
#2026=ORIENTED_EDGE('',*,*,#1383,.F.);
#2027=ORIENTED_EDGE('',*,*,#1403,.F.);
#2028=ORIENTED_EDGE('',*,*,#1381,.F.);
#2029=ORIENTED_EDGE('',*,*,#1404,.F.);
#2030=ORIENTED_EDGE('',*,*,#1379,.F.);
#2031=ORIENTED_EDGE('',*,*,#1376,.F.);
#2032=ORIENTED_EDGE('',*,*,#1373,.F.);
#2033=ORIENTED_EDGE('',*,*,#1405,.F.);
#2034=ORIENTED_EDGE('',*,*,#1395,.T.);
#2035=ORIENTED_EDGE('',*,*,#1399,.T.);
#2036=ORIENTED_EDGE('',*,*,#1393,.T.);
#2037=ORIENTED_EDGE('',*,*,#1390,.T.);
#2038=ORIENTED_EDGE('',*,*,#1387,.T.);
#2039=ORIENTED_EDGE('',*,*,#1406,.F.);
#2040=ORIENTED_EDGE('',*,*,#1401,.T.);
#2041=ORIENTED_EDGE('',*,*,#1396,.T.);
#2042=ORIENTED_EDGE('',*,*,#1405,.T.);
#2043=ORIENTED_EDGE('',*,*,#1372,.F.);
#2044=ORIENTED_EDGE('',*,*,#1380,.T.);
#2045=ORIENTED_EDGE('',*,*,#1402,.T.);
#2046=ORIENTED_EDGE('',*,*,#1377,.F.);
#2047=ORIENTED_EDGE('',*,*,#1404,.T.);
#2048=ORIENTED_EDGE('',*,*,#1407,.T.);
#2049=ORIENTED_EDGE('',*,*,#1408,.T.);
#2050=ORIENTED_EDGE('',*,*,#1406,.T.);
#2051=ORIENTED_EDGE('',*,*,#1408,.F.);
#2052=ORIENTED_EDGE('',*,*,#1407,.F.);
#2053=ORIENTED_EDGE('',*,*,#1400,.T.);
#2054=ORIENTED_EDGE('',*,*,#1382,.F.);
#2055=ORIENTED_EDGE('',*,*,#1403,.T.);
#2056=ORIENTED_EDGE('',*,*,#1386,.T.);
#2057=CYLINDRICAL_SURFACE('',#2280,1.1);
#2058=CYLINDRICAL_SURFACE('',#2283,1.9);
#2059=CYLINDRICAL_SURFACE('',#2287,1.1);
#2060=CYLINDRICAL_SURFACE('',#2290,1.9);
#2061=CYLINDRICAL_SURFACE('',#2294,1.1);
#2062=CYLINDRICAL_SURFACE('',#2297,1.9);
#2063=CYLINDRICAL_SURFACE('',#2301,1.1);
#2064=CYLINDRICAL_SURFACE('',#2304,1.9);
#2065=CYLINDRICAL_SURFACE('',#2318,5.8);
#2066=CYLINDRICAL_SURFACE('',#2322,5.8);
#2067=CYLINDRICAL_SURFACE('',#2326,5.8);
#2068=CYLINDRICAL_SURFACE('',#2334,5.8);
#2069=CYLINDRICAL_SURFACE('',#2355,1.);
#2070=CYLINDRICAL_SURFACE('',#2357,1.);
#2071=CYLINDRICAL_SURFACE('',#2359,1.);
#2072=CYLINDRICAL_SURFACE('',#2361,1.);
#2073=CYLINDRICAL_SURFACE('',#2379,4.8);
#2074=CYLINDRICAL_SURFACE('',#2382,4.8);
#2075=CYLINDRICAL_SURFACE('',#2385,4.8);
#2076=CYLINDRICAL_SURFACE('',#2388,4.8);
#2077=CYLINDRICAL_SURFACE('',#2390,3.8);
#2078=CYLINDRICAL_SURFACE('',#2393,3.8);
#2079=CYLINDRICAL_SURFACE('',#2396,3.8);
#2080=CYLINDRICAL_SURFACE('',#2399,3.8);
#2081=CYLINDRICAL_SURFACE('',#2416,0.8115);
#2082=CYLINDRICAL_SURFACE('',#2418,0.8115);
#2083=CYLINDRICAL_SURFACE('',#2419,0.8115);
#2084=CYLINDRICAL_SURFACE('',#2420,0.8115);
#2085=CYLINDRICAL_SURFACE('',#2422,1.037);
#2086=CYLINDRICAL_SURFACE('',#2424,1.037);
#2087=CYLINDRICAL_SURFACE('',#2425,1.037);
#2088=CYLINDRICAL_SURFACE('',#2426,1.037);
#2089=CYLINDRICAL_SURFACE('',#2428,1.037);
#2090=CYLINDRICAL_SURFACE('',#2431,0.8115);
#2091=CYLINDRICAL_SURFACE('',#2432,1.7);
#2092=CYLINDRICAL_SURFACE('',#2435,0.8115);
#2093=CYLINDRICAL_SURFACE('',#2437,0.8115);
#2094=CYLINDRICAL_SURFACE('',#2438,0.8115);
#2095=CYLINDRICAL_SURFACE('',#2439,0.8115);
#2096=CYLINDRICAL_SURFACE('',#2441,1.037);
#2097=CYLINDRICAL_SURFACE('',#2443,1.037);
#2098=CYLINDRICAL_SURFACE('',#2444,1.037);
#2099=CYLINDRICAL_SURFACE('',#2445,1.037);
#2100=CYLINDRICAL_SURFACE('',#2447,1.037);
#2101=CYLINDRICAL_SURFACE('',#2450,0.8115);
#2102=CYLINDRICAL_SURFACE('',#2451,1.7);
#2103=CYLINDRICAL_SURFACE('',#2454,0.8115);
#2104=CYLINDRICAL_SURFACE('',#2456,0.8115);
#2105=CYLINDRICAL_SURFACE('',#2457,0.8115);
#2106=CYLINDRICAL_SURFACE('',#2458,0.8115);
#2107=CYLINDRICAL_SURFACE('',#2460,1.037);
#2108=CYLINDRICAL_SURFACE('',#2462,1.037);
#2109=CYLINDRICAL_SURFACE('',#2463,1.037);
#2110=CYLINDRICAL_SURFACE('',#2464,1.037);
#2111=CYLINDRICAL_SURFACE('',#2466,1.037);
#2112=CYLINDRICAL_SURFACE('',#2469,0.8115);
#2113=CYLINDRICAL_SURFACE('',#2470,1.7);
#2114=CYLINDRICAL_SURFACE('',#2473,0.8115);
#2115=CYLINDRICAL_SURFACE('',#2475,0.8115);
#2116=CYLINDRICAL_SURFACE('',#2476,0.8115);
#2117=CYLINDRICAL_SURFACE('',#2477,0.8115);
#2118=CYLINDRICAL_SURFACE('',#2479,1.037);
#2119=CYLINDRICAL_SURFACE('',#2481,1.037);
#2120=CYLINDRICAL_SURFACE('',#2482,1.037);
#2121=CYLINDRICAL_SURFACE('',#2483,1.037);
#2122=CYLINDRICAL_SURFACE('',#2485,1.037);
#2123=CYLINDRICAL_SURFACE('',#2488,0.8115);
#2124=CYLINDRICAL_SURFACE('',#2489,1.7);
#2125=ADVANCED_FACE('',(#213),#2057,.T.);
#2126=ADVANCED_FACE('',(#214),#2058,.F.);
#2127=ADVANCED_FACE('',(#215,#145),#165,.T.);
#2128=ADVANCED_FACE('',(#216),#2059,.T.);
#2129=ADVANCED_FACE('',(#217),#2060,.F.);
#2130=ADVANCED_FACE('',(#218,#146),#166,.T.);
#2131=ADVANCED_FACE('',(#219),#2061,.T.);
#2132=ADVANCED_FACE('',(#220),#2062,.F.);
#2133=ADVANCED_FACE('',(#221,#147),#167,.F.);
#2134=ADVANCED_FACE('',(#222),#2063,.T.);
#2135=ADVANCED_FACE('',(#223),#2064,.F.);
#2136=ADVANCED_FACE('',(#224,#148),#168,.F.);
#2137=ADVANCED_FACE('',(#225,#149,#150,#151,#152,#153),#169,.F.);
#2138=ADVANCED_FACE('',(#226),#170,.T.);
#2139=ADVANCED_FACE('',(#227),#2065,.T.);
#2140=ADVANCED_FACE('',(#228),#171,.F.);
#2141=ADVANCED_FACE('',(#229),#2066,.T.);
#2142=ADVANCED_FACE('',(#230),#172,.F.);
#2143=ADVANCED_FACE('',(#231),#2067,.T.);
#2144=ADVANCED_FACE('',(#232),#173,.T.);
#2145=ADVANCED_FACE('',(#233),#174,.F.);
#2146=ADVANCED_FACE('',(#234),#175,.T.);
#2147=ADVANCED_FACE('',(#235),#176,.T.);
#2148=ADVANCED_FACE('',(#236),#177,.F.);
#2149=ADVANCED_FACE('',(#237),#2068,.T.);
#2150=ADVANCED_FACE('',(#238,#154),#178,.F.);
#2151=ADVANCED_FACE('',(#239,#155),#179,.T.);
#2152=ADVANCED_FACE('',(#240),#180,.F.);
#2153=ADVANCED_FACE('',(#241),#181,.F.);
#2154=ADVANCED_FACE('',(#242),#182,.F.);
#2155=ADVANCED_FACE('',(#243),#183,.F.);
#2156=ADVANCED_FACE('',(#244),#2069,.F.);
#2157=ADVANCED_FACE('',(#245),#2070,.F.);
#2158=ADVANCED_FACE('',(#246),#2071,.F.);
#2159=ADVANCED_FACE('',(#247),#2072,.F.);
#2160=ADVANCED_FACE('',(#248),#184,.F.);
#2161=ADVANCED_FACE('',(#249),#133,.F.);
#2162=ADVANCED_FACE('',(#250),#134,.F.);
#2163=ADVANCED_FACE('',(#251),#185,.T.);
#2164=ADVANCED_FACE('',(#252),#186,.F.);
#2165=ADVANCED_FACE('',(#253),#135,.F.);
#2166=ADVANCED_FACE('',(#254),#136,.F.);
#2167=ADVANCED_FACE('',(#255),#187,.T.);
#2168=ADVANCED_FACE('',(#256),#188,.F.);
#2169=ADVANCED_FACE('',(#257),#137,.T.);
#2170=ADVANCED_FACE('',(#258),#138,.T.);
#2171=ADVANCED_FACE('',(#259),#189,.T.);
#2172=ADVANCED_FACE('',(#260),#190,.F.);
#2173=ADVANCED_FACE('',(#261),#139,.T.);
#2174=ADVANCED_FACE('',(#262),#140,.T.);
#2175=ADVANCED_FACE('',(#263),#191,.T.);
#2176=ADVANCED_FACE('',(#264),#2073,.T.);
#2177=ADVANCED_FACE('',(#265),#192,.T.);
#2178=ADVANCED_FACE('',(#266),#2074,.T.);
#2179=ADVANCED_FACE('',(#267),#193,.T.);
#2180=ADVANCED_FACE('',(#268),#2075,.T.);
#2181=ADVANCED_FACE('',(#269),#194,.T.);
#2182=ADVANCED_FACE('',(#270),#2076,.T.);
#2183=ADVANCED_FACE('',(#271),#2077,.F.);
#2184=ADVANCED_FACE('',(#272),#195,.F.);
#2185=ADVANCED_FACE('',(#273),#2078,.F.);
#2186=ADVANCED_FACE('',(#274),#196,.F.);
#2187=ADVANCED_FACE('',(#275),#2079,.F.);
#2188=ADVANCED_FACE('',(#276),#197,.F.);
#2189=ADVANCED_FACE('',(#277),#2080,.F.);
#2190=ADVANCED_FACE('',(#278),#198,.F.);
#2191=ADVANCED_FACE('',(#279),#199,.T.);
#2192=ADVANCED_FACE('',(#280,#156),#200,.T.);
#2193=ADVANCED_FACE('',(#281),#201,.F.);
#2194=ADVANCED_FACE('',(#282),#141,.T.);
#2195=ADVANCED_FACE('',(#283),#142,.T.);
#2196=ADVANCED_FACE('',(#284),#202,.F.);
#2197=ADVANCED_FACE('',(#285),#203,.F.);
#2198=ADVANCED_FACE('',(#286),#143,.T.);
#2199=ADVANCED_FACE('',(#287),#144,.T.);
#2200=ADVANCED_FACE('',(#288),#204,.F.);
#2201=ADVANCED_FACE('',(#289),#2081,.F.);
#2202=ADVANCED_FACE('',(#290),#2082,.F.);
#2203=ADVANCED_FACE('',(#291),#2083,.F.);
#2204=ADVANCED_FACE('',(#292),#2084,.F.);
#2205=ADVANCED_FACE('',(#293),#2085,.F.);
#2206=ADVANCED_FACE('',(#294),#2086,.F.);
#2207=ADVANCED_FACE('',(#295),#2087,.F.);
#2208=ADVANCED_FACE('',(#296),#2088,.F.);
#2209=ADVANCED_FACE('',(#297),#2089,.F.);
#2210=ADVANCED_FACE('',(#298),#15,.F.);
#2211=ADVANCED_FACE('',(#299),#16,.F.);
#2212=ADVANCED_FACE('',(#300,#157),#205,.F.);
#2213=ADVANCED_FACE('',(#301),#2090,.F.);
#2214=ADVANCED_FACE('',(#302),#2091,.T.);
#2215=ADVANCED_FACE('',(#303,#158),#206,.T.);
#2216=ADVANCED_FACE('',(#304),#2092,.F.);
#2217=ADVANCED_FACE('',(#305),#2093,.F.);
#2218=ADVANCED_FACE('',(#306),#2094,.F.);
#2219=ADVANCED_FACE('',(#307),#2095,.F.);
#2220=ADVANCED_FACE('',(#308),#2096,.F.);
#2221=ADVANCED_FACE('',(#309),#2097,.F.);
#2222=ADVANCED_FACE('',(#310),#2098,.F.);
#2223=ADVANCED_FACE('',(#311),#2099,.F.);
#2224=ADVANCED_FACE('',(#312),#2100,.F.);
#2225=ADVANCED_FACE('',(#313),#17,.F.);
#2226=ADVANCED_FACE('',(#314),#18,.F.);
#2227=ADVANCED_FACE('',(#315,#159),#207,.F.);
#2228=ADVANCED_FACE('',(#316),#2101,.F.);
#2229=ADVANCED_FACE('',(#317),#2102,.T.);
#2230=ADVANCED_FACE('',(#318,#160),#208,.T.);
#2231=ADVANCED_FACE('',(#319),#2103,.F.);
#2232=ADVANCED_FACE('',(#320),#2104,.F.);
#2233=ADVANCED_FACE('',(#321),#2105,.F.);
#2234=ADVANCED_FACE('',(#322),#2106,.F.);
#2235=ADVANCED_FACE('',(#323),#2107,.F.);
#2236=ADVANCED_FACE('',(#324),#2108,.F.);
#2237=ADVANCED_FACE('',(#325),#2109,.F.);
#2238=ADVANCED_FACE('',(#326),#2110,.F.);
#2239=ADVANCED_FACE('',(#327),#2111,.F.);
#2240=ADVANCED_FACE('',(#328),#19,.F.);
#2241=ADVANCED_FACE('',(#329),#20,.F.);
#2242=ADVANCED_FACE('',(#330,#161),#209,.F.);
#2243=ADVANCED_FACE('',(#331),#2112,.F.);
#2244=ADVANCED_FACE('',(#332),#2113,.T.);
#2245=ADVANCED_FACE('',(#333,#162),#210,.T.);
#2246=ADVANCED_FACE('',(#334),#2114,.F.);
#2247=ADVANCED_FACE('',(#335),#2115,.F.);
#2248=ADVANCED_FACE('',(#336),#2116,.F.);
#2249=ADVANCED_FACE('',(#337),#2117,.F.);
#2250=ADVANCED_FACE('',(#338),#2118,.F.);
#2251=ADVANCED_FACE('',(#339),#2119,.F.);
#2252=ADVANCED_FACE('',(#340),#2120,.F.);
#2253=ADVANCED_FACE('',(#341),#2121,.F.);
#2254=ADVANCED_FACE('',(#342),#2122,.F.);
#2255=ADVANCED_FACE('',(#343),#21,.F.);
#2256=ADVANCED_FACE('',(#344),#22,.F.);
#2257=ADVANCED_FACE('',(#345,#163),#211,.F.);
#2258=ADVANCED_FACE('',(#346),#2123,.F.);
#2259=ADVANCED_FACE('',(#347),#2124,.T.);
#2260=ADVANCED_FACE('',(#348,#164),#212,.T.);
#2261=CLOSED_SHELL('',(#2125,#2126,#2127,#2128,#2129,#2130,#2131,#2132,
#2133,#2134,#2135,#2136,#2137,#2138,#2139,#2140,#2141,#2142,#2143,#2144,
#2145,#2146,#2147,#2148,#2149,#2150,#2151,#2152,#2153,#2154,#2155,#2156,
#2157,#2158,#2159,#2160,#2161,#2162,#2163,#2164,#2165,#2166,#2167,#2168,
#2169,#2170,#2171,#2172,#2173,#2174,#2175,#2176,#2177,#2178,#2179,#2180,
#2181,#2182,#2183,#2184,#2185,#2186,#2187,#2188,#2189,#2190,#2191,#2192,
#2193,#2194,#2195,#2196,#2197,#2198,#2199,#2200));
#2262=CLOSED_SHELL('',(#2201,#2202,#2203,#2204,#2205,#2206,#2207,#2208,
#2209,#2210,#2211,#2212,#2213,#2214,#2215));
#2263=CLOSED_SHELL('',(#2216,#2217,#2218,#2219,#2220,#2221,#2222,#2223,
#2224,#2225,#2226,#2227,#2228,#2229,#2230));
#2264=CLOSED_SHELL('',(#2231,#2232,#2233,#2234,#2235,#2236,#2237,#2238,
#2239,#2240,#2241,#2242,#2243,#2244,#2245));
#2265=CLOSED_SHELL('',(#2246,#2247,#2248,#2249,#2250,#2251,#2252,#2253,
#2254,#2255,#2256,#2257,#2258,#2259,#2260));
#2266=DERIVED_UNIT_ELEMENT(#2268,1.);
#2267=DERIVED_UNIT_ELEMENT(#6969,-3.);
#2268=(
MASS_UNIT()
NAMED_UNIT(*)
SI_UNIT(.KILO.,.GRAM.)
);
#2269=DERIVED_UNIT((#2266,#2267));
#2270=MEASURE_REPRESENTATION_ITEM('density measure',
POSITIVE_RATIO_MEASURE(7850.),#2269);
#2271=PROPERTY_DEFINITION_REPRESENTATION(#2276,#2273);
#2272=PROPERTY_DEFINITION_REPRESENTATION(#2277,#2274);
#2273=REPRESENTATION('material name',(#2275),#6966);
#2274=REPRESENTATION('density',(#2270),#6966);
#2275=DESCRIPTIVE_REPRESENTATION_ITEM('Steel','Steel');
#2276=PROPERTY_DEFINITION('material property','material name',#6981);
#2277=PROPERTY_DEFINITION('material property','density of part',#6981);
#2278=AXIS2_PLACEMENT_3D('',#3067,#2493,#2494);
#2279=AXIS2_PLACEMENT_3D('',#3068,#2495,#2496);
#2280=AXIS2_PLACEMENT_3D('',#3069,#2497,#2498);
#2281=AXIS2_PLACEMENT_3D('',#3071,#2499,#2500);
#2282=AXIS2_PLACEMENT_3D('',#3074,#2502,#2503);
#2283=AXIS2_PLACEMENT_3D('',#3075,#2504,#2505);
#2284=AXIS2_PLACEMENT_3D('',#3077,#2506,#2507);
#2285=AXIS2_PLACEMENT_3D('',#3080,#2509,#2510);
#2286=AXIS2_PLACEMENT_3D('',#3081,#2511,#2512);
#2287=AXIS2_PLACEMENT_3D('',#3082,#2513,#2514);
#2288=AXIS2_PLACEMENT_3D('',#3084,#2515,#2516);
#2289=AXIS2_PLACEMENT_3D('',#3087,#2518,#2519);
#2290=AXIS2_PLACEMENT_3D('',#3088,#2520,#2521);
#2291=AXIS2_PLACEMENT_3D('',#3090,#2522,#2523);
#2292=AXIS2_PLACEMENT_3D('',#3093,#2525,#2526);
#2293=AXIS2_PLACEMENT_3D('',#3094,#2527,#2528);
#2294=AXIS2_PLACEMENT_3D('',#3095,#2529,#2530);
#2295=AXIS2_PLACEMENT_3D('',#3097,#2531,#2532);
#2296=AXIS2_PLACEMENT_3D('',#3100,#2534,#2535);
#2297=AXIS2_PLACEMENT_3D('',#3101,#2536,#2537);
#2298=AXIS2_PLACEMENT_3D('',#3103,#2538,#2539);
#2299=AXIS2_PLACEMENT_3D('',#3106,#2541,#2542);
#2300=AXIS2_PLACEMENT_3D('',#3107,#2543,#2544);
#2301=AXIS2_PLACEMENT_3D('',#3108,#2545,#2546);
#2302=AXIS2_PLACEMENT_3D('',#3110,#2547,#2548);
#2303=AXIS2_PLACEMENT_3D('',#3113,#2550,#2551);
#2304=AXIS2_PLACEMENT_3D('',#3114,#2552,#2553);
#2305=AXIS2_PLACEMENT_3D('',#3116,#2554,#2555);
#2306=AXIS2_PLACEMENT_3D('',#3119,#2557,#2558);
#2307=AXIS2_PLACEMENT_3D('',#3120,#2559,#2560);
#2308=AXIS2_PLACEMENT_3D('',#3121,#2561,#2562);
#2309=AXIS2_PLACEMENT_3D('',#3124,#2563,#2564);
#2310=AXIS2_PLACEMENT_3D('',#3128,#2566,#2567);
#2311=AXIS2_PLACEMENT_3D('',#3132,#2569,#2570);
#2312=AXIS2_PLACEMENT_3D('',#3136,#2572,#2573);
#2313=AXIS2_PLACEMENT_3D('',#3142,#2576,#2577);
#2314=AXIS2_PLACEMENT_3D('',#3146,#2579,#2580);
#2315=AXIS2_PLACEMENT_3D('',#3150,#2582,#2583);
#2316=AXIS2_PLACEMENT_3D('',#3153,#2585,#2586);
#2317=AXIS2_PLACEMENT_3D('',#3154,#2587,#2588);
#2318=AXIS2_PLACEMENT_3D('',#3163,#2593,#2594);
#2319=AXIS2_PLACEMENT_3D('',#3165,#2595,#2596);
#2320=AXIS2_PLACEMENT_3D('',#3168,#2598,#2599);
#2321=AXIS2_PLACEMENT_3D('',#3169,#2600,#2601);
#2322=AXIS2_PLACEMENT_3D('',#3175,#2605,#2606);
#2323=AXIS2_PLACEMENT_3D('',#3177,#2607,#2608);
#2324=AXIS2_PLACEMENT_3D('',#3180,#2610,#2611);
#2325=AXIS2_PLACEMENT_3D('',#3181,#2612,#2613);
#2326=AXIS2_PLACEMENT_3D('',#3187,#2617,#2618);
#2327=AXIS2_PLACEMENT_3D('',#3189,#2619,#2620);
#2328=AXIS2_PLACEMENT_3D('',#3192,#2622,#2623);
#2329=AXIS2_PLACEMENT_3D('',#3193,#2624,#2625);
#2330=AXIS2_PLACEMENT_3D('',#3199,#2629,#2630);
#2331=AXIS2_PLACEMENT_3D('',#3205,#2634,#2635);
#2332=AXIS2_PLACEMENT_3D('',#3211,#2639,#2640);
#2333=AXIS2_PLACEMENT_3D('',#3217,#2644,#2645);
#2334=AXIS2_PLACEMENT_3D('',#3223,#2649,#2650);
#2335=AXIS2_PLACEMENT_3D('',#3224,#2651,#2652);
#2336=AXIS2_PLACEMENT_3D('',#3225,#2653,#2654);
#2337=AXIS2_PLACEMENT_3D('',#3226,#2655,#2656);
#2338=AXIS2_PLACEMENT_3D('',#3229,#2657,#2658);
#2339=AXIS2_PLACEMENT_3D('',#3233,#2660,#2661);
#2340=AXIS2_PLACEMENT_3D('',#3237,#2663,#2664);
#2341=AXIS2_PLACEMENT_3D('',#3241,#2666,#2667);
#2342=AXIS2_PLACEMENT_3D('',#3247,#2670,#2671);
#2343=AXIS2_PLACEMENT_3D('',#3251,#2673,#2674);
#2344=AXIS2_PLACEMENT_3D('',#3255,#2676,#2677);
#2345=AXIS2_PLACEMENT_3D('',#3258,#2679,#2680);
#2346=AXIS2_PLACEMENT_3D('',#3259,#2681,#2682);
#2347=AXIS2_PLACEMENT_3D('',#3262,#2683,#2684);
#2348=AXIS2_PLACEMENT_3D('',#3266,#2686,#2687);
#2349=AXIS2_PLACEMENT_3D('',#3270,#2689,#2690);
#2350=AXIS2_PLACEMENT_3D('',#3274,#2692,#2693);
#2351=AXIS2_PLACEMENT_3D('',#3276,#2695,#2696);
#2352=AXIS2_PLACEMENT_3D('',#3277,#2697,#2698);
#2353=AXIS2_PLACEMENT_3D('',#3278,#2699,#2700);
#2354=AXIS2_PLACEMENT_3D('',#3279,#2701,#2702);
#2355=AXIS2_PLACEMENT_3D('',#3280,#2703,#2704);
#2356=AXIS2_PLACEMENT_3D('',#3281,#2705,#2706);
#2357=AXIS2_PLACEMENT_3D('',#3282,#2707,#2708);
#2358=AXIS2_PLACEMENT_3D('',#3283,#2709,#2710);
#2359=AXIS2_PLACEMENT_3D('',#3284,#2711,#2712);
#2360=AXIS2_PLACEMENT_3D('',#3285,#2713,#2714);
#2361=AXIS2_PLACEMENT_3D('',#3286,#2715,#2716);
#2362=AXIS2_PLACEMENT_3D('',#3287,#2717,#2718);
#2363=AXIS2_PLACEMENT_3D('',#3288,#2719,#2720);
#2364=AXIS2_PLACEMENT_3D('',#3291,#2723,#2724);
#2365=AXIS2_PLACEMENT_3D('',#3293,#2726,#2727);
#2366=AXIS2_PLACEMENT_3D('',#3295,#2729,#2730);
#2367=AXIS2_PLACEMENT_3D('',#3297,#2732,#2733);
#2368=AXIS2_PLACEMENT_3D('',#3299,#2735,#2736);
#2369=AXIS2_PLACEMENT_3D('',#3301,#2738,#2739);
#2370=AXIS2_PLACEMENT_3D('',#3303,#2741,#2742);
#2371=AXIS2_PLACEMENT_3D('',#3304,#2743,#2744);
#2372=AXIS2_PLACEMENT_3D('',#3307,#2747,#2748);
#2373=AXIS2_PLACEMENT_3D('',#3309,#2750,#2751);
#2374=AXIS2_PLACEMENT_3D('',#3311,#2753,#2754);
#2375=AXIS2_PLACEMENT_3D('',#3313,#2756,#2757);
#2376=AXIS2_PLACEMENT_3D('',#3315,#2759,#2760);
#2377=AXIS2_PLACEMENT_3D('',#3317,#2762,#2763);
#2378=AXIS2_PLACEMENT_3D('',#3319,#2765,#2766);
#2379=AXIS2_PLACEMENT_3D('',#3320,#2767,#2768);
#2380=AXIS2_PLACEMENT_3D('',#3324,#2770,#2771);
#2381=AXIS2_PLACEMENT_3D('',#3326,#2773,#2774);
#2382=AXIS2_PLACEMENT_3D('',#3330,#2777,#2778);
#2383=AXIS2_PLACEMENT_3D('',#3332,#2779,#2780);
#2384=AXIS2_PLACEMENT_3D('',#3334,#2782,#2783);
#2385=AXIS2_PLACEMENT_3D('',#3338,#2786,#2787);
#2386=AXIS2_PLACEMENT_3D('',#3340,#2788,#2789);
#2387=AXIS2_PLACEMENT_3D('',#3342,#2791,#2792);
#2388=AXIS2_PLACEMENT_3D('',#3346,#2795,#2796);
#2389=AXIS2_PLACEMENT_3D('',#3348,#2797,#2798);
#2390=AXIS2_PLACEMENT_3D('',#3350,#2800,#2801);
#2391=AXIS2_PLACEMENT_3D('',#3354,#2803,#2804);
#2392=AXIS2_PLACEMENT_3D('',#3356,#2806,#2807);
#2393=AXIS2_PLACEMENT_3D('',#3360,#2810,#2811);
#2394=AXIS2_PLACEMENT_3D('',#3362,#2812,#2813);
#2395=AXIS2_PLACEMENT_3D('',#3364,#2815,#2816);
#2396=AXIS2_PLACEMENT_3D('',#3368,#2819,#2820);
#2397=AXIS2_PLACEMENT_3D('',#3370,#2821,#2822);
#2398=AXIS2_PLACEMENT_3D('',#3372,#2824,#2825);
#2399=AXIS2_PLACEMENT_3D('',#3376,#2828,#2829);
#2400=AXIS2_PLACEMENT_3D('',#3378,#2830,#2831);
#2401=AXIS2_PLACEMENT_3D('',#3380,#2833,#2834);
#2402=AXIS2_PLACEMENT_3D('',#3382,#2836,#2837);
#2403=AXIS2_PLACEMENT_3D('',#3384,#2839,#2840);
#2404=AXIS2_PLACEMENT_3D('',#3387,#2841,#2842);
#2405=AXIS2_PLACEMENT_3D('',#3391,#2844,#2845);
#2406=AXIS2_PLACEMENT_3D('',#3395,#2847,#2848);
#2407=AXIS2_PLACEMENT_3D('',#3399,#2850,#2851);
#2408=AXIS2_PLACEMENT_3D('',#3401,#2853,#2854);
#2409=AXIS2_PLACEMENT_3D('',#3404,#2857,#2858);
#2410=AXIS2_PLACEMENT_3D('',#3406,#2860,#2861);
#2411=AXIS2_PLACEMENT_3D('',#3408,#2863,#2864);
#2412=AXIS2_PLACEMENT_3D('',#3410,#2866,#2867);
#2413=AXIS2_PLACEMENT_3D('',#3412,#2869,#2870);
#2414=AXIS2_PLACEMENT_3D('',#3414,#2872,#2873);
#2415=AXIS2_PLACEMENT_3D('',#3416,#2875,#2876);
#2416=AXIS2_PLACEMENT_3D('',#3417,#2877,#2878);
#2417=AXIS2_PLACEMENT_3D('',#3436,#2880,#2881);
#2418=AXIS2_PLACEMENT_3D('',#3456,#2882,#2883);
#2419=AXIS2_PLACEMENT_3D('',#3510,#2885,#2886);
#2420=AXIS2_PLACEMENT_3D('',#3558,#2888,#2889);
#2421=AXIS2_PLACEMENT_3D('',#3568,#2891,#2892);
#2422=AXIS2_PLACEMENT_3D('',#3579,#2893,#2894);
#2423=AXIS2_PLACEMENT_3D('',#3593,#2896,#2897);
#2424=AXIS2_PLACEMENT_3D('',#3603,#2898,#2899);
#2425=AXIS2_PLACEMENT_3D('',#3628,#2901,#2902);
#2426=AXIS2_PLACEMENT_3D('',#3653,#2904,#2905);
#2427=AXIS2_PLACEMENT_3D('',#3664,#2907,#2908);
#2428=AXIS2_PLACEMENT_3D('',#3670,#2909,#2910);
#2429=AXIS2_PLACEMENT_3D('',#4294,#2911,#2912);
#2430=AXIS2_PLACEMENT_3D('',#4296,#2913,#2914);
#2431=AXIS2_PLACEMENT_3D('',#4297,#2915,#2916);
#2432=AXIS2_PLACEMENT_3D('',#4298,#2917,#2918);
#2433=AXIS2_PLACEMENT_3D('',#4300,#2919,#2920);
#2434=AXIS2_PLACEMENT_3D('',#4302,#2922,#2923);
#2435=AXIS2_PLACEMENT_3D('',#4303,#2924,#2925);
#2436=AXIS2_PLACEMENT_3D('',#4322,#2927,#2928);
#2437=AXIS2_PLACEMENT_3D('',#4342,#2929,#2930);
#2438=AXIS2_PLACEMENT_3D('',#4396,#2932,#2933);
#2439=AXIS2_PLACEMENT_3D('',#4444,#2935,#2936);
#2440=AXIS2_PLACEMENT_3D('',#4454,#2938,#2939);
#2441=AXIS2_PLACEMENT_3D('',#4465,#2940,#2941);
#2442=AXIS2_PLACEMENT_3D('',#4479,#2943,#2944);
#2443=AXIS2_PLACEMENT_3D('',#4489,#2945,#2946);
#2444=AXIS2_PLACEMENT_3D('',#4514,#2948,#2949);
#2445=AXIS2_PLACEMENT_3D('',#4539,#2951,#2952);
#2446=AXIS2_PLACEMENT_3D('',#4550,#2954,#2955);
#2447=AXIS2_PLACEMENT_3D('',#4556,#2956,#2957);
#2448=AXIS2_PLACEMENT_3D('',#5180,#2958,#2959);
#2449=AXIS2_PLACEMENT_3D('',#5182,#2960,#2961);
#2450=AXIS2_PLACEMENT_3D('',#5183,#2962,#2963);
#2451=AXIS2_PLACEMENT_3D('',#5184,#2964,#2965);
#2452=AXIS2_PLACEMENT_3D('',#5186,#2966,#2967);
#2453=AXIS2_PLACEMENT_3D('',#5188,#2969,#2970);
#2454=AXIS2_PLACEMENT_3D('',#5189,#2971,#2972);
#2455=AXIS2_PLACEMENT_3D('',#5208,#2974,#2975);
#2456=AXIS2_PLACEMENT_3D('',#5228,#2976,#2977);
#2457=AXIS2_PLACEMENT_3D('',#5282,#2979,#2980);
#2458=AXIS2_PLACEMENT_3D('',#5330,#2982,#2983);
#2459=AXIS2_PLACEMENT_3D('',#5340,#2985,#2986);
#2460=AXIS2_PLACEMENT_3D('',#5351,#2987,#2988);
#2461=AXIS2_PLACEMENT_3D('',#5365,#2990,#2991);
#2462=AXIS2_PLACEMENT_3D('',#5375,#2992,#2993);
#2463=AXIS2_PLACEMENT_3D('',#5400,#2995,#2996);
#2464=AXIS2_PLACEMENT_3D('',#5425,#2998,#2999);
#2465=AXIS2_PLACEMENT_3D('',#5436,#3001,#3002);
#2466=AXIS2_PLACEMENT_3D('',#5442,#3003,#3004);
#2467=AXIS2_PLACEMENT_3D('',#6066,#3005,#3006);
#2468=AXIS2_PLACEMENT_3D('',#6068,#3007,#3008);
#2469=AXIS2_PLACEMENT_3D('',#6069,#3009,#3010);
#2470=AXIS2_PLACEMENT_3D('',#6070,#3011,#3012);
#2471=AXIS2_PLACEMENT_3D('',#6072,#3013,#3014);
#2472=AXIS2_PLACEMENT_3D('',#6074,#3016,#3017);
#2473=AXIS2_PLACEMENT_3D('',#6075,#3018,#3019);
#2474=AXIS2_PLACEMENT_3D('',#6094,#3021,#3022);
#2475=AXIS2_PLACEMENT_3D('',#6114,#3023,#3024);
#2476=AXIS2_PLACEMENT_3D('',#6168,#3026,#3027);
#2477=AXIS2_PLACEMENT_3D('',#6216,#3029,#3030);
#2478=AXIS2_PLACEMENT_3D('',#6226,#3032,#3033);
#2479=AXIS2_PLACEMENT_3D('',#6237,#3034,#3035);
#2480=AXIS2_PLACEMENT_3D('',#6251,#3037,#3038);
#2481=AXIS2_PLACEMENT_3D('',#6261,#3039,#3040);
#2482=AXIS2_PLACEMENT_3D('',#6286,#3042,#3043);
#2483=AXIS2_PLACEMENT_3D('',#6311,#3045,#3046);
#2484=AXIS2_PLACEMENT_3D('',#6322,#3048,#3049);
#2485=AXIS2_PLACEMENT_3D('',#6328,#3050,#3051);
#2486=AXIS2_PLACEMENT_3D('',#6952,#3052,#3053);
#2487=AXIS2_PLACEMENT_3D('',#6954,#3054,#3055);
#2488=AXIS2_PLACEMENT_3D('',#6955,#3056,#3057);
#2489=AXIS2_PLACEMENT_3D('',#6956,#3058,#3059);
#2490=AXIS2_PLACEMENT_3D('',#6958,#3060,#3061);
#2491=AXIS2_PLACEMENT_3D('',#6960,#3063,#3064);
#2492=AXIS2_PLACEMENT_3D('',#6961,#3065,#3066);
#2493=DIRECTION('axis',(0.,0.,1.));
#2494=DIRECTION('refdir',(1.,0.,0.));
#2495=DIRECTION('axis',(0.,0.,1.));
#2496=DIRECTION('refdir',(1.,0.,0.));
#2497=DIRECTION('center_axis',(0.,-1.,0.));
#2498=DIRECTION('ref_axis',(0.,0.,1.));
#2499=DIRECTION('center_axis',(0.,1.,0.));
#2500=DIRECTION('ref_axis',(0.,0.,1.));
#2501=DIRECTION('',(0.,-1.,0.));
#2502=DIRECTION('center_axis',(0.,1.,0.));
#2503=DIRECTION('ref_axis',(0.,0.,1.));
#2504=DIRECTION('center_axis',(0.,-1.,0.));
#2505=DIRECTION('ref_axis',(0.,0.,1.));
#2506=DIRECTION('center_axis',(0.,-1.,0.));
#2507=DIRECTION('ref_axis',(0.,0.,-1.));
#2508=DIRECTION('',(0.,-1.,0.));
#2509=DIRECTION('center_axis',(0.,-1.,0.));
#2510=DIRECTION('ref_axis',(0.,0.,1.));
#2511=DIRECTION('center_axis',(0.,1.,0.));
#2512=DIRECTION('ref_axis',(0.,0.,1.));
#2513=DIRECTION('center_axis',(0.,-1.,0.));
#2514=DIRECTION('ref_axis',(0.,0.,1.));
#2515=DIRECTION('center_axis',(0.,1.,0.));
#2516=DIRECTION('ref_axis',(0.,0.,1.));
#2517=DIRECTION('',(0.,-1.,0.));
#2518=DIRECTION('center_axis',(0.,1.,0.));
#2519=DIRECTION('ref_axis',(0.,0.,1.));
#2520=DIRECTION('center_axis',(0.,-1.,0.));
#2521=DIRECTION('ref_axis',(0.,0.,1.));
#2522=DIRECTION('center_axis',(0.,1.,0.));
#2523=DIRECTION('ref_axis',(0.,0.,1.));
#2524=DIRECTION('',(0.,-1.,0.));
#2525=DIRECTION('center_axis',(0.,-1.,0.));
#2526=DIRECTION('ref_axis',(0.,0.,1.));
#2527=DIRECTION('center_axis',(0.,1.,0.));
#2528=DIRECTION('ref_axis',(0.,0.,1.));
#2529=DIRECTION('center_axis',(0.,-1.,0.));
#2530=DIRECTION('ref_axis',(0.,0.,1.));
#2531=DIRECTION('center_axis',(0.,-1.,0.));
#2532=DIRECTION('ref_axis',(0.,0.,-1.));
#2533=DIRECTION('',(0.,-1.,0.));
#2534=DIRECTION('center_axis',(0.,1.,0.));
#2535=DIRECTION('ref_axis',(0.,0.,1.));
#2536=DIRECTION('center_axis',(0.,-1.,0.));
#2537=DIRECTION('ref_axis',(0.,0.,1.));
#2538=DIRECTION('center_axis',(0.,-1.,0.));
#2539=DIRECTION('ref_axis',(0.,0.,1.));
#2540=DIRECTION('',(0.,-1.,0.));
#2541=DIRECTION('center_axis',(0.,-1.,0.));
#2542=DIRECTION('ref_axis',(0.,0.,1.));
#2543=DIRECTION('center_axis',(0.,-1.,0.));
#2544=DIRECTION('ref_axis',(0.,0.,-1.));
#2545=DIRECTION('center_axis',(0.,-1.,0.));
#2546=DIRECTION('ref_axis',(0.,0.,1.));
#2547=DIRECTION('center_axis',(0.,-1.,0.));
#2548=DIRECTION('ref_axis',(0.,0.,-1.));
#2549=DIRECTION('',(0.,-1.,0.));
#2550=DIRECTION('center_axis',(0.,1.,0.));
#2551=DIRECTION('ref_axis',(0.,0.,1.));
#2552=DIRECTION('center_axis',(0.,-1.,0.));
#2553=DIRECTION('ref_axis',(0.,0.,1.));
#2554=DIRECTION('center_axis',(0.,-1.,0.));
#2555=DIRECTION('ref_axis',(0.,0.,1.));
#2556=DIRECTION('',(0.,-1.,0.));
#2557=DIRECTION('center_axis',(0.,-1.,0.));
#2558=DIRECTION('ref_axis',(0.,0.,1.));
#2559=DIRECTION('center_axis',(0.,-1.,0.));
#2560=DIRECTION('ref_axis',(0.,0.,-1.));
#2561=DIRECTION('center_axis',(0.,-1.,0.));
#2562=DIRECTION('ref_axis',(1.,0.,0.));
#2563=DIRECTION('center_axis',(0.,1.,0.));
#2564=DIRECTION('ref_axis',(0.,0.,1.));
#2565=DIRECTION('',(0.,0.,-1.));
#2566=DIRECTION('center_axis',(0.,1.,0.));
#2567=DIRECTION('ref_axis',(1.,0.,0.));
#2568=DIRECTION('',(-1.,0.,5.94762334620619E-16));
#2569=DIRECTION('center_axis',(0.,1.,0.));
#2570=DIRECTION('ref_axis',(0.,0.,-1.));
#2571=DIRECTION('',(0.,0.,-1.));
#2572=DIRECTION('center_axis',(0.,1.,0.));
#2573=DIRECTION('ref_axis',(-1.,0.,3.61400724161836E-16));
#2574=DIRECTION('',(-1.,0.,5.94762334620619E-16));
#2575=DIRECTION('',(-1.33440267382831E-16,0.,-1.));
#2576=DIRECTION('center_axis',(0.,-1.,0.));
#2577=DIRECTION('ref_axis',(0.,0.,-1.));
#2578=DIRECTION('',(-1.,0.,0.));
#2579=DIRECTION('center_axis',(0.,-1.,0.));
#2580=DIRECTION('ref_axis',(0.,0.,-1.));
#2581=DIRECTION('',(-1.33440267382831E-16,0.,-1.));
#2582=DIRECTION('center_axis',(0.,-1.,0.));
#2583=DIRECTION('ref_axis',(0.,0.,-1.));
#2584=DIRECTION('',(-1.,0.,0.));
#2585=DIRECTION('center_axis',(0.,-1.,0.));
#2586=DIRECTION('ref_axis',(0.,0.,-1.));
#2587=DIRECTION('center_axis',(-1.,0.,5.78241158658937E-16));
#2588=DIRECTION('ref_axis',(5.78241158658937E-16,0.,1.));
#2589=DIRECTION('',(0.,-1.,0.));
#2590=DIRECTION('',(-5.78241158658937E-16,0.,-1.));
#2591=DIRECTION('',(0.,-1.,0.));
#2592=DIRECTION('',(-5.78241158658937E-16,0.,-1.));
#2593=DIRECTION('center_axis',(0.,-1.,0.));
#2594=DIRECTION('ref_axis',(0.,0.,-1.));
#2595=DIRECTION('center_axis',(0.,-1.,0.));
#2596=DIRECTION('ref_axis',(0.,0.,-1.));
#2597=DIRECTION('',(0.,-1.,0.));
#2598=DIRECTION('center_axis',(0.,-1.,0.));
#2599=DIRECTION('ref_axis',(0.,0.,-1.));
#2600=DIRECTION('center_axis',(5.94762334620619E-16,0.,1.));
#2601=DIRECTION('ref_axis',(1.,0.,-5.94762334620619E-16));
#2602=DIRECTION('',(1.,0.,-5.94762334620619E-16));
#2603=DIRECTION('',(0.,-1.,0.));
#2604=DIRECTION('',(-1.,0.,5.94762334620619E-16));
#2605=DIRECTION('center_axis',(0.,-1.,0.));
#2606=DIRECTION('ref_axis',(0.,0.,-1.));
#2607=DIRECTION('center_axis',(0.,-1.,0.));
#2608=DIRECTION('ref_axis',(0.,0.,-1.));
#2609=DIRECTION('',(0.,-1.,0.));
#2610=DIRECTION('center_axis',(0.,-1.,0.));
#2611=DIRECTION('ref_axis',(0.,0.,-1.));
#2612=DIRECTION('center_axis',(-1.,0.,5.78241158658937E-16));
#2613=DIRECTION('ref_axis',(5.78241158658937E-16,0.,1.));
#2614=DIRECTION('',(5.78241158658937E-16,0.,1.));
#2615=DIRECTION('',(0.,-1.,0.));
#2616=DIRECTION('',(-5.78241158658937E-16,0.,-1.));
#2617=DIRECTION('center_axis',(0.,-1.,0.));
#2618=DIRECTION('ref_axis',(0.,0.,-1.));
#2619=DIRECTION('center_axis',(0.,-1.,0.));
#2620=DIRECTION('ref_axis',(0.,0.,-1.));
#2621=DIRECTION('',(0.,-1.,0.));
#2622=DIRECTION('center_axis',(0.,-1.,0.));
#2623=DIRECTION('ref_axis',(0.,0.,-1.));
#2624=DIRECTION('center_axis',(5.94762334620619E-16,0.,1.));
#2625=DIRECTION('ref_axis',(1.,0.,-5.94762334620619E-16));
#2626=DIRECTION('',(-1.,0.,5.94762334620619E-16));
#2627=DIRECTION('',(0.,-1.,0.));
#2628=DIRECTION('',(-1.,0.,5.9476233462062E-16));
#2629=DIRECTION('center_axis',(0.,0.,1.));
#2630=DIRECTION('ref_axis',(1.,0.,0.));
#2631=DIRECTION('',(0.,-1.,0.));
#2632=DIRECTION('',(-1.,0.,0.));
#2633=DIRECTION('',(0.,-1.,0.));
#2634=DIRECTION('center_axis',(-1.,0.,1.33440267382831E-16));
#2635=DIRECTION('ref_axis',(1.33440267382831E-16,0.,1.));
#2636=DIRECTION('',(0.,-1.,0.));
#2637=DIRECTION('',(1.33440267382831E-16,0.,1.));
#2638=DIRECTION('',(0.,-1.,0.));
#2639=DIRECTION('center_axis',(0.,0.,1.));
#2640=DIRECTION('ref_axis',(1.,0.,0.));
#2641=DIRECTION('',(0.,-1.,0.));
#2642=DIRECTION('',(1.,0.,0.));
#2643=DIRECTION('',(0.,-1.,0.));
#2644=DIRECTION('center_axis',(-1.,0.,1.33440267382831E-16));
#2645=DIRECTION('ref_axis',(1.33440267382831E-16,0.,1.));
#2646=DIRECTION('',(0.,-1.,0.));
#2647=DIRECTION('',(-1.33440267382831E-16,0.,-1.));
#2648=DIRECTION('',(0.,-1.,0.));
#2649=DIRECTION('center_axis',(0.,-1.,0.));
#2650=DIRECTION('ref_axis',(0.,0.,-1.));
#2651=DIRECTION('center_axis',(0.,-1.,0.));
#2652=DIRECTION('ref_axis',(0.,0.,-1.));
#2653=DIRECTION('center_axis',(0.,-1.,0.));
#2654=DIRECTION('ref_axis',(0.,0.,-1.));
#2655=DIRECTION('center_axis',(0.,-1.,0.));
#2656=DIRECTION('ref_axis',(1.,0.,0.));
#2657=DIRECTION('center_axis',(0.,-1.,0.));
#2658=DIRECTION('ref_axis',(0.,0.,-1.));
#2659=DIRECTION('',(5.78241158658937E-16,0.,1.));
#2660=DIRECTION('center_axis',(0.,-1.,0.));
#2661=DIRECTION('ref_axis',(0.,0.,-1.));
#2662=DIRECTION('',(1.,0.,-5.94762334620619E-16));
#2663=DIRECTION('center_axis',(0.,-1.,0.));
#2664=DIRECTION('ref_axis',(0.,0.,-1.));
#2665=DIRECTION('',(-5.78241158658937E-16,0.,-1.));
#2666=DIRECTION('center_axis',(0.,-1.,0.));
#2667=DIRECTION('ref_axis',(0.,0.,-1.));
#2668=DIRECTION('',(-1.,0.,5.94762334620619E-16));
#2669=DIRECTION('',(0.,0.,-1.));
#2670=DIRECTION('center_axis',(0.,1.,0.));
#2671=DIRECTION('ref_axis',(0.,0.,1.));
#2672=DIRECTION('',(-1.,0.,5.94762334620619E-16));
#2673=DIRECTION('center_axis',(0.,1.,0.));
#2674=DIRECTION('ref_axis',(-1.,0.,3.61400724161836E-16));
#2675=DIRECTION('',(0.,0.,-1.));
#2676=DIRECTION('center_axis',(0.,1.,0.));
#2677=DIRECTION('ref_axis',(0.,0.,-1.));
#2678=DIRECTION('',(-1.,0.,5.94762334620619E-16));
#2679=DIRECTION('center_axis',(0.,1.,0.));
#2680=DIRECTION('ref_axis',(1.,0.,0.));
#2681=DIRECTION('center_axis',(0.,-1.,0.));
#2682=DIRECTION('ref_axis',(1.,0.,0.));
#2683=DIRECTION('center_axis',(0.,-1.,0.));
#2684=DIRECTION('ref_axis',(0.,0.,-1.));
#2685=DIRECTION('',(1.33440267382831E-16,0.,1.));
#2686=DIRECTION('center_axis',(0.,-1.,0.));
#2687=DIRECTION('ref_axis',(0.,0.,-1.));
#2688=DIRECTION('',(1.,0.,0.));
#2689=DIRECTION('center_axis',(0.,-1.,0.));
#2690=DIRECTION('ref_axis',(0.,0.,-1.));
#2691=DIRECTION('',(-1.33440267382831E-16,0.,-1.));
#2692=DIRECTION('center_axis',(0.,-1.,0.));
#2693=DIRECTION('ref_axis',(0.,0.,-1.));
#2694=DIRECTION('',(-1.,0.,0.));
#2695=DIRECTION('center_axis',(0.,-1.,0.));
#2696=DIRECTION('ref_axis',(1.,0.,0.));
#2697=DIRECTION('center_axis',(0.,-1.,0.));
#2698=DIRECTION('ref_axis',(1.,0.,0.));
#2699=DIRECTION('center_axis',(0.,-1.,0.));
#2700=DIRECTION('ref_axis',(1.,0.,0.));
#2701=DIRECTION('center_axis',(0.,-1.,0.));
#2702=DIRECTION('ref_axis',(1.,0.,0.));
#2703=DIRECTION('center_axis',(0.,1.,0.));
#2704=DIRECTION('ref_axis',(0.,0.,1.));
#2705=DIRECTION('center_axis',(0.,-1.,0.));
#2706=DIRECTION('ref_axis',(0.,0.,-1.));
#2707=DIRECTION('center_axis',(0.,-1.,0.));
#2708=DIRECTION('ref_axis',(0.,0.,-1.));
#2709=DIRECTION('center_axis',(0.,-1.,0.));
#2710=DIRECTION('ref_axis',(0.,0.,-1.));
#2711=DIRECTION('center_axis',(0.,1.,0.));
#2712=DIRECTION('ref_axis',(0.,0.,1.));
#2713=DIRECTION('center_axis',(0.,-1.,0.));
#2714=DIRECTION('ref_axis',(0.,0.,-1.));
#2715=DIRECTION('center_axis',(0.,-1.,0.));
#2716=DIRECTION('ref_axis',(0.,0.,-1.));
#2717=DIRECTION('center_axis',(0.,-1.,0.));
#2718=DIRECTION('ref_axis',(0.,0.,-1.));
#2719=DIRECTION('center_axis',(0.707106781186548,0.707106781186548,-9.4356517949746E-17));
#2720=DIRECTION('ref_axis',(-1.33440267382831E-16,-1.10933564796705E-31,
-1.));
#2721=DIRECTION('',(-0.707106781186548,0.707106781186548,0.));
#2722=DIRECTION('',(0.707106781186548,-0.707106781186547,0.));
#2723=DIRECTION('center_axis',(0.,-1.,0.));
#2724=DIRECTION('ref_axis',(0.,0.,-1.));
#2725=DIRECTION('',(0.,-0.707106781186547,0.707106781186548));
#2726=DIRECTION('center_axis',(0.,-1.,0.));
#2727=DIRECTION('ref_axis',(0.,0.,-1.));
#2728=DIRECTION('',(0.,0.707106781186547,0.707106781186548));
#2729=DIRECTION('center_axis',(0.,-0.707106781186548,-0.707106781186548));
#2730=DIRECTION('ref_axis',(1.,0.,0.));
#2731=DIRECTION('',(0.,-0.707106781186548,0.707106781186548));
#2732=DIRECTION('center_axis',(0.,0.707106781186548,-0.707106781186548));
#2733=DIRECTION('ref_axis',(-1.,0.,0.));
#2734=DIRECTION('',(0.,0.707106781186547,0.707106781186548));
#2735=DIRECTION('center_axis',(0.,-1.,0.));
#2736=DIRECTION('ref_axis',(0.,0.,-1.));
#2737=DIRECTION('',(-0.707106781186548,-0.707106781186547,0.));
#2738=DIRECTION('center_axis',(0.,-1.,0.));
#2739=DIRECTION('ref_axis',(0.,0.,-1.));
#2740=DIRECTION('',(0.707106781186548,0.707106781186547,0.));
#2741=DIRECTION('center_axis',(0.707106781186548,-0.707106781186548,-9.4356517949746E-17));
#2742=DIRECTION('ref_axis',(1.33440267382831E-16,-1.10933564796705E-31,
1.));
#2743=DIRECTION('center_axis',(-0.707106781186547,-0.707106781186548,4.088782444489E-16));
#2744=DIRECTION('ref_axis',(-5.78241158658937E-16,2.95822839457879E-31,
-1.));
#2745=DIRECTION('',(0.707106781186548,-0.707106781186547,0.));
#2746=DIRECTION('',(-0.707106781186548,0.707106781186547,0.));
#2747=DIRECTION('center_axis',(0.,-1.,0.));
#2748=DIRECTION('ref_axis',(0.,0.,-1.));
#2749=DIRECTION('',(0.,0.707106781186547,-0.707106781186548));
#2750=DIRECTION('center_axis',(0.,-1.,0.));
#2751=DIRECTION('ref_axis',(0.,0.,-1.));
#2752=DIRECTION('',(0.,-0.707106781186547,-0.707106781186548));
#2753=DIRECTION('center_axis',(4.20560480004582E-16,0.707106781186548,0.707106781186547));
#2754=DIRECTION('ref_axis',(1.,-4.93038065763132E-32,-5.94762334620619E-16));
#2755=DIRECTION('',(0.,0.707106781186547,-0.707106781186548));
#2756=DIRECTION('center_axis',(4.20560480004582E-16,-0.707106781186548,
0.707106781186547));
#2757=DIRECTION('ref_axis',(-1.,-4.93038065763132E-32,5.94762334620619E-16));
#2758=DIRECTION('',(0.,-0.707106781186547,-0.707106781186548));
#2759=DIRECTION('center_axis',(0.,-1.,0.));
#2760=DIRECTION('ref_axis',(0.,0.,-1.));
#2761=DIRECTION('',(0.707106781186548,0.707106781186547,0.));
#2762=DIRECTION('center_axis',(0.,-1.,0.));
#2763=DIRECTION('ref_axis',(0.,0.,-1.));
#2764=DIRECTION('',(-0.707106781186548,-0.707106781186547,0.));
#2765=DIRECTION('center_axis',(-0.707106781186547,0.707106781186548,4.088782444489E-16));
#2766=DIRECTION('ref_axis',(5.78241158658937E-16,2.95822839457879E-31,1.));
#2767=DIRECTION('center_axis',(0.,-1.,0.));
#2768=DIRECTION('ref_axis',(0.,0.,-1.));
#2769=DIRECTION('',(0.,-1.,0.));
#2770=DIRECTION('center_axis',(0.,1.,0.));
#2771=DIRECTION('ref_axis',(0.,0.,1.));
#2772=DIRECTION('',(0.,-1.,0.));
#2773=DIRECTION('center_axis',(5.94762334620619E-16,0.,1.));
#2774=DIRECTION('ref_axis',(1.,0.,-5.94762334620619E-16));
#2775=DIRECTION('',(-1.,0.,5.94762334620619E-16));
#2776=DIRECTION('',(0.,-1.,0.));
#2777=DIRECTION('center_axis',(0.,-1.,0.));
#2778=DIRECTION('ref_axis',(0.,0.,-1.));
#2779=DIRECTION('center_axis',(0.,1.,0.));
#2780=DIRECTION('ref_axis',(0.,0.,1.));
#2781=DIRECTION('',(0.,-1.,0.));
#2782=DIRECTION('center_axis',(-1.,0.,0.));
#2783=DIRECTION('ref_axis',(0.,0.,1.));
#2784=DIRECTION('',(0.,0.,-1.));
#2785=DIRECTION('',(0.,-1.,0.));
#2786=DIRECTION('center_axis',(0.,-1.,0.));
#2787=DIRECTION('ref_axis',(0.,0.,-1.));
#2788=DIRECTION('center_axis',(0.,1.,0.));
#2789=DIRECTION('ref_axis',(0.,0.,1.));
#2790=DIRECTION('',(0.,-1.,0.));
#2791=DIRECTION('center_axis',(-5.94762334620619E-16,0.,-1.));
#2792=DIRECTION('ref_axis',(-1.,0.,5.94762334620619E-16));
#2793=DIRECTION('',(1.,0.,-5.94762334620619E-16));
#2794=DIRECTION('',(0.,-1.,0.));
#2795=DIRECTION('center_axis',(0.,-1.,0.));
#2796=DIRECTION('ref_axis',(0.,0.,-1.));
#2797=DIRECTION('center_axis',(0.,1.,0.));
#2798=DIRECTION('ref_axis',(0.,0.,1.));
#2799=DIRECTION('',(0.,-1.,0.));
#2800=DIRECTION('center_axis',(0.,-1.,0.));
#2801=DIRECTION('ref_axis',(0.,0.,-1.));
#2802=DIRECTION('',(0.,-1.,0.));
#2803=DIRECTION('center_axis',(0.,1.,0.));
#2804=DIRECTION('ref_axis',(0.,0.,1.));
#2805=DIRECTION('',(0.,-1.,0.));
#2806=DIRECTION('center_axis',(1.,0.,0.));
#2807=DIRECTION('ref_axis',(0.,0.,-1.));
#2808=DIRECTION('',(0.,0.,-1.));
#2809=DIRECTION('',(0.,-1.,0.));
#2810=DIRECTION('center_axis',(0.,-1.,0.));
#2811=DIRECTION('ref_axis',(0.,0.,-1.));
#2812=DIRECTION('center_axis',(0.,1.,0.));
#2813=DIRECTION('ref_axis',(1.,0.,0.));
#2814=DIRECTION('',(0.,-1.,0.));
#2815=DIRECTION('center_axis',(-5.94762334620619E-16,0.,-1.));
#2816=DIRECTION('ref_axis',(-1.,0.,5.94762334620619E-16));
#2817=DIRECTION('',(-1.,0.,5.94762334620619E-16));
#2818=DIRECTION('',(0.,-1.,0.));
#2819=DIRECTION('center_axis',(0.,-1.,0.));
#2820=DIRECTION('ref_axis',(0.,0.,-1.));
#2821=DIRECTION('center_axis',(0.,1.,0.));
#2822=DIRECTION('ref_axis',(0.,0.,-1.));
#2823=DIRECTION('',(0.,-1.,0.));
#2824=DIRECTION('center_axis',(-1.,0.,0.));
#2825=DIRECTION('ref_axis',(0.,0.,1.));
#2826=DIRECTION('',(0.,0.,-1.));
#2827=DIRECTION('',(0.,-1.,0.));
#2828=DIRECTION('center_axis',(0.,-1.,0.));
#2829=DIRECTION('ref_axis',(0.,0.,-1.));
#2830=DIRECTION('center_axis',(0.,1.,0.));
#2831=DIRECTION('ref_axis',(-1.,0.,3.61400724161836E-16));
#2832=DIRECTION('',(0.,-1.,0.));
#2833=DIRECTION('center_axis',(5.94762334620619E-16,0.,1.));
#2834=DIRECTION('ref_axis',(1.,0.,-5.94762334620619E-16));
#2835=DIRECTION('',(-1.,0.,5.94762334620619E-16));
#2836=DIRECTION('center_axis',(1.,0.,0.));
#2837=DIRECTION('ref_axis',(0.,0.,-1.));
#2838=DIRECTION('',(0.,0.,1.));
#2839=DIRECTION('center_axis',(0.,1.,0.));
#2840=DIRECTION('ref_axis',(0.,0.,1.));
#2841=DIRECTION('center_axis',(0.,1.,0.));
#2842=DIRECTION('ref_axis',(0.,0.,1.));
#2843=DIRECTION('',(1.,0.,-5.94762334620619E-16));
#2844=DIRECTION('center_axis',(0.,1.,0.));
#2845=DIRECTION('ref_axis',(0.,0.,1.));
#2846=DIRECTION('',(0.,0.,-1.));
#2847=DIRECTION('center_axis',(0.,1.,0.));
#2848=DIRECTION('ref_axis',(0.,0.,1.));
#2849=DIRECTION('',(-1.,0.,5.94762334620619E-16));
#2850=DIRECTION('center_axis',(0.,1.,0.));
#2851=DIRECTION('ref_axis',(0.,0.,1.));
#2852=DIRECTION('',(0.,0.,1.));
#2853=DIRECTION('center_axis',(4.20560480004581E-16,-0.70710678118655,0.707106781186545));
#2854=DIRECTION('ref_axis',(1.,1.97215226305253E-31,-5.94762334620619E-16));
#2855=DIRECTION('',(0.,-0.707106781186545,-0.70710678118655));
#2856=DIRECTION('',(0.,0.707106781186545,0.70710678118655));
#2857=DIRECTION('center_axis',(0.,-1.,0.));
#2858=DIRECTION('ref_axis',(0.,0.,-1.));
#2859=DIRECTION('',(-0.707106781186548,0.707106781186547,0.));
#2860=DIRECTION('center_axis',(0.,-1.,0.));
#2861=DIRECTION('ref_axis',(0.,0.,-1.));
#2862=DIRECTION('',(-0.707106781186548,-0.707106781186547,2.4532694666934E-15));
#2863=DIRECTION('center_axis',(-0.707106781186547,-0.707106781186548,0.));
#2864=DIRECTION('ref_axis',(0.,0.,1.));
#2865=DIRECTION('',(-0.707106781186548,0.707106781186547,0.));
#2866=DIRECTION('center_axis',(0.707106781186547,-0.707106781186548,0.));
#2867=DIRECTION('ref_axis',(0.,0.,-1.));
#2868=DIRECTION('',(-0.707106781186548,-0.707106781186547,0.));
#2869=DIRECTION('center_axis',(0.,-1.,0.));
#2870=DIRECTION('ref_axis',(0.,0.,-1.));
#2871=DIRECTION('',(0.,0.707106781186547,-0.707106781186548));
#2872=DIRECTION('center_axis',(0.,-1.,0.));
#2873=DIRECTION('ref_axis',(0.,0.,-1.));
#2874=DIRECTION('',(0.,-0.707106781186547,0.707106781186548));
#2875=DIRECTION('center_axis',(-4.20560480004582E-16,-0.707106781186548,
-0.707106781186547));
#2876=DIRECTION('ref_axis',(-1.,4.93038065763132E-32,5.94762334620619E-16));
#2877=DIRECTION('center_axis',(0.,1.,0.));
#2878=DIRECTION('ref_axis',(-0.93326195390799,0.,0.359196499687623));
#2879=DIRECTION('',(0.,-1.,0.));
#2880=DIRECTION('center_axis',(0.,1.,0.));
#2881=DIRECTION('ref_axis',(-1.,0.,0.));
#2882=DIRECTION('center_axis',(0.,1.,0.));
#2883=DIRECTION('ref_axis',(-1.,0.,0.));
#2884=DIRECTION('',(0.,-1.,0.));
#2885=DIRECTION('center_axis',(0.,1.,0.));
#2886=DIRECTION('ref_axis',(-1.,0.,0.));
#2887=DIRECTION('',(0.,-1.,0.));
#2888=DIRECTION('center_axis',(0.,1.,0.));
#2889=DIRECTION('ref_axis',(0.359413647377092,0.,-0.933178348483876));
#2890=DIRECTION('',(0.,-1.,0.));
#2891=DIRECTION('center_axis',(0.,1.,0.));
#2892=DIRECTION('ref_axis',(-1.,0.,0.));
#2893=DIRECTION('center_axis',(0.,1.,0.));
#2894=DIRECTION('ref_axis',(-0.792942191819968,0.,-0.609296873807625));
#2895=DIRECTION('',(-1.22464679914735E-16,1.,-1.03389811939374E-30));
#2896=DIRECTION('center_axis',(0.,-1.,0.));
#2897=DIRECTION('ref_axis',(-1.,0.,-8.5648835072336E-15));
#2898=DIRECTION('center_axis',(0.,1.,0.));
#2899=DIRECTION('ref_axis',(-1.,0.,-8.5648835072336E-15));
#2900=DIRECTION('',(-1.22464679914735E-16,1.,-1.03389811939374E-30));
#2901=DIRECTION('center_axis',(0.,1.,0.));
#2902=DIRECTION('ref_axis',(-1.,0.,-8.5648835072336E-15));
#2903=DIRECTION('',(-1.22464679914735E-16,1.,-1.03389811939374E-30));
#2904=DIRECTION('center_axis',(0.,1.,0.));
#2905=DIRECTION('ref_axis',(0.609147500009406,0.,0.793056948290784));
#2906=DIRECTION('',(-1.22464679914735E-16,1.,-1.03389811939374E-30));
#2907=DIRECTION('center_axis',(0.,1.,0.));
#2908=DIRECTION('ref_axis',(-1.,0.,-8.5648835072336E-15));
#2909=DIRECTION('center_axis',(0.,1.,0.));
#2910=DIRECTION('ref_axis',(-1.,0.,-8.5648835072336E-15));
#2911=DIRECTION('center_axis',(0.,1.,0.));
#2912=DIRECTION('ref_axis',(-1.,0.,0.));
#2913=DIRECTION('center_axis',(0.,1.,0.));
#2914=DIRECTION('ref_axis',(-1.,0.,0.));
#2915=DIRECTION('center_axis',(0.,1.,0.));
#2916=DIRECTION('ref_axis',(-1.,0.,0.));
#2917=DIRECTION('center_axis',(0.,1.,0.));
#2918=DIRECTION('ref_axis',(-1.,0.,0.));
#2919=DIRECTION('center_axis',(0.,-1.,0.));
#2920=DIRECTION('ref_axis',(-1.,0.,0.));
#2921=DIRECTION('',(0.,-1.,0.));
#2922=DIRECTION('center_axis',(0.,1.,0.));
#2923=DIRECTION('ref_axis',(0.,0.,1.));
#2924=DIRECTION('center_axis',(0.,1.,0.));
#2925=DIRECTION('ref_axis',(-0.933258200432765,0.,0.359206251789967));
#2926=DIRECTION('',(0.,-1.,0.));
#2927=DIRECTION('center_axis',(0.,1.,0.));
#2928=DIRECTION('ref_axis',(-1.,0.,0.));
#2929=DIRECTION('center_axis',(0.,1.,0.));
#2930=DIRECTION('ref_axis',(-1.,0.,0.));
#2931=DIRECTION('',(0.,-1.,0.));
#2932=DIRECTION('center_axis',(0.,1.,0.));
#2933=DIRECTION('ref_axis',(-1.,0.,0.));
#2934=DIRECTION('',(0.,-1.,0.));
#2935=DIRECTION('center_axis',(0.,1.,0.));
#2936=DIRECTION('ref_axis',(0.359386101891095,0.,-0.933188957161155));
#2937=DIRECTION('',(0.,-1.,0.));
#2938=DIRECTION('center_axis',(0.,1.,0.));
#2939=DIRECTION('ref_axis',(-1.,0.,0.));
#2940=DIRECTION('center_axis',(0.,1.,0.));
#2941=DIRECTION('ref_axis',(-0.792937094319052,0.,-0.609303507664989));
#2942=DIRECTION('',(-1.22464679914735E-16,1.,-2.47226331478471E-31));
#2943=DIRECTION('center_axis',(0.,-1.,0.));
#2944=DIRECTION('ref_axis',(-1.,0.,-2.1412208768084E-15));
#2945=DIRECTION('center_axis',(0.,1.,0.));
#2946=DIRECTION('ref_axis',(-1.,0.,-2.1412208768084E-15));
#2947=DIRECTION('',(-1.22464679914735E-16,1.,-2.47226331478471E-31));
#2948=DIRECTION('center_axis',(0.,1.,0.));
#2949=DIRECTION('ref_axis',(-1.,0.,-2.1412208768084E-15));
#2950=DIRECTION('',(-1.22464679914735E-16,1.,-2.47226331478471E-31));
#2951=DIRECTION('center_axis',(0.,1.,0.));
#2952=DIRECTION('ref_axis',(-1.,0.,-2.1412208768084E-15));
#2953=DIRECTION('',(-1.22464679914735E-16,1.,-2.47226331478471E-31));
#2954=DIRECTION('center_axis',(0.,1.,0.));
#2955=DIRECTION('ref_axis',(-1.,0.,-2.1412208768084E-15));
#2956=DIRECTION('center_axis',(0.,1.,0.));
#2957=DIRECTION('ref_axis',(-1.,0.,-2.1412208768084E-15));
#2958=DIRECTION('center_axis',(0.,1.,0.));
#2959=DIRECTION('ref_axis',(-1.,0.,0.));
#2960=DIRECTION('center_axis',(0.,1.,0.));
#2961=DIRECTION('ref_axis',(-1.,0.,0.));
#2962=DIRECTION('center_axis',(0.,1.,0.));
#2963=DIRECTION('ref_axis',(-1.,0.,0.));
#2964=DIRECTION('center_axis',(0.,1.,0.));
#2965=DIRECTION('ref_axis',(-1.,0.,0.));
#2966=DIRECTION('center_axis',(0.,-1.,0.));
#2967=DIRECTION('ref_axis',(-1.,0.,0.));
#2968=DIRECTION('',(0.,-1.,0.));
#2969=DIRECTION('center_axis',(0.,1.,0.));
#2970=DIRECTION('ref_axis',(0.,0.,1.));
#2971=DIRECTION('center_axis',(0.,1.,0.));
#2972=DIRECTION('ref_axis',(-0.93326018955033,0.,0.359201083796363));
#2973=DIRECTION('',(0.,-1.,0.));
#2974=DIRECTION('center_axis',(0.,1.,0.));
#2975=DIRECTION('ref_axis',(-1.,0.,0.));
#2976=DIRECTION('center_axis',(0.,1.,0.));
#2977=DIRECTION('ref_axis',(-1.,0.,0.));
#2978=DIRECTION('',(0.,-1.,0.));
#2979=DIRECTION('center_axis',(0.,1.,0.));
#2980=DIRECTION('ref_axis',(-1.,0.,0.));
#2981=DIRECTION('',(0.,-1.,0.));
#2982=DIRECTION('center_axis',(0.,1.,0.));
#2983=DIRECTION('ref_axis',(0.359396320396375,0.,-0.933185021785898));
#2984=DIRECTION('',(0.,-1.,0.));
#2985=DIRECTION('center_axis',(0.,1.,0.));
#2986=DIRECTION('ref_axis',(-1.,0.,0.));
#2987=DIRECTION('center_axis',(0.,1.,0.));
#2988=DIRECTION('ref_axis',(-0.792939873806968,0.,-0.609299890470194));
#2989=DIRECTION('',(-1.22464679914735E-16,1.,-2.4722633147847E-31));
#2990=DIRECTION('center_axis',(0.,-1.,0.));
#2991=DIRECTION('ref_axis',(-1.,0.,-2.14122087680839E-15));
#2992=DIRECTION('center_axis',(0.,1.,0.));
#2993=DIRECTION('ref_axis',(-1.,0.,-2.14122087680839E-15));
#2994=DIRECTION('',(-1.22464679914735E-16,1.,-2.4722633147847E-31));
#2995=DIRECTION('center_axis',(0.,1.,0.));
#2996=DIRECTION('ref_axis',(-1.,0.,-2.14122087680839E-15));
#2997=DIRECTION('',(-1.22464679914735E-16,1.,-2.4722633147847E-31));
#2998=DIRECTION('center_axis',(0.,1.,0.));
#2999=DIRECTION('ref_axis',(-1.,0.,-2.14122087680839E-15));
#3000=DIRECTION('',(-1.22464679914735E-16,1.,-2.4722633147847E-31));
#3001=DIRECTION('center_axis',(0.,1.,0.));
#3002=DIRECTION('ref_axis',(-1.,0.,-2.14122087680839E-15));
#3003=DIRECTION('center_axis',(0.,1.,0.));
#3004=DIRECTION('ref_axis',(-1.,0.,-2.14122087680839E-15));
#3005=DIRECTION('center_axis',(0.,1.,0.));
#3006=DIRECTION('ref_axis',(-1.,0.,0.));
#3007=DIRECTION('center_axis',(0.,1.,0.));
#3008=DIRECTION('ref_axis',(-1.,0.,0.));
#3009=DIRECTION('center_axis',(0.,1.,0.));
#3010=DIRECTION('ref_axis',(-1.,0.,0.));
#3011=DIRECTION('center_axis',(0.,1.,0.));
#3012=DIRECTION('ref_axis',(-1.,0.,0.));
#3013=DIRECTION('center_axis',(0.,-1.,0.));
#3014=DIRECTION('ref_axis',(-1.,0.,0.));
#3015=DIRECTION('',(0.,-1.,0.));
#3016=DIRECTION('center_axis',(0.,1.,0.));
#3017=DIRECTION('ref_axis',(0.,0.,1.));
#3018=DIRECTION('center_axis',(0.,1.,0.));
#3019=DIRECTION('ref_axis',(-0.933261116220972,0.,0.359198676152885));
#3020=DIRECTION('',(0.,-1.,0.));
#3021=DIRECTION('center_axis',(0.,1.,0.));
#3022=DIRECTION('ref_axis',(-1.,0.,0.));
#3023=DIRECTION('center_axis',(0.,1.,0.));
#3024=DIRECTION('ref_axis',(-1.,0.,0.));
#3025=DIRECTION('',(0.,-1.,0.));
#3026=DIRECTION('center_axis',(0.,1.,0.));
#3027=DIRECTION('ref_axis',(-1.,0.,0.));
#3028=DIRECTION('',(0.,-1.,0.));
#3029=DIRECTION('center_axis',(0.,1.,0.));
#3030=DIRECTION('ref_axis',(0.359403602534504,0.,-0.933182217192988));
#3031=DIRECTION('',(0.,-1.,0.));
#3032=DIRECTION('center_axis',(0.,1.,0.));
#3033=DIRECTION('ref_axis',(-1.,0.,0.));
#3034=DIRECTION('center_axis',(0.,1.,0.));
#3035=DIRECTION('ref_axis',(-0.792941143188658,0.,-0.609298238499557));
#3036=DIRECTION('',(-1.22464679914735E-16,1.,-1.03389811939374E-30));
#3037=DIRECTION('center_axis',(0.,-1.,0.));
#3038=DIRECTION('ref_axis',(-1.,0.,-8.56488350723362E-15));
#3039=DIRECTION('center_axis',(0.,1.,0.));
#3040=DIRECTION('ref_axis',(-1.,0.,-8.56488350723362E-15));
#3041=DIRECTION('',(-1.22464679914735E-16,1.,-1.03389811939374E-30));
#3042=DIRECTION('center_axis',(0.,1.,0.));
#3043=DIRECTION('ref_axis',(-1.,0.,-8.56488350723362E-15));
#3044=DIRECTION('',(-1.22464679914735E-16,1.,-1.03389811939374E-30));
#3045=DIRECTION('center_axis',(0.,1.,0.));
#3046=DIRECTION('ref_axis',(-1.,0.,-8.56488350723362E-15));
#3047=DIRECTION('',(-1.22464679914735E-16,1.,-1.03389811939374E-30));
#3048=DIRECTION('center_axis',(0.,1.,0.));
#3049=DIRECTION('ref_axis',(-1.,0.,-8.56488350723362E-15));
#3050=DIRECTION('center_axis',(0.,1.,0.));
#3051=DIRECTION('ref_axis',(-1.,0.,-8.56488350723362E-15));
#3052=DIRECTION('center_axis',(0.,1.,0.));
#3053=DIRECTION('ref_axis',(-1.,0.,0.));
#3054=DIRECTION('center_axis',(0.,1.,0.));
#3055=DIRECTION('ref_axis',(-1.,0.,0.));
#3056=DIRECTION('center_axis',(0.,1.,0.));
#3057=DIRECTION('ref_axis',(-1.,0.,0.));
#3058=DIRECTION('center_axis',(0.,1.,0.));
#3059=DIRECTION('ref_axis',(-1.,0.,0.));
#3060=DIRECTION('center_axis',(0.,-1.,0.));
#3061=DIRECTION('ref_axis',(-1.,0.,0.));
#3062=DIRECTION('',(0.,-1.,0.));
#3063=DIRECTION('center_axis',(0.,1.,0.));
#3064=DIRECTION('ref_axis',(0.,0.,1.));
#3065=DIRECTION('',(0.,0.,1.));
#3066=DIRECTION('',(1.,0.,0.));
#3067=CARTESIAN_POINT('',(0.,0.,0.));
#3068=CARTESIAN_POINT('',(0.,0.,0.));
#3069=CARTESIAN_POINT('Origin',(-10.6,3.1,-13.1));
#3070=CARTESIAN_POINT('',(-10.6,1.5,-14.2));
#3071=CARTESIAN_POINT('Origin',(-10.6,1.5,-13.1));
#3072=CARTESIAN_POINT('',(-10.6,1.499,-14.2));
#3073=CARTESIAN_POINT('',(-10.6,3.1,-14.2));
#3074=CARTESIAN_POINT('Origin',(-10.6,1.499,-13.1));
#3075=CARTESIAN_POINT('Origin',(-10.6,3.1,-13.1));
#3076=CARTESIAN_POINT('',(-10.6,1.5,-15.));
#3077=CARTESIAN_POINT('Origin',(-10.6,1.5,-13.1));
#3078=CARTESIAN_POINT('',(-10.6,1.499,-15.));
#3079=CARTESIAN_POINT('',(-10.6,3.1,-15.));
#3080=CARTESIAN_POINT('Origin',(-10.6,1.499,-13.1));
#3081=CARTESIAN_POINT('Origin',(-10.6,1.499,-13.1));
#3082=CARTESIAN_POINT('Origin',(-10.6,3.1,9.9));
#3083=CARTESIAN_POINT('',(-10.6,1.5,8.8));
#3084=CARTESIAN_POINT('Origin',(-10.6,1.5,9.9));
#3085=CARTESIAN_POINT('',(-10.6,1.499,8.8));
#3086=CARTESIAN_POINT('',(-10.6,3.1,8.8));
#3087=CARTESIAN_POINT('Origin',(-10.6,1.499,9.9));
#3088=CARTESIAN_POINT('Origin',(-10.6,3.1,9.9));
#3089=CARTESIAN_POINT('',(-10.6,1.5,8.));
#3090=CARTESIAN_POINT('Origin',(-10.6,1.5,9.9));
#3091=CARTESIAN_POINT('',(-10.6,1.499,8.));
#3092=CARTESIAN_POINT('',(-10.6,3.1,8.));
#3093=CARTESIAN_POINT('Origin',(-10.6,1.499,9.9));
#3094=CARTESIAN_POINT('Origin',(-10.6,1.499,9.9));
#3095=CARTESIAN_POINT('Origin',(10.6,3.1,9.9));
#3096=CARTESIAN_POINT('',(10.6,1.5,8.8));
#3097=CARTESIAN_POINT('Origin',(10.6,1.5,9.9));
#3098=CARTESIAN_POINT('',(10.6,1.499,8.8));
#3099=CARTESIAN_POINT('',(10.6,3.1,8.8));
#3100=CARTESIAN_POINT('Origin',(10.6,1.499,9.9));
#3101=CARTESIAN_POINT('Origin',(10.6,3.1,9.9));
#3102=CARTESIAN_POINT('',(10.6,1.5,8.));
#3103=CARTESIAN_POINT('Origin',(10.6,1.5,9.9));
#3104=CARTESIAN_POINT('',(10.6,1.499,8.));
#3105=CARTESIAN_POINT('',(10.6,3.1,8.));
#3106=CARTESIAN_POINT('Origin',(10.6,1.499,9.9));
#3107=CARTESIAN_POINT('Origin',(10.6,1.499,9.9));
#3108=CARTESIAN_POINT('Origin',(10.6,3.1,-13.1));
#3109=CARTESIAN_POINT('',(10.6,1.5,-14.2));
#3110=CARTESIAN_POINT('Origin',(10.6,1.5,-13.1));
#3111=CARTESIAN_POINT('',(10.6,1.499,-14.2));
#3112=CARTESIAN_POINT('',(10.6,3.1,-14.2));
#3113=CARTESIAN_POINT('Origin',(10.6,1.499,-13.1));
#3114=CARTESIAN_POINT('Origin',(10.6,3.1,-13.1));
#3115=CARTESIAN_POINT('',(10.6,1.5,-15.));
#3116=CARTESIAN_POINT('Origin',(10.6,1.5,-13.1));
#3117=CARTESIAN_POINT('',(10.6,1.499,-15.));
#3118=CARTESIAN_POINT('',(10.6,3.1,-15.));
#3119=CARTESIAN_POINT('Origin',(10.6,1.499,-13.1));
#3120=CARTESIAN_POINT('Origin',(10.6,1.499,-13.1));
#3121=CARTESIAN_POINT('Origin',(0.,1.5,3.46944695195361E-15));
#3122=CARTESIAN_POINT('',(21.3,1.5,12.));
#3123=CARTESIAN_POINT('',(17.5,1.5,15.8));
#3124=CARTESIAN_POINT('Origin',(17.5,1.5,12.));
#3125=CARTESIAN_POINT('',(21.3,1.5,-12.));
#3126=CARTESIAN_POINT('',(21.3,1.5,-5.20417042793042E-15));
#3127=CARTESIAN_POINT('',(17.5,1.5,-15.8));
#3128=CARTESIAN_POINT('Origin',(17.5,1.5,-12.));
#3129=CARTESIAN_POINT('',(-17.5,1.5,-15.8));
#3130=CARTESIAN_POINT('',(-2.75573215040887E-15,1.5,-15.8));
#3131=CARTESIAN_POINT('',(-21.3,1.5,-12.));
#3132=CARTESIAN_POINT('Origin',(-17.5,1.5,-12.));
#3133=CARTESIAN_POINT('',(-21.3,1.5,12.));
#3134=CARTESIAN_POINT('',(-21.3,1.5,1.56125112837912E-14));
#3135=CARTESIAN_POINT('',(-17.5,1.5,15.8));
#3136=CARTESIAN_POINT('Origin',(-17.5,1.5,12.));
#3137=CARTESIAN_POINT('',(2.75573215040887E-15,1.5,15.8));
#3138=CARTESIAN_POINT('',(12.,1.5,5.5));
#3139=CARTESIAN_POINT('',(12.,1.5,-5.5));
#3140=CARTESIAN_POINT('',(12.,1.5,2.60208521396521E-15));
#3141=CARTESIAN_POINT('',(11.,1.5,6.5));
#3142=CARTESIAN_POINT('Origin',(11.,1.5,5.5));
#3143=CARTESIAN_POINT('',(-11.,1.5,6.5));
#3144=CARTESIAN_POINT('',(0.,1.5,6.5));
#3145=CARTESIAN_POINT('',(-12.,1.5,5.5));
#3146=CARTESIAN_POINT('Origin',(-11.,1.5,5.5));
#3147=CARTESIAN_POINT('',(-12.,1.5,-5.5));
#3148=CARTESIAN_POINT('',(-12.,1.5,3.46944695195361E-15));
#3149=CARTESIAN_POINT('',(-11.,1.5,-6.5));
#3150=CARTESIAN_POINT('Origin',(-11.,1.5,-5.5));
#3151=CARTESIAN_POINT('',(11.,1.5,-6.5));
#3152=CARTESIAN_POINT('',(0.,1.5,-6.5));
#3153=CARTESIAN_POINT('Origin',(11.,1.5,-5.5));
#3154=CARTESIAN_POINT('Origin',(-23.3,1.5,0.));
#3155=CARTESIAN_POINT('',(-23.3,1.,12.));
#3156=CARTESIAN_POINT('',(-23.3,0.,12.));
#3157=CARTESIAN_POINT('',(-23.3,1.5,12.));
#3158=CARTESIAN_POINT('',(-23.3,1.,-12.));
#3159=CARTESIAN_POINT('',(-23.3,1.,-12.));
#3160=CARTESIAN_POINT('',(-23.3,0.,-12.));
#3161=CARTESIAN_POINT('',(-23.3,1.5,-12.));
#3162=CARTESIAN_POINT('',(-23.3,0.,0.));
#3163=CARTESIAN_POINT('Origin',(-17.5,1.5,-12.));
#3164=CARTESIAN_POINT('',(-17.5,1.,-17.8));
#3165=CARTESIAN_POINT('Origin',(-17.5,1.,-12.));
#3166=CARTESIAN_POINT('',(-17.5,0.,-17.8));
#3167=CARTESIAN_POINT('',(-17.5,1.5,-17.8));
#3168=CARTESIAN_POINT('Origin',(-17.5,0.,-12.));
#3169=CARTESIAN_POINT('Origin',(3.46944695195361E-15,1.5,-17.8));
#3170=CARTESIAN_POINT('',(17.5,1.,-17.8));
#3171=CARTESIAN_POINT('',(3.46944695195361E-15,1.,-17.8));
#3172=CARTESIAN_POINT('',(17.5,0.,-17.8));
#3173=CARTESIAN_POINT('',(17.5,1.5,-17.8));
#3174=CARTESIAN_POINT('',(3.46944695195361E-15,0.,-17.8));
#3175=CARTESIAN_POINT('Origin',(17.5,1.5,-12.));
#3176=CARTESIAN_POINT('',(23.3,1.,-12.));
#3177=CARTESIAN_POINT('Origin',(17.5,1.,-12.));
#3178=CARTESIAN_POINT('',(23.3,0.,-12.));
#3179=CARTESIAN_POINT('',(23.3,1.5,-12.));
#3180=CARTESIAN_POINT('Origin',(17.5,0.,-12.));
#3181=CARTESIAN_POINT('Origin',(23.3,1.5,0.));
#3182=CARTESIAN_POINT('',(23.3,1.,12.));
#3183=CARTESIAN_POINT('',(23.3,1.,0.));
#3184=CARTESIAN_POINT('',(23.3,0.,12.));
#3185=CARTESIAN_POINT('',(23.3,1.5,12.));
#3186=CARTESIAN_POINT('',(23.3,0.,0.));
#3187=CARTESIAN_POINT('Origin',(17.5,1.5,12.));
#3188=CARTESIAN_POINT('',(17.5,1.,17.8));
#3189=CARTESIAN_POINT('Origin',(17.5,1.,12.));
#3190=CARTESIAN_POINT('',(17.5,0.,17.8));
#3191=CARTESIAN_POINT('',(17.5,1.5,17.8));
#3192=CARTESIAN_POINT('Origin',(17.5,0.,12.));
#3193=CARTESIAN_POINT('Origin',(0.,1.5,17.8));
#3194=CARTESIAN_POINT('',(-17.5,1.,17.8));
#3195=CARTESIAN_POINT('',(-17.5,1.,17.8));
#3196=CARTESIAN_POINT('',(-17.5,0.,17.8));
#3197=CARTESIAN_POINT('',(-17.5,1.5,17.8));
#3198=CARTESIAN_POINT('',(0.,0.,17.8));
#3199=CARTESIAN_POINT('Origin',(0.,1.5,6.5));
#3200=CARTESIAN_POINT('',(11.,0.8,6.5));
#3201=CARTESIAN_POINT('',(11.,1.5,6.5));
#3202=CARTESIAN_POINT('',(-11.,0.8,6.5));
#3203=CARTESIAN_POINT('',(-11.,0.8,6.5));
#3204=CARTESIAN_POINT('',(-11.,1.5,6.5));
#3205=CARTESIAN_POINT('Origin',(12.,1.5,2.60208521396521E-15));
#3206=CARTESIAN_POINT('',(12.,0.8,-5.5));
#3207=CARTESIAN_POINT('',(12.,0.,-5.5));
#3208=CARTESIAN_POINT('',(12.,0.8,5.5));
#3209=CARTESIAN_POINT('',(12.,0.8,2.60208521396521E-15));
#3210=CARTESIAN_POINT('',(12.,1.5,5.5));
#3211=CARTESIAN_POINT('Origin',(0.,1.5,-6.5));
#3212=CARTESIAN_POINT('',(-11.,0.8,-6.5));
#3213=CARTESIAN_POINT('',(-11.,1.5,-6.5));
#3214=CARTESIAN_POINT('',(11.,0.8,-6.5));
#3215=CARTESIAN_POINT('',(0.,0.8,-6.5));
#3216=CARTESIAN_POINT('',(11.,1.5,-6.5));
#3217=CARTESIAN_POINT('Origin',(-12.,1.5,3.46944695195361E-15));
#3218=CARTESIAN_POINT('',(-12.,0.8,5.5));
#3219=CARTESIAN_POINT('',(-12.,0.,5.5));
#3220=CARTESIAN_POINT('',(-12.,0.8,-5.5));
#3221=CARTESIAN_POINT('',(-12.,0.8,-5.5));
#3222=CARTESIAN_POINT('',(-12.,1.5,-5.5));
#3223=CARTESIAN_POINT('Origin',(-17.5,1.5,12.));
#3224=CARTESIAN_POINT('Origin',(-17.5,1.,12.));
#3225=CARTESIAN_POINT('Origin',(-17.5,0.,12.));
#3226=CARTESIAN_POINT('Origin',(0.,1.5,3.46944695195361E-15));
#3227=CARTESIAN_POINT('',(-17.5,1.5,-17.3));
#3228=CARTESIAN_POINT('',(-22.8,1.5,-12.));
#3229=CARTESIAN_POINT('Origin',(-17.5,1.5,-12.));
#3230=CARTESIAN_POINT('',(-22.8,1.5,12.));
#3231=CARTESIAN_POINT('',(-22.8,1.5,12.));
#3232=CARTESIAN_POINT('',(-17.5,1.5,17.3));
#3233=CARTESIAN_POINT('Origin',(-17.5,1.5,12.));
#3234=CARTESIAN_POINT('',(17.5,1.5,17.3));
#3235=CARTESIAN_POINT('',(17.5,1.5,17.3));
#3236=CARTESIAN_POINT('',(22.8,1.5,12.));
#3237=CARTESIAN_POINT('Origin',(17.5,1.5,12.));
#3238=CARTESIAN_POINT('',(22.8,1.5,-12.));
#3239=CARTESIAN_POINT('',(22.8,1.5,-9.71445146547014E-15));
#3240=CARTESIAN_POINT('',(17.5,1.5,-17.3));
#3241=CARTESIAN_POINT('Origin',(17.5,1.5,-12.));
#3242=CARTESIAN_POINT('',(-1.02893883889367E-14,1.5,-17.3));
#3243=CARTESIAN_POINT('',(22.3,1.5,-12.));
#3244=CARTESIAN_POINT('',(22.3,1.5,12.));
#3245=CARTESIAN_POINT('',(22.3,1.5,-5.20417042793042E-15));
#3246=CARTESIAN_POINT('',(17.5,1.5,16.8));
#3247=CARTESIAN_POINT('Origin',(17.5,1.5,12.));
#3248=CARTESIAN_POINT('',(-17.5,1.5,16.8));
#3249=CARTESIAN_POINT('',(3.35049448502949E-15,1.5,16.8));
#3250=CARTESIAN_POINT('',(-22.3,1.5,12.));
#3251=CARTESIAN_POINT('Origin',(-17.5,1.5,12.));
#3252=CARTESIAN_POINT('',(-22.3,1.5,-12.));
#3253=CARTESIAN_POINT('',(-22.3,1.5,1.56125112837912E-14));
#3254=CARTESIAN_POINT('',(-17.5,1.5,-16.8));
#3255=CARTESIAN_POINT('Origin',(-17.5,1.5,-12.));
#3256=CARTESIAN_POINT('',(17.5,1.5,-16.8));
#3257=CARTESIAN_POINT('',(-3.35049448502949E-15,1.5,-16.8));
#3258=CARTESIAN_POINT('Origin',(17.5,1.5,-12.));
#3259=CARTESIAN_POINT('Origin',(0.,0.,3.46944695195361E-15));
#3260=CARTESIAN_POINT('',(-11.,0.,-7.3));
#3261=CARTESIAN_POINT('',(-12.8,0.,-5.5));
#3262=CARTESIAN_POINT('Origin',(-11.,0.,-5.5));
#3263=CARTESIAN_POINT('',(-12.8,0.,5.5));
#3264=CARTESIAN_POINT('',(-12.8,0.,5.5));
#3265=CARTESIAN_POINT('',(-11.,0.,7.3));
#3266=CARTESIAN_POINT('Origin',(-11.,0.,5.5));
#3267=CARTESIAN_POINT('',(11.,0.,7.3));
#3268=CARTESIAN_POINT('',(11.,0.,7.3));
#3269=CARTESIAN_POINT('',(12.8,0.,5.5));
#3270=CARTESIAN_POINT('Origin',(11.,0.,5.5));
#3271=CARTESIAN_POINT('',(12.8,0.,-5.5));
#3272=CARTESIAN_POINT('',(12.8,0.,1.76141152945338E-15));
#3273=CARTESIAN_POINT('',(11.,0.,-7.3));
#3274=CARTESIAN_POINT('Origin',(11.,0.,-5.5));
#3275=CARTESIAN_POINT('',(0.,0.,-7.3));
#3276=CARTESIAN_POINT('Origin',(0.,1.5,3.46944695195361E-15));
#3277=CARTESIAN_POINT('Origin',(0.,1.5,3.46944695195361E-15));
#3278=CARTESIAN_POINT('Origin',(0.,1.5,3.46944695195361E-15));
#3279=CARTESIAN_POINT('Origin',(0.,1.5,3.46944695195361E-15));
#3280=CARTESIAN_POINT('Origin',(11.,1.5,-5.5));
#3281=CARTESIAN_POINT('Origin',(11.,0.8,-5.5));
#3282=CARTESIAN_POINT('Origin',(11.,1.5,5.5));
#3283=CARTESIAN_POINT('Origin',(11.,0.8,5.5));
#3284=CARTESIAN_POINT('Origin',(-11.,1.5,5.5));
#3285=CARTESIAN_POINT('Origin',(-11.,0.8,5.5));
#3286=CARTESIAN_POINT('Origin',(-11.,1.5,-5.5));
#3287=CARTESIAN_POINT('Origin',(-11.,0.8,-5.5));
#3288=CARTESIAN_POINT('Origin',(12.8,0.,1.76141152945338E-15));
#3289=CARTESIAN_POINT('',(12.8,0.,-5.5));
#3290=CARTESIAN_POINT('',(12.,0.8,5.5));
#3291=CARTESIAN_POINT('Origin',(11.,0.,5.5));
#3292=CARTESIAN_POINT('',(11.,0.8,6.5));
#3293=CARTESIAN_POINT('Origin',(11.,0.,-5.5));
#3294=CARTESIAN_POINT('',(11.,0.,-7.3));
#3295=CARTESIAN_POINT('Origin',(0.,0.8,6.5));
#3296=CARTESIAN_POINT('',(-11.,0.8,6.5));
#3297=CARTESIAN_POINT('Origin',(0.,0.,-7.3));
#3298=CARTESIAN_POINT('',(-11.,0.,-7.3));
#3299=CARTESIAN_POINT('Origin',(-11.,0.,5.5));
#3300=CARTESIAN_POINT('',(-12.,0.8,5.5));
#3301=CARTESIAN_POINT('Origin',(-11.,0.,-5.5));
#3302=CARTESIAN_POINT('',(-12.8,0.,-5.5));
#3303=CARTESIAN_POINT('Origin',(-12.,0.8,3.46944695195361E-15));
#3304=CARTESIAN_POINT('Origin',(22.8,1.5,-9.71445146547014E-15));
#3305=CARTESIAN_POINT('',(22.8,1.5,-12.));
#3306=CARTESIAN_POINT('',(23.3,1.,12.));
#3307=CARTESIAN_POINT('Origin',(17.5,1.,12.));
#3308=CARTESIAN_POINT('',(17.5,1.,17.8));
#3309=CARTESIAN_POINT('Origin',(17.5,1.,-12.));
#3310=CARTESIAN_POINT('',(17.5,1.5,-17.3));
#3311=CARTESIAN_POINT('Origin',(0.,1.,17.8));
#3312=CARTESIAN_POINT('',(-17.5,1.,17.8));
#3313=CARTESIAN_POINT('Origin',(-1.02893883889367E-14,1.5,-17.3));
#3314=CARTESIAN_POINT('',(-17.5,1.5,-17.3));
#3315=CARTESIAN_POINT('Origin',(-17.5,1.,12.));
#3316=CARTESIAN_POINT('',(-23.3,1.,12.));
#3317=CARTESIAN_POINT('Origin',(-17.5,1.,-12.));
#3318=CARTESIAN_POINT('',(-22.8,1.5,-12.));
#3319=CARTESIAN_POINT('Origin',(-23.3,1.,0.));
#3320=CARTESIAN_POINT('Origin',(17.5,3.5,12.));
#3321=CARTESIAN_POINT('',(22.3,3.,12.));
#3322=CARTESIAN_POINT('',(22.3,3.5,12.));
#3323=CARTESIAN_POINT('',(17.5,3.,16.8));
#3324=CARTESIAN_POINT('Origin',(17.5,3.,12.));
#3325=CARTESIAN_POINT('',(17.5,3.5,16.8));
#3326=CARTESIAN_POINT('Origin',(3.35049448502949E-15,3.5,16.8));
#3327=CARTESIAN_POINT('',(-17.5,3.,16.8));
#3328=CARTESIAN_POINT('',(3.35049448502949E-15,3.,16.8));
#3329=CARTESIAN_POINT('',(-17.5,3.5,16.8));
#3330=CARTESIAN_POINT('Origin',(-17.5,3.5,12.));
#3331=CARTESIAN_POINT('',(-22.3,3.,12.));
#3332=CARTESIAN_POINT('Origin',(-17.5,3.,12.));
#3333=CARTESIAN_POINT('',(-22.3,3.5,12.));
#3334=CARTESIAN_POINT('Origin',(-22.3,3.5,1.56125112837912E-14));
#3335=CARTESIAN_POINT('',(-22.3,3.,-12.));
#3336=CARTESIAN_POINT('',(-22.3,3.,1.56125112837912E-14));
#3337=CARTESIAN_POINT('',(-22.3,3.5,-12.));
#3338=CARTESIAN_POINT('Origin',(-17.5,3.5,-12.));
#3339=CARTESIAN_POINT('',(-17.5,3.,-16.8));
#3340=CARTESIAN_POINT('Origin',(-17.5,3.,-12.));
#3341=CARTESIAN_POINT('',(-17.5,3.5,-16.8));
#3342=CARTESIAN_POINT('Origin',(-3.35049448502949E-15,3.5,-16.8));
#3343=CARTESIAN_POINT('',(17.5,3.,-16.8));
#3344=CARTESIAN_POINT('',(-3.35049448502949E-15,3.,-16.8));
#3345=CARTESIAN_POINT('',(17.5,3.5,-16.8));
#3346=CARTESIAN_POINT('Origin',(17.5,3.5,-12.));
#3347=CARTESIAN_POINT('',(22.3,3.,-12.));
#3348=CARTESIAN_POINT('Origin',(17.5,3.,-12.));
#3349=CARTESIAN_POINT('',(22.3,3.5,-12.));
#3350=CARTESIAN_POINT('Origin',(17.5,3.5,12.));
#3351=CARTESIAN_POINT('',(17.5,3.5,15.8));
#3352=CARTESIAN_POINT('',(17.5,3.5,15.8));
#3353=CARTESIAN_POINT('',(21.3,3.5,12.));
#3354=CARTESIAN_POINT('Origin',(17.5,3.5,12.));
#3355=CARTESIAN_POINT('',(21.3,3.5,12.));
#3356=CARTESIAN_POINT('Origin',(21.3,3.5,-5.20417042793042E-15));
#3357=CARTESIAN_POINT('',(21.3,3.5,-12.));
#3358=CARTESIAN_POINT('',(21.3,3.5,-5.20417042793042E-15));
#3359=CARTESIAN_POINT('',(21.3,3.5,-12.));
#3360=CARTESIAN_POINT('Origin',(17.5,3.5,-12.));
#3361=CARTESIAN_POINT('',(17.5,3.5,-15.8));
#3362=CARTESIAN_POINT('Origin',(17.5,3.5,-12.));
#3363=CARTESIAN_POINT('',(17.5,3.5,-15.8));
#3364=CARTESIAN_POINT('Origin',(-2.75573215040887E-15,3.5,-15.8));
#3365=CARTESIAN_POINT('',(-17.5,3.5,-15.8));
#3366=CARTESIAN_POINT('',(-2.75573215040887E-15,3.5,-15.8));
#3367=CARTESIAN_POINT('',(-17.5,3.5,-15.8));
#3368=CARTESIAN_POINT('Origin',(-17.5,3.5,-12.));
#3369=CARTESIAN_POINT('',(-21.3,3.5,-12.));
#3370=CARTESIAN_POINT('Origin',(-17.5,3.5,-12.));
#3371=CARTESIAN_POINT('',(-21.3,3.5,-12.));
#3372=CARTESIAN_POINT('Origin',(-21.3,3.5,1.56125112837912E-14));
#3373=CARTESIAN_POINT('',(-21.3,3.5,12.));
#3374=CARTESIAN_POINT('',(-21.3,3.5,1.56125112837912E-14));
#3375=CARTESIAN_POINT('',(-21.3,3.5,12.));
#3376=CARTESIAN_POINT('Origin',(-17.5,3.5,12.));
#3377=CARTESIAN_POINT('',(-17.5,3.5,15.8));
#3378=CARTESIAN_POINT('Origin',(-17.5,3.5,12.));
#3379=CARTESIAN_POINT('',(-17.5,3.5,15.8));
#3380=CARTESIAN_POINT('Origin',(2.75573215040887E-15,3.5,15.8));
#3381=CARTESIAN_POINT('',(2.75573215040887E-15,3.5,15.8));
#3382=CARTESIAN_POINT('Origin',(22.3,3.5,-5.20417042793042E-15));
#3383=CARTESIAN_POINT('',(22.3,3.,-5.20417042793042E-15));
#3384=CARTESIAN_POINT('Origin',(17.5,3.5,12.));
#3385=CARTESIAN_POINT('',(-21.8,3.5,12.));
#3386=CARTESIAN_POINT('',(-17.5,3.5,16.3));
#3387=CARTESIAN_POINT('Origin',(-17.5,3.5,12.));
#3388=CARTESIAN_POINT('',(17.5,3.5,16.3));
#3389=CARTESIAN_POINT('',(17.5,3.5,16.3));
#3390=CARTESIAN_POINT('',(21.8,3.5,12.));
#3391=CARTESIAN_POINT('Origin',(17.5,3.5,12.));
#3392=CARTESIAN_POINT('',(21.8,3.5,-12.));
#3393=CARTESIAN_POINT('',(21.8,3.5,12.));
#3394=CARTESIAN_POINT('',(17.5,3.5,-16.3));
#3395=CARTESIAN_POINT('Origin',(17.5,3.5,-12.));
#3396=CARTESIAN_POINT('',(-17.5,3.5,-16.3));
#3397=CARTESIAN_POINT('',(17.5,3.5,-16.3));
#3398=CARTESIAN_POINT('',(-21.8,3.5,-12.));
#3399=CARTESIAN_POINT('Origin',(-17.5,3.5,-12.));
#3400=CARTESIAN_POINT('',(-21.8,3.5,12.));
#3401=CARTESIAN_POINT('Origin',(-3.35049448502949E-15,3.,-16.8));
#3402=CARTESIAN_POINT('',(-17.5,3.5,-16.3));
#3403=CARTESIAN_POINT('',(17.5,3.,-16.8));
#3404=CARTESIAN_POINT('Origin',(17.5,3.,-12.));
#3405=CARTESIAN_POINT('',(22.3,3.,-12.));
#3406=CARTESIAN_POINT('Origin',(-17.5,3.,-12.));
#3407=CARTESIAN_POINT('',(-21.8,3.5,-12.));
#3408=CARTESIAN_POINT('Origin',(22.3,3.,-5.20417042793042E-15));
#3409=CARTESIAN_POINT('',(22.3,3.,12.));
#3410=CARTESIAN_POINT('Origin',(-22.3,3.,1.56125112837912E-14));
#3411=CARTESIAN_POINT('',(-21.8,3.5,12.));
#3412=CARTESIAN_POINT('Origin',(17.5,3.,12.));
#3413=CARTESIAN_POINT('',(17.5,3.,16.8));
#3414=CARTESIAN_POINT('Origin',(-17.5,3.,12.));
#3415=CARTESIAN_POINT('',(-17.5,3.5,16.3));
#3416=CARTESIAN_POINT('Origin',(3.35049448502949E-15,3.,16.8));
#3417=CARTESIAN_POINT('Origin',(-18.9560315020382,-9.5316793496028,34.5360182343629));
#3418=CARTESIAN_POINT('',(-18.1441039832427,-9.17844472140716,34.5354275893048));
#3419=CARTESIAN_POINT('',(-18.1433362001845,-9.28491397779844,34.5360157551742));
#3420=CARTESIAN_POINT('',(-18.1445315020382,-9.5316793496028,34.5360182343629));
#3421=CARTESIAN_POINT('',(-19.558250906215,-9.5316793496028,33.9920843787949));
#3422=CARTESIAN_POINT('Ctrl Pts',(-18.1433362001845,-9.28491397779844,34.5360157551742));
#3423=CARTESIAN_POINT('Ctrl Pts',(-18.1434713550378,-9.30537651295814,34.7957697850833));
#3424=CARTESIAN_POINT('Ctrl Pts',(-18.2793132934044,-9.32583904811785,35.0555712663311));
#3425=CARTESIAN_POINT('Ctrl Pts',(-18.4927700624643,-9.34630158327756,35.2037087763402));
#3426=CARTESIAN_POINT('Ctrl Pts',(-18.7076350380376,-9.36689911286925,35.3528235718548));
#3427=CARTESIAN_POINT('Ctrl Pts',(-19.0011422957864,-9.38749664246095,35.3887962081127));
#3428=CARTESIAN_POINT('Ctrl Pts',(-19.2454703096696,-9.40809417205264,35.2955509341583));
#3429=CARTESIAN_POINT('Ctrl Pts',(-19.4897983235527,-9.42869170164433,35.2023056602039));
#3430=CARTESIAN_POINT('Ctrl Pts',(-19.6849470935703,-9.44928923123602,34.9798424760374));
#3431=CARTESIAN_POINT('Ctrl Pts',(-19.7460570414571,-9.46988676082772,34.7259984608339));
#3432=CARTESIAN_POINT('Ctrl Pts',(-19.8071669893438,-9.49048429041941,34.4721544456305));
#3433=CARTESIAN_POINT('Ctrl Pts',(-19.7342381150998,-9.51108182001111,34.1869295993901));
#3434=CARTESIAN_POINT('Ctrl Pts',(-19.558250906215,-9.5316793496028,33.9920843787949));
#3435=CARTESIAN_POINT('',(-18.3527863429088,-9.5316793496028,33.9917082063706));
#3436=CARTESIAN_POINT('Origin',(-18.9560315020382,-9.5316793496028,34.5360182343629));
#3437=CARTESIAN_POINT('Ctrl Pts',(-18.3527863429088,-9.5316793496028,33.9917082063706));
#3438=CARTESIAN_POINT('Ctrl Pts',(-18.5105796322742,-9.51328425606181,33.8191936361804));
#3439=CARTESIAN_POINT('Ctrl Pts',(-18.7475060187557,-9.49488916252081,33.7165443586522));
#3440=CARTESIAN_POINT('Ctrl Pts',(-18.980967742676,-9.47649406897982,33.7237377204661));
#3441=CARTESIAN_POINT('Ctrl Pts',(-19.2423817309365,-9.45589653938812,33.7317923401664));
#3442=CARTESIAN_POINT('Ctrl Pts',(-19.4994517452405,-9.43529900979643,33.8775670281844));
#3443=CARTESIAN_POINT('Ctrl Pts',(-19.6404375511043,-9.41470148020474,34.0977673941285));
#3444=CARTESIAN_POINT('Ctrl Pts',(-19.7814233569681,-9.39410395061305,34.3179677600726));
#3445=CARTESIAN_POINT('Ctrl Pts',(-19.8063249543917,-9.37350642102135,34.6125938039428));
#3446=CARTESIAN_POINT('Ctrl Pts',(-19.7042347451942,-9.35290889142966,34.8533437964098));
#3447=CARTESIAN_POINT('Ctrl Pts',(-19.6021445359966,-9.33231136183796,35.0940937888768));
#3448=CARTESIAN_POINT('Ctrl Pts',(-19.3730625201778,-9.31171383224627,35.2809677299406));
#3449=CARTESIAN_POINT('Ctrl Pts',(-19.1167249776922,-9.29111630265458,35.3326690971739));
#3450=CARTESIAN_POINT('Ctrl Pts',(-18.8603874352065,-9.27051877306288,35.3843704644072));
#3451=CARTESIAN_POINT('Ctrl Pts',(-18.5767943660539,-9.24992124347119,35.3008992578101));
#3452=CARTESIAN_POINT('Ctrl Pts',(-18.3893559298111,-9.2293237138795,35.1185668156513));
#3453=CARTESIAN_POINT('Ctrl Pts',(-18.2350222309701,-9.21236404972205,34.9684373076317));
#3454=CARTESIAN_POINT('Ctrl Pts',(-18.1458775501563,-9.1954043855646,34.7512838126008));
#3455=CARTESIAN_POINT('Ctrl Pts',(-18.1441039832427,-9.17844472140716,34.5354275893048));
#3456=CARTESIAN_POINT('Origin',(-18.9560315020382,-9.5316793496028,34.5360182343629));
#3457=CARTESIAN_POINT('',(-18.1449524851924,-8.77844472140716,34.536623606038));
#3458=CARTESIAN_POINT('',(-18.1456648207287,-8.88491397779844,34.5361459180271));
#3459=CARTESIAN_POINT('',(-18.1445315020382,-9.5316793496028,34.5360182343629));
#3460=CARTESIAN_POINT('Ctrl Pts',(-18.1456648207287,-8.88491397779844,34.5361459180271));
#3461=CARTESIAN_POINT('Ctrl Pts',(-18.1454830165442,-8.89452713914962,34.6591015473309));
#3462=CARTESIAN_POINT('Ctrl Pts',(-18.1718885253004,-8.90414030050081,34.7819830215215));
#3463=CARTESIAN_POINT('Ctrl Pts',(-18.2253038461612,-8.91375346185199,34.8917166029336));
#3464=CARTESIAN_POINT('Ctrl Pts',(-18.3397535689826,-8.93435099144369,35.1268359989126));
#3465=CARTESIAN_POINT('Ctrl Pts',(-18.5782026309038,-8.95494852103538,35.3015947374834));
#3466=CARTESIAN_POINT('Ctrl Pts',(-18.8368725679796,-8.97554605062708,35.3399361916687));
#3467=CARTESIAN_POINT('Ctrl Pts',(-19.0955425050554,-8.99614358021877,35.3782776458539));
#3468=CARTESIAN_POINT('Ctrl Pts',(-19.3744333172857,-9.01674110981046,35.2802018156535));
#3469=CARTESIAN_POINT('Ctrl Pts',(-19.5521636906615,-9.03733863940215,35.0883881303495));
#3470=CARTESIAN_POINT('Ctrl Pts',(-19.7298940640373,-9.05793616899385,34.8965744450455));
#3471=CARTESIAN_POINT('Ctrl Pts',(-19.8064639985587,-9.07853369858554,34.6110229046379));
#3472=CARTESIAN_POINT('Ctrl Pts',(-19.7485505311817,-9.09913122817724,34.3560241938785));
#3473=CARTESIAN_POINT('Ctrl Pts',(-19.6906370638048,-9.11972875776893,34.1010254831192));
#3474=CARTESIAN_POINT('Ctrl Pts',(-19.4982401945296,-9.14032628736062,33.8765796020081));
#3475=CARTESIAN_POINT('Ctrl Pts',(-19.2550913697127,-9.16092381695232,33.7803473883732));
#3476=CARTESIAN_POINT('Ctrl Pts',(-19.0119425448957,-9.18152134654401,33.6841151747382));
#3477=CARTESIAN_POINT('Ctrl Pts',(-18.7180417645369,-9.20211887613571,33.7160966285793));
#3478=CARTESIAN_POINT('Ctrl Pts',(-18.5013111603437,-9.2227164057274,33.8624210203103));
#3479=CARTESIAN_POINT('Ctrl Pts',(-18.2845805561505,-9.24331393531909,34.0087454120412));
#3480=CARTESIAN_POINT('Ctrl Pts',(-18.1450201281228,-9.26391146491078,34.269412741662));
#3481=CARTESIAN_POINT('Ctrl Pts',(-18.1433512608079,-9.28450899450248,34.530874883858));
#3482=CARTESIAN_POINT('Ctrl Pts',(-18.1433403231955,-9.28464398893446,34.5325884841816));
#3483=CARTESIAN_POINT('Ctrl Pts',(-18.1433353085476,-9.28477898336645,34.5343021186453));
#3484=CARTESIAN_POINT('Ctrl Pts',(-18.1433362001845,-9.28491397779844,34.5360157551742));
#3485=CARTESIAN_POINT('Ctrl Pts',(-18.1441039832427,-9.17844472140716,34.5354275893048));
#3486=CARTESIAN_POINT('Ctrl Pts',(-18.1437235513125,-9.17480685597291,34.4891262070247));
#3487=CARTESIAN_POINT('Ctrl Pts',(-18.1473631247913,-9.17116899053866,34.4428845131148));
#3488=CARTESIAN_POINT('Ctrl Pts',(-18.1552416263436,-9.16753112510442,34.3973767933636));
#3489=CARTESIAN_POINT('Ctrl Pts',(-18.1998495624518,-9.14693359551272,34.1397128909551));
#3490=CARTESIAN_POINT('Ctrl Pts',(-18.3803492380011,-9.12633606592103,33.9055787638584));
#3491=CARTESIAN_POINT('Ctrl Pts',(-18.6181787248259,-9.10573853632934,33.79687128479));
#3492=CARTESIAN_POINT('Ctrl Pts',(-18.8560082116508,-9.08514100673764,33.6881638057215));
#3493=CARTESIAN_POINT('Ctrl Pts',(-19.1511675097511,-9.06454347714594,33.7048829746814));
#3494=CARTESIAN_POINT('Ctrl Pts',(-19.3751978551114,-9.04394594755425,33.8397542125337));
#3495=CARTESIAN_POINT('Ctrl Pts',(-19.5992282004717,-9.02334841796256,33.974625450386));
#3496=CARTESIAN_POINT('Ctrl Pts',(-19.7521295930918,-9.00275088837087,34.2276487571308));
#3497=CARTESIAN_POINT('Ctrl Pts',(-19.7673545828929,-8.98215335877918,34.4887010908552));
#3498=CARTESIAN_POINT('Ctrl Pts',(-19.7825795726939,-8.96155582918748,34.7497534245797));
#3499=CARTESIAN_POINT('Ctrl Pts',(-19.6601281596757,-8.94095829959578,35.0188347852836));
#3500=CARTESIAN_POINT('Ctrl Pts',(-19.453294721005,-8.92036077000409,35.178834708757));
#3501=CARTESIAN_POINT('Ctrl Pts',(-19.2464612823343,-8.89976324041239,35.3388346322303));
#3502=CARTESIAN_POINT('Ctrl Pts',(-18.955245818011,-8.87916571082071,35.389753118473));
#3503=CARTESIAN_POINT('Ctrl Pts',(-18.7063923394065,-8.85856818122901,35.3094289723098));
#3504=CARTESIAN_POINT('Ctrl Pts',(-18.457538860802,-8.83797065163732,35.2291048261467));
#3505=CARTESIAN_POINT('Ctrl Pts',(-18.2510473679163,-8.81737312204563,35.0175380475778));
#3506=CARTESIAN_POINT('Ctrl Pts',(-18.1767882396714,-8.79677559245393,34.7668078212375));
#3507=CARTESIAN_POINT('Ctrl Pts',(-18.1547591495995,-8.79066530210501,34.6924282955099));
#3508=CARTESIAN_POINT('Ctrl Pts',(-18.1443667957082,-8.78455501175608,34.6146023010538));
#3509=CARTESIAN_POINT('Ctrl Pts',(-18.1449524851924,-8.77844472140716,34.536623606038));
#3510=CARTESIAN_POINT('Origin',(-18.9560315020382,-9.5316793496028,34.5360182343629));
#3511=CARTESIAN_POINT('',(-18.1444899156194,-8.37844472140716,34.5353729267055));
#3512=CARTESIAN_POINT('',(-18.1434432410244,-8.48491397779844,34.5357656701716));
#3513=CARTESIAN_POINT('',(-18.1445315020382,-9.5316793496028,34.5360182343629));
#3514=CARTESIAN_POINT('Ctrl Pts',(-18.1434432410244,-8.48491397779844,34.5357656701716));
#3515=CARTESIAN_POINT('Ctrl Pts',(-18.144485708649,-8.5042752949328,34.7816597287569));
#3516=CARTESIAN_POINT('Ctrl Pts',(-18.2643483584509,-8.52363661206715,35.0284376636505));
#3517=CARTESIAN_POINT('Ctrl Pts',(-18.458768200905,-8.54299792920151,35.1788348150359));
#3518=CARTESIAN_POINT('Ctrl Pts',(-18.6656016735645,-8.5635954587932,35.3388347651774));
#3519=CARTESIAN_POINT('Ctrl Pts',(-18.9568171862068,-8.5841929883849,35.3897532593485));
#3520=CARTESIAN_POINT('Ctrl Pts',(-19.2056707059239,-8.60479051797659,35.309429099762));
#3521=CARTESIAN_POINT('Ctrl Pts',(-19.4545242256409,-8.62538804756828,35.2291049401756));
#3522=CARTESIAN_POINT('Ctrl Pts',(-19.6610157524326,-8.64598557715998,35.0175381268315));
#3523=CARTESIAN_POINT('Ctrl Pts',(-19.7352748928806,-8.66658310675167,34.7668078592884));
#3524=CARTESIAN_POINT('Ctrl Pts',(-19.8095340333287,-8.68718063634337,34.5160775917452));
#3525=CARTESIAN_POINT('Ctrl Pts',(-19.751560787433,-8.70777816593506,34.2261838700028));
#3526=CARTESIAN_POINT('Ctrl Pts',(-19.5865866425778,-8.72837569552675,34.0232957815941));
#3527=CARTESIAN_POINT('Ctrl Pts',(-19.4216124977226,-8.74897322511844,33.8204076931854));
#3528=CARTESIAN_POINT('Ctrl Pts',(-19.1496374539079,-8.76957075471014,33.7045252381104));
#3529=CARTESIAN_POINT('Ctrl Pts',(-18.8890317563011,-8.79016828430183,33.7260830634305));
#3530=CARTESIAN_POINT('Ctrl Pts',(-18.6284260586943,-8.81076581389352,33.7476408887506));
#3531=CARTESIAN_POINT('Ctrl Pts',(-18.3791897072955,-8.83136334348522,33.9066389944657));
#3532=CARTESIAN_POINT('Ctrl Pts',(-18.2497967234569,-8.85196087307691,34.1338780740167));
#3533=CARTESIAN_POINT('Ctrl Pts',(-18.1807932939002,-8.86294524131742,34.255061428424));
#3534=CARTESIAN_POINT('Ctrl Pts',(-18.145872557189,-8.87392960955793,34.3956520825263));
#3535=CARTESIAN_POINT('Ctrl Pts',(-18.1456648207287,-8.88491397779844,34.5361459180271));
#3536=CARTESIAN_POINT('Ctrl Pts',(-18.1449524851924,-8.77844472140716,34.536623606038));
#3537=CARTESIAN_POINT('Ctrl Pts',(-18.1463411301169,-8.76395748216439,34.3517394277058));
#3538=CARTESIAN_POINT('Ctrl Pts',(-18.2094421857102,-8.74947024292162,34.1659968523606));
#3539=CARTESIAN_POINT('Ctrl Pts',(-18.3254764655061,-8.73498300367885,34.0232958660241));
#3540=CARTESIAN_POINT('Ctrl Pts',(-18.4904505831896,-8.71438547408716,33.8204078112625));
#3541=CARTESIAN_POINT('Ctrl Pts',(-18.7624255821609,-8.69378794449547,33.7045253758511));
#3542=CARTESIAN_POINT('Ctrl Pts',(-19.0230312367381,-8.67319041490377,33.7260831973138));
#3543=CARTESIAN_POINT('Ctrl Pts',(-19.2836368913153,-8.65259288531208,33.7476410187764));
#3544=CARTESIAN_POINT('Ctrl Pts',(-19.5328732014984,-8.63199535572038,33.906639097113));
#3545=CARTESIAN_POINT('Ctrl Pts',(-19.662266164091,-8.61139782612869,34.1338781397288));
#3546=CARTESIAN_POINT('Ctrl Pts',(-19.7916591266836,-8.59080029653699,34.3611171823445));
#3547=CARTESIAN_POINT('Ctrl Pts',(-19.8012087416855,-8.5702027669453,34.6565971892393));
#3548=CARTESIAN_POINT('Ctrl Pts',(-19.686759037537,-8.54960523735361,34.8917165454446));
#3549=CARTESIAN_POINT('Ctrl Pts',(-19.5723093333884,-8.52900770776192,35.1268359016498));
#3550=CARTESIAN_POINT('Ctrl Pts',(-19.3338603100893,-8.50841017817022,35.3015946071654));
#3551=CARTESIAN_POINT('Ctrl Pts',(-19.0751904161237,-8.48781264857852,35.3399360568591));
#3552=CARTESIAN_POINT('Ctrl Pts',(-18.8165205221582,-8.46721511898683,35.3782775065528));
#3553=CARTESIAN_POINT('Ctrl Pts',(-18.5376297575261,-8.44661758939514,35.2802017004246));
#3554=CARTESIAN_POINT('Ctrl Pts',(-18.3598994124657,-8.42602005980345,35.0883880434214));
#3555=CARTESIAN_POINT('Ctrl Pts',(-18.2230612984272,-8.41016161367135,34.9407069084851));
#3556=CARTESIAN_POINT('Ctrl Pts',(-18.1461887057119,-8.39430316753926,34.737460176656));
#3557=CARTESIAN_POINT('Ctrl Pts',(-18.1444899156194,-8.37844472140716,34.5353729267055));
#3558=CARTESIAN_POINT('Origin',(-18.9560315020382,-9.5316793496028,34.5360182343629));
#3559=CARTESIAN_POINT('',(-18.144757645427,-7.97844472140716,34.536986019893));
#3560=CARTESIAN_POINT('',(-18.1455533015862,-8.08491397779844,34.5363259684562));
#3561=CARTESIAN_POINT('',(-18.1445315020382,-9.5316793496028,34.5360182343629));
#3562=CARTESIAN_POINT('',(-18.3538120978615,-7.9316793496028,33.9920843787949));
#3563=CARTESIAN_POINT('Ctrl Pts',(-18.144757645427,-7.97844472140716,34.536986019893));
#3564=CARTESIAN_POINT('Ctrl Pts',(-18.1464614788187,-7.96285626413904,34.3387726603917));
#3565=CARTESIAN_POINT('Ctrl Pts',(-18.2206228688705,-7.94726780687092,34.1395455770723));
#3566=CARTESIAN_POINT('Ctrl Pts',(-18.3538120978615,-7.9316793496028,33.9920843787949));
#3567=CARTESIAN_POINT('',(-19.5592767643718,-7.9316793496028,33.9917082086953));
#3568=CARTESIAN_POINT('Origin',(-18.9560315020382,-7.9316793496028,34.5360182343629));
#3569=CARTESIAN_POINT('Ctrl Pts',(-19.5592767643718,-7.9316793496028,33.9917082086953));
#3570=CARTESIAN_POINT('Ctrl Pts',(-19.4014834897254,-7.95007444314379,33.819193716302));
#3571=CARTESIAN_POINT('Ctrl Pts',(-19.1645570423276,-7.96846953668479,33.7165441838106));
#3572=CARTESIAN_POINT('Ctrl Pts',(-18.9310952658121,-7.98686463022578,33.7237374914145));
#3573=CARTESIAN_POINT('Ctrl Pts',(-18.6696812186593,-8.00746215981748,33.7317920504143));
#3574=CARTESIAN_POINT('Ctrl Pts',(-18.4126111558962,-8.02805968940917,33.877566929435));
#3575=CARTESIAN_POINT('Ctrl Pts',(-18.2716253301626,-8.04865721900086,34.0977673696301));
#3576=CARTESIAN_POINT('Ctrl Pts',(-18.1889019942605,-8.06074280526672,34.2269698258718));
#3577=CARTESIAN_POINT('Ctrl Pts',(-18.1461435302994,-8.07282839153258,34.3817951237462));
#3578=CARTESIAN_POINT('Ctrl Pts',(-18.1455533015862,-8.08491397779844,34.5363259684562));
#3579=CARTESIAN_POINT('Origin',(-18.9560315020382,-10.4151064635007,34.5360182343629));
#3580=CARTESIAN_POINT('',(-17.9189783595658,-8.2482522357049,34.5351936083115));
#3581=CARTESIAN_POINT('',(-17.9203372397231,-8.2151064635007,34.5364114817502));
#3582=CARTESIAN_POINT('',(-17.9190315020382,-10.4151064635007,34.5360182343629));
#3583=CARTESIAN_POINT('',(-19.2229510066321,-7.9316793496028,35.5380776028972));
#3584=CARTESIAN_POINT('Ctrl Pts',(-17.9203372397231,-8.2151064635007,34.5364114817502));
#3585=CARTESIAN_POINT('Ctrl Pts',(-17.9210914814675,-8.20302087723484,34.3389395335502));
#3586=CARTESIAN_POINT('Ctrl Pts',(-18.0688552839201,-8.17033776137729,33.8038975182286));
#3587=CARTESIAN_POINT('Ctrl Pts',(-18.9186148800067,-8.11705711592804,33.3220304311599));
#3588=CARTESIAN_POINT('Ctrl Pts',(-19.9374358733879,-8.05526452715296,33.8191224613961));
#3589=CARTESIAN_POINT('Ctrl Pts',(-20.1004654987435,-7.99347193837789,34.9418260991497));
#3590=CARTESIAN_POINT('Ctrl Pts',(-19.547162543752,-7.95227687919449,35.4517170681933));
#3591=CARTESIAN_POINT('Ctrl Pts',(-19.2229510066321,-7.9316793496028,35.5380776028972));
#3592=CARTESIAN_POINT('',(-18.6882743980141,-7.9316793496028,35.5391945985057));
#3593=CARTESIAN_POINT('Origin',(-18.9560315020382,-7.9316793496028,34.5360182343629));
#3594=CARTESIAN_POINT('Ctrl Pts',(-17.9189783595658,-8.2482522357049,34.5351936083115));
#3595=CARTESIAN_POINT('Ctrl Pts',(-17.9183296300207,-8.2435131522453,34.4580210545546));
#3596=CARTESIAN_POINT('Ctrl Pts',(-17.9607260041631,-8.21817653919401,34.0461400150273));
#3597=CARTESIAN_POINT('Ctrl Pts',(-18.5090139004473,-8.17224239655102,33.406519730193));
#3598=CARTESIAN_POINT('Ctrl Pts',(-19.6357238473098,-8.11044980777594,33.5291249534067));
#3599=CARTESIAN_POINT('Ctrl Pts',(-20.1707485433618,-8.04865721900086,34.5284301759788));
#3600=CARTESIAN_POINT('Ctrl Pts',(-19.6671328438172,-7.98906706627648,35.4979937709456));
#3601=CARTESIAN_POINT('Ctrl Pts',(-18.9774462400125,-7.95007444314379,35.6142828708799));
#3602=CARTESIAN_POINT('Ctrl Pts',(-18.6882743980141,-7.9316793496028,35.5391945985057));
#3603=CARTESIAN_POINT('Origin',(-18.9560315020382,-10.4151064635007,34.5360182343629));
#3604=CARTESIAN_POINT('',(-17.9195694681884,-8.6482522357049,34.5367918270026));
#3605=CARTESIAN_POINT('',(-17.9176408345443,-8.6151064635007,34.5356954875159));
#3606=CARTESIAN_POINT('',(-17.9190315020382,-10.4151064635007,34.5360182343629));
#3607=CARTESIAN_POINT('Ctrl Pts',(-17.9176408345443,-8.6151064635007,34.5356954875159));
#3608=CARTESIAN_POINT('Ctrl Pts',(-17.9175557773554,-8.61387025104336,34.5156324592757));
#3609=CARTESIAN_POINT('Ctrl Pts',(-17.9269863274593,-8.59203650899433,34.1613645147788));
#3610=CARTESIAN_POINT('Ctrl Pts',(-18.3294926013383,-8.54960523735361,33.4952916525159));
#3611=CARTESIAN_POINT('Ctrl Pts',(-19.4610277007413,-8.48781264857852,33.4311963284857));
#3612=CARTESIAN_POINT('Ctrl Pts',(-20.1529988332695,-8.42602005980345,34.3287827891724));
#3613=CARTESIAN_POINT('Ctrl Pts',(-19.803049426355,-8.36422747102836,35.4067786383011));
#3614=CARTESIAN_POINT('Ctrl Pts',(-18.7158550853875,-8.30243488225329,35.726777466766));
#3615=CARTESIAN_POINT('Ctrl Pts',(-18.0094013625684,-8.25272787974406,35.1504867779444));
#3616=CARTESIAN_POINT('Ctrl Pts',(-17.9198060232111,-8.22361840682654,34.6754920356053));
#3617=CARTESIAN_POINT('Ctrl Pts',(-17.9203372397231,-8.2151064635007,34.5364114817502));
#3618=CARTESIAN_POINT('Ctrl Pts',(-17.9195694681884,-8.6482522357049,34.5367918270026));
#3619=CARTESIAN_POINT('Ctrl Pts',(-17.9213439904148,-8.63376499646213,34.30053194662));
#3620=CARTESIAN_POINT('Ctrl Pts',(-18.116624924581,-8.59868022762766,33.7257082247845));
#3621=CARTESIAN_POINT('Ctrl Pts',(-19.0561778175285,-8.54299792920151,33.3253858501383));
#3622=CARTESIAN_POINT('Ctrl Pts',(-20.0116604558277,-8.48120534042643,33.9349274665341));
#3623=CARTESIAN_POINT('Ctrl Pts',(-20.0482702552993,-8.41941275165134,35.0676918552585));
#3624=CARTESIAN_POINT('Ctrl Pts',(-19.1341422066442,-8.35762016287627,35.7376540645735));
#3625=CARTESIAN_POINT('Ctrl Pts',(-18.1469730857,-8.30056665756078,35.3905023492801));
#3626=CARTESIAN_POINT('Ctrl Pts',(-17.9211492102447,-8.26411068183699,34.7934369579093));
#3627=CARTESIAN_POINT('Ctrl Pts',(-17.9189783595658,-8.2482522357049,34.5351936083115));
#3628=CARTESIAN_POINT('Origin',(-18.9560315020382,-10.4151064635007,34.5360182343629));
#3629=CARTESIAN_POINT('',(-17.9184851841196,-9.0482522357049,34.5352634605795));
#3630=CARTESIAN_POINT('',(-17.9204797478571,-9.0151064635007,34.5361813988236));
#3631=CARTESIAN_POINT('',(-17.9190315020382,-10.4151064635007,34.5360182343629));
#3632=CARTESIAN_POINT('Ctrl Pts',(-17.9204797478571,-9.0151064635007,34.5361813988236));
#3633=CARTESIAN_POINT('Ctrl Pts',(-17.9207452102222,-9.0041220952602,34.3566470705249));
#3634=CARTESIAN_POINT('Ctrl Pts',(-18.0490481980404,-8.972540197428,33.8401000935867));
#3635=CARTESIAN_POINT('Ctrl Pts',(-18.8558851701257,-8.92036077000408,33.3253856489943));
#3636=CARTESIAN_POINT('Ctrl Pts',(-19.8985399591676,-8.85856818122902,33.7696374268605));
#3637=CARTESIAN_POINT('Ctrl Pts',(-20.1207885950043,-8.79677559245392,34.8809860015252));
#3638=CARTESIAN_POINT('Ctrl Pts',(-19.329174128154,-8.73498300367885,35.6920572970437));
#3639=CARTESIAN_POINT('Ctrl Pts',(-18.2350931145983,-8.6744266273611,35.5007592538661));
#3640=CARTESIAN_POINT('Ctrl Pts',(-17.9189729835605,-8.63446778063506,34.8499187022453));
#3641=CARTESIAN_POINT('Ctrl Pts',(-17.9176408345443,-8.6151064635007,34.5356954875159));
#3642=CARTESIAN_POINT('Ctrl Pts',(-17.9184851841196,-9.0482522357049,34.5352634605795));
#3643=CARTESIAN_POINT('Ctrl Pts',(-17.9179990375865,-9.04461437027065,34.4760958285099));
#3644=CARTESIAN_POINT('Ctrl Pts',(-17.9489835164849,-9.02037897524471,34.0824302527159));
#3645=CARTESIAN_POINT('Ctrl Pts',(-18.4510353908098,-8.97554605062708,33.4311965206075));
#3646=CARTESIAN_POINT('Ctrl Pts',(-19.5825702970208,-8.91375346185199,33.495291818986));
#3647=CARTESIAN_POINT('Ctrl Pts',(-20.168739406622,-8.85196087307691,34.4652924441037));
#3648=CARTESIAN_POINT('Ctrl Pts',(-19.6993045995987,-8.79016828430183,35.4968538897602));
#3649=CARTESIAN_POINT('Ctrl Pts',(-18.5828889378491,-8.72837569552675,35.69205710689));
#3650=CARTESIAN_POINT('Ctrl Pts',(-17.9768681569982,-8.68107034599444,35.0711411429506));
#3651=CARTESIAN_POINT('Ctrl Pts',(-17.9188210270361,-8.65436252605382,34.6364392783043));
#3652=CARTESIAN_POINT('Ctrl Pts',(-17.9195694681884,-8.6482522357049,34.5367918270026));
#3653=CARTESIAN_POINT('Origin',(-18.9560315020382,-10.4151064635007,34.5360182343629));
#3654=CARTESIAN_POINT('',(-17.9202235207184,-9.4482522357049,34.5368551264402));
#3655=CARTESIAN_POINT('',(-17.9175040507861,-9.4151064635007,34.5360150662595));
#3656=CARTESIAN_POINT('',(-17.9190315020382,-10.4151064635007,34.5360182343629));
#3657=CARTESIAN_POINT('',(-18.6891119974443,-9.5316793496028,35.5380776028972));
#3658=CARTESIAN_POINT('Ctrl Pts',(-18.6891119974443,-9.5316793496028,35.5380776028972));
#3659=CARTESIAN_POINT('Ctrl Pts',(-18.3649004603245,-9.51108182001111,35.4517170681933));
#3660=CARTESIAN_POINT('Ctrl Pts',(-17.9913888905727,-9.48327278204514,35.1075126638445));
#3661=CARTESIAN_POINT('Ctrl Pts',(-17.9195480169931,-9.45546374407918,34.6545858277216));
#3662=CARTESIAN_POINT('Ctrl Pts',(-17.9202235207184,-9.4482522357049,34.5368551264402));
#3663=CARTESIAN_POINT('',(-19.2237887182918,-9.5316793496028,35.539194667834));
#3664=CARTESIAN_POINT('Origin',(-18.9560315020382,-9.5316793496028,34.5360182343629));
#3665=CARTESIAN_POINT('Ctrl Pts',(-19.2237887182918,-9.5316793496028,35.539194667834));
#3666=CARTESIAN_POINT('Ctrl Pts',(-18.9346169462077,-9.51328425606181,35.6142828670704));
#3667=CARTESIAN_POINT('Ctrl Pts',(-18.2473175595676,-9.4744266273611,35.498396853568));
#3668=CARTESIAN_POINT('Ctrl Pts',(-17.9176767608929,-9.43556899866041,34.8679496676309));
#3669=CARTESIAN_POINT('Ctrl Pts',(-17.9175040491457,-9.4151064635007,34.5360150662561));
#3670=CARTESIAN_POINT('Origin',(-18.9560315020382,-10.4151064635007,34.5360182343629));
#3671=CARTESIAN_POINT('Ctrl Pts',(-17.9175040491457,-9.4151064635007,34.5360150662561));
#3672=CARTESIAN_POINT('Ctrl Pts',(-17.9175029097403,-9.41497146906871,34.5338252436061));
#3673=CARTESIAN_POINT('Ctrl Pts',(-17.9184870726669,-9.39423894504503,34.1975114022417));
#3674=CARTESIAN_POINT('Ctrl Pts',(-18.2763389980075,-9.35290889142966,33.5291249040311));
#3675=CARTESIAN_POINT('Ctrl Pts',(-19.4030491984957,-9.29111630265457,33.4065194783997));
#3676=CARTESIAN_POINT('Ctrl Pts',(-20.1406298027041,-9.2293237138795,34.2669645013653));
#3677=CARTESIAN_POINT('Ctrl Pts',(-19.8470881313597,-9.16753112510441,35.3616667098781));
#3678=CARTESIAN_POINT('Ctrl Pts',(-18.7779207661737,-9.10573853632934,35.737654273345));
#3679=CARTESIAN_POINT('Ctrl Pts',(-18.0262897383042,-9.05493031579476,35.1867857178436));
#3680=CARTESIAN_POINT('Ctrl Pts',(-17.9202474238406,-9.02471962485189,34.6933039959745));
#3681=CARTESIAN_POINT('Ctrl Pts',(-17.9204797478571,-9.0151064635007,34.5361813988236));
#3682=CARTESIAN_POINT('Ctrl Pts',(-17.9202235207184,-9.4482522357049,34.5368551264402));
#3683=CARTESIAN_POINT('Ctrl Pts',(-17.921477392548,-9.43486621448748,34.3183230824483));
#3684=CARTESIAN_POINT('Ctrl Pts',(-18.0935289326972,-9.40088266367837,33.7611088578799));
#3685=CARTESIAN_POINT('Ctrl Pts',(-18.9934481163751,-9.34630158327755,33.3220310455072));
#3686=CARTESIAN_POINT('Ctrl Pts',(-19.9789623671448,-9.28450899450248,33.8808789252657));
#3687=CARTESIAN_POINT('Ctrl Pts',(-20.0744261620738,-9.2227164057274,35.0103695259806));
#3688=CARTESIAN_POINT('Ctrl Pts',(-19.1962078611346,-9.16092381695232,35.726777203922));
#3689=CARTESIAN_POINT('Ctrl Pts',(-18.1730192357883,-9.10276909361149,35.4256175550302));
#3690=CARTESIAN_POINT('Ctrl Pts',(-17.9207515906377,-9.06521189986234,34.8111019122837));
#3691=CARTESIAN_POINT('Ctrl Pts',(-17.9184851841196,-9.0482522357049,34.5352634605795));
#3692=CARTESIAN_POINT('Ctrl Pts',(-19.558250906215,-9.5316793496028,33.9920843787949));
#3693=CARTESIAN_POINT('Ctrl Pts',(-19.7342381150998,-9.51108182001111,34.1869295993901));
#3694=CARTESIAN_POINT('Ctrl Pts',(-19.8800958635879,-9.46988676082772,34.7573792918708));
#3695=CARTESIAN_POINT('Ctrl Pts',(-19.2946495535352,-9.40809417205264,35.4247688443705));
#3696=CARTESIAN_POINT('Ctrl Pts',(-18.4141277802889,-9.34630158327756,35.3168509355969));
#3697=CARTESIAN_POINT('Ctrl Pts',(-18.0054597000952,-9.28450899450247,34.5300800712827));
#3698=CARTESIAN_POINT('Ctrl Pts',(-18.4241409841781,-9.2227164057274,33.7480780824205));
#3699=CARTESIAN_POINT('Ctrl Pts',(-19.3058433252545,-9.16092381695231,33.6521337208971));
#3700=CARTESIAN_POINT('Ctrl Pts',(-19.88303393308,-9.09913122817724,34.3254713642303));
#3701=CARTESIAN_POINT('Ctrl Pts',(-19.653324129516,-9.03733863940215,35.1821259854532));
#3702=CARTESIAN_POINT('Ctrl Pts',(-18.8166516928251,-8.97554605062708,35.4763534760543));
#3703=CARTESIAN_POINT('Ctrl Pts',(-18.1013045070614,-8.91375346185199,34.9520772603417));
#3704=CARTESIAN_POINT('Ctrl Pts',(-18.1299533558967,-8.85196087307691,34.0656371001808));
#3705=CARTESIAN_POINT('Ctrl Pts',(-18.8776624100932,-8.79016828430183,33.5886427830354));
#3706=CARTESIAN_POINT('Ctrl Pts',(-19.6935875415373,-8.72837569552675,33.9362901482605));
#3707=CARTESIAN_POINT('Ctrl Pts',(-19.8675072792244,-8.66658310675167,34.8059713134875));
#3708=CARTESIAN_POINT('Ctrl Pts',(-19.2480326988492,-8.60479051797659,35.4406717535196));
#3709=CARTESIAN_POINT('Ctrl Pts',(-18.3743861609221,-8.54299792920151,35.2879162710062));
#3710=CARTESIAN_POINT('Ctrl Pts',(-18.0070318628922,-8.48120534042642,34.4806720526711));
#3711=CARTESIAN_POINT('Ctrl Pts',(-18.4657361134963,-8.41941275165135,33.7216020133708));
#3712=CARTESIAN_POINT('Ctrl Pts',(-19.351214158979,-8.35762016287627,33.6714444864175));
#3713=CARTESIAN_POINT('Ctrl Pts',(-19.8927132660635,-8.29582757410119,34.3738470060388));
#3714=CARTESIAN_POINT('Ctrl Pts',(-19.6188618256477,-8.2340349853261,35.2174281358053));
#3715=CARTESIAN_POINT('Ctrl Pts',(-18.7680824546785,-8.17224239655103,35.4678418766919));
#3716=CARTESIAN_POINT('Ctrl Pts',(-18.0808363270209,-8.11044980777594,34.9072198125638));
#3717=CARTESIAN_POINT('Ctrl Pts',(-18.155541093133,-8.04865721900087,34.0233418084558));
#3718=CARTESIAN_POINT('Ctrl Pts',(-18.9267512814224,-7.98686463022578,33.5860171713935));
#3719=CARTESIAN_POINT('Ctrl Pts',(-19.72402537605,-7.9250720414507,33.9750144544569));
#3720=CARTESIAN_POINT('Ctrl Pts',(-19.8516035254966,-7.86327945267562,34.8535814766719));
#3721=CARTESIAN_POINT('Ctrl Pts',(-19.4186186190592,-7.82208439349223,35.2525945156101));
#3722=CARTESIAN_POINT('Ctrl Pts',(-19.1649082406862,-7.80148686390054,35.3201755897781));
#3723=CARTESIAN_POINT('Ctrl Pts',(-19.614032576226,-9.57507684483689,33.9417015139641));
#3724=CARTESIAN_POINT('Ctrl Pts',(-19.8063209211155,-9.55447931524519,34.1545946282723));
#3725=CARTESIAN_POINT('Ctrl Pts',(-19.9656890094205,-9.51328425606182,34.7778832633097));
#3726=CARTESIAN_POINT('Ctrl Pts',(-19.3260146677732,-9.45149166728672,35.5070909895982));
#3727=CARTESIAN_POINT('Ctrl Pts',(-18.3639329603035,-9.38969907851166,35.3891769878164));
#3728=CARTESIAN_POINT('Ctrl Pts',(-17.9174112542795,-9.32790648973654,34.5295300381036));
#3729=CARTESIAN_POINT('Ctrl Pts',(-18.3748736554546,-9.2661139009615,33.675093689624));
#3730=CARTESIAN_POINT('Ctrl Pts',(-19.3382452830015,-9.20432131218639,33.5702623067313));
#3731=CARTESIAN_POINT('Ctrl Pts',(-19.9688992229547,-9.14252872341132,34.3059690766087));
#3732=CARTESIAN_POINT('Ctrl Pts',(-19.7179121301305,-9.08073613463624,35.2419728935948));
#3733=CARTESIAN_POINT('Ctrl Pts',(-18.8037413839413,-9.01894354586116,35.5634537418178));
#3734=CARTESIAN_POINT('Ctrl Pts',(-18.0221338611927,-8.95715095708607,34.9906154859972));
#3735=CARTESIAN_POINT('Ctrl Pts',(-18.0534363618712,-8.895358368311,34.0220671902371));
#3736=CARTESIAN_POINT('Ctrl Pts',(-18.870403330104,-8.83356577953592,33.5008904050217));
#3737=CARTESIAN_POINT('Ctrl Pts',(-19.7619050140807,-8.77177319076084,33.8807392411271));
#3738=CARTESIAN_POINT('Ctrl Pts',(-19.9519343844844,-8.70998060198575,34.8309762095001));
#3739=CARTESIAN_POINT('Ctrl Pts',(-19.2750798419508,-8.64818801321068,35.5244669346943));
#3740=CARTESIAN_POINT('Ctrl Pts',(-18.3205102010035,-8.58639542443559,35.3575621971771));
#3741=CARTESIAN_POINT('Ctrl Pts',(-17.9191290415213,-8.52460283566051,34.4755455117093));
#3742=CARTESIAN_POINT('Ctrl Pts',(-18.4203216094437,-8.46281024688543,33.6461652264192));
#3743=CARTESIAN_POINT('Ctrl Pts',(-19.3878186728997,-8.40101765811035,33.5913617671069));
#3744=CARTESIAN_POINT('Ctrl Pts',(-19.9794751217989,-8.33922506933527,34.3588256004167));
#3745=CARTESIAN_POINT('Ctrl Pts',(-19.6802576925502,-8.2774324805602,35.2805449699705));
#3746=CARTESIAN_POINT('Ctrl Pts',(-18.7506733315815,-8.21563989178511,35.5541537400499));
#3747=CARTESIAN_POINT('Ctrl Pts',(-17.9997697786674,-8.15384730301002,34.9416030353547));
#3748=CARTESIAN_POINT('Ctrl Pts',(-18.0813942099093,-8.09205471423496,33.975854220022));
#3749=CARTESIAN_POINT('Ctrl Pts',(-18.9240391476172,-8.03026212545986,33.4980215913156));
#3750=CARTESIAN_POINT('Ctrl Pts',(-19.795162208496,-7.96846953668479,33.92305045677));
#3751=CARTESIAN_POINT('Ctrl Pts',(-19.9345575165789,-7.9066769479097,34.8829963508312));
#3752=CARTESIAN_POINT('Ctrl Pts',(-19.4614665939568,-7.86548188872632,35.3189686998045));
#3753=CARTESIAN_POINT('Ctrl Pts',(-19.1842558293349,-7.84488435913462,35.3928095941511));
#3754=CARTESIAN_POINT('Ctrl Pts',(-19.669814246237,-9.61847434007097,33.8913186491333));
#3755=CARTESIAN_POINT('Ctrl Pts',(-19.8784037271313,-9.59787681047928,34.1222596571544));
#3756=CARTESIAN_POINT('Ctrl Pts',(-20.051282155253,-9.55668175129589,34.7983872347486));
#3757=CARTESIAN_POINT('Ctrl Pts',(-19.3573797820113,-9.49488916252082,35.5894131348258));
#3758=CARTESIAN_POINT('Ctrl Pts',(-18.313738140318,-9.43309657374573,35.4615030400359));
#3759=CARTESIAN_POINT('Ctrl Pts',(-17.8293628084639,-9.37130398497064,34.5289800049244));
#3760=CARTESIAN_POINT('Ctrl Pts',(-18.3256063267311,-9.30951139619558,33.6021092968275));
#3761=CARTESIAN_POINT('Ctrl Pts',(-19.3706472407486,-9.24771880742049,33.4883908925655));
#3762=CARTESIAN_POINT('Ctrl Pts',(-20.0547645128294,-9.1859262186454,34.286466788987));
#3763=CARTESIAN_POINT('Ctrl Pts',(-19.7825001307451,-9.12413362987034,35.3018198017365));
#3764=CARTESIAN_POINT('Ctrl Pts',(-18.7908310750575,-9.06234104109524,35.6505540075814));
#3765=CARTESIAN_POINT('Ctrl Pts',(-17.942963215324,-9.00054845232017,35.0291537116526));
#3766=CARTESIAN_POINT('Ctrl Pts',(-17.9769193678458,-8.93875586354509,33.9784972802933));
#3767=CARTESIAN_POINT('Ctrl Pts',(-18.8631442501149,-8.87696327477,33.4131380270081));
#3768=CARTESIAN_POINT('Ctrl Pts',(-19.8302224866242,-8.81517068599493,33.8251883339938));
#3769=CARTESIAN_POINT('Ctrl Pts',(-20.0363614897443,-8.75337809721984,34.8559811055127));
#3770=CARTESIAN_POINT('Ctrl Pts',(-19.3021269850524,-8.69158550844477,35.608262115869));
#3771=CARTESIAN_POINT('Ctrl Pts',(-18.266634241085,-8.62979291966968,35.427208123348));
#3772=CARTESIAN_POINT('Ctrl Pts',(-17.8312262201504,-8.5680003308946,34.4704189707476));
#3773=CARTESIAN_POINT('Ctrl Pts',(-18.374907105391,-8.50620774211952,33.5707284394676));
#3774=CARTESIAN_POINT('Ctrl Pts',(-19.4244231868205,-8.44441515334444,33.5112790477963));
#3775=CARTESIAN_POINT('Ctrl Pts',(-20.0662369775342,-8.38262256456936,34.3438041947946));
#3776=CARTESIAN_POINT('Ctrl Pts',(-19.7416535594526,-8.32082997579428,35.3436618041358));
#3777=CARTESIAN_POINT('Ctrl Pts',(-18.7332642084845,-8.25903738701919,35.640465603408));
#3778=CARTESIAN_POINT('Ctrl Pts',(-17.918703230314,-8.19724479824412,34.9759862581455));
#3779=CARTESIAN_POINT('Ctrl Pts',(-18.0072473266856,-8.13545220946903,33.9283666315882));
#3780=CARTESIAN_POINT('Ctrl Pts',(-18.921327013812,-8.07365962069396,33.4100260112378));
#3781=CARTESIAN_POINT('Ctrl Pts',(-19.8662990409419,-8.01186703191887,33.871086459083));
#3782=CARTESIAN_POINT('Ctrl Pts',(-20.0175115076612,-7.9500744431438,34.9124112249905));
#3783=CARTESIAN_POINT('Ctrl Pts',(-19.5043145688544,-7.90887938396041,35.3853428839989));
#3784=CARTESIAN_POINT('Ctrl Pts',(-19.2036034179835,-7.88828185436871,35.4654435985242));
#3785=CARTESIAN_POINT('Ctrl Pts',(-19.725595916248,-9.66187183530506,33.8409357843025));
#3786=CARTESIAN_POINT('Ctrl Pts',(-19.950486533147,-9.64127430571337,34.0899246860366));
#3787=CARTESIAN_POINT('Ctrl Pts',(-20.1368753010857,-9.60007924652998,34.8188912061875));
#3788=CARTESIAN_POINT('Ctrl Pts',(-19.3887448962494,-9.5382866577549,35.6717352800535));
#3789=CARTESIAN_POINT('Ctrl Pts',(-18.2635433203326,-9.47649406897981,35.5338290922554));
#3790=CARTESIAN_POINT('Ctrl Pts',(-17.7413143626482,-9.41470148020474,34.5284299717453));
#3791=CARTESIAN_POINT('Ctrl Pts',(-18.2763389980075,-9.35290889142966,33.5291249040311));
#3792=CARTESIAN_POINT('Ctrl Pts',(-19.4030491984957,-9.29111630265457,33.4065194783997));
#3793=CARTESIAN_POINT('Ctrl Pts',(-20.1406298027041,-9.2293237138795,34.2669645013653));
#3794=CARTESIAN_POINT('Ctrl Pts',(-19.8470881313597,-9.16753112510441,35.3616667098781));
#3795=CARTESIAN_POINT('Ctrl Pts',(-18.7779207661737,-9.10573853632934,35.737654273345));
#3796=CARTESIAN_POINT('Ctrl Pts',(-17.8637925694554,-9.04394594755424,35.0676919373081));
#3797=CARTESIAN_POINT('Ctrl Pts',(-17.9004023738204,-8.98215335877919,33.9349273703496));
#3798=CARTESIAN_POINT('Ctrl Pts',(-18.8558851701257,-8.92036077000408,33.3253856489943));
#3799=CARTESIAN_POINT('Ctrl Pts',(-19.8985399591676,-8.85856818122902,33.7696374268605));
#3800=CARTESIAN_POINT('Ctrl Pts',(-20.1207885950043,-8.79677559245392,34.8809860015252));
#3801=CARTESIAN_POINT('Ctrl Pts',(-19.329174128154,-8.73498300367885,35.6920572970437));
#3802=CARTESIAN_POINT('Ctrl Pts',(-18.2127582811664,-8.67319041490377,35.496854049519));
#3803=CARTESIAN_POINT('Ctrl Pts',(-17.7433233987796,-8.61139782612869,34.4652924297857));
#3804=CARTESIAN_POINT('Ctrl Pts',(-18.3294926013383,-8.54960523735361,33.4952916525159));
#3805=CARTESIAN_POINT('Ctrl Pts',(-19.4610277007413,-8.48781264857852,33.4311963284857));
#3806=CARTESIAN_POINT('Ctrl Pts',(-20.1529988332695,-8.42602005980345,34.3287827891724));
#3807=CARTESIAN_POINT('Ctrl Pts',(-19.803049426355,-8.36422747102836,35.4067786383011));
#3808=CARTESIAN_POINT('Ctrl Pts',(-18.7158550853875,-8.30243488225329,35.726777466766));
#3809=CARTESIAN_POINT('Ctrl Pts',(-17.8376366819605,-8.2406422934782,35.0103694809364));
#3810=CARTESIAN_POINT('Ctrl Pts',(-17.9331004434619,-8.17884970470313,33.8808790431545));
#3811=CARTESIAN_POINT('Ctrl Pts',(-18.9186148800067,-8.11705711592804,33.3220304311599));
#3812=CARTESIAN_POINT('Ctrl Pts',(-19.9374358733879,-8.05526452715296,33.8191224613961));
#3813=CARTESIAN_POINT('Ctrl Pts',(-20.1004654987435,-7.99347193837789,34.9418260991497));
#3814=CARTESIAN_POINT('Ctrl Pts',(-19.547162543752,-7.95227687919449,35.4517170681933));
#3815=CARTESIAN_POINT('Ctrl Pts',(-19.2229510066321,-7.9316793496028,35.5380776028972));
#3816=CARTESIAN_POINT('Ctrl Pts',(-19.2229510066321,-7.9316793496028,35.5380776028972));
#3817=CARTESIAN_POINT('Ctrl Pts',(-19.2644220007283,-7.9316793496028,35.5221707207249));
#3818=CARTESIAN_POINT('Ctrl Pts',(-19.3046256311213,-7.9316793496028,35.5034492671687));
#3819=CARTESIAN_POINT('Ctrl Pts',(-19.3433900257847,-7.9316793496028,35.4821620768641));
#3820=CARTESIAN_POINT('Ctrl Pts',(-19.3825277996361,-7.9316793496028,35.4606698480467));
#3821=CARTESIAN_POINT('Ctrl Pts',(-19.4201992892779,-7.9316793496028,35.4365611903622));
#3822=CARTESIAN_POINT('Ctrl Pts',(-19.4561923688113,-7.9316793496028,35.4100520855731));
#3823=CARTESIAN_POINT('Ctrl Pts',(-19.479501573263,-7.9316793496028,35.3928847258646));
#3824=CARTESIAN_POINT('Ctrl Pts',(-19.5021061225611,-7.9316793496028,35.374709872023));
#3825=CARTESIAN_POINT('Ctrl Pts',(-19.5239382228953,-7.9316793496028,35.3555804168923));
#3826=CARTESIAN_POINT('Ctrl Pts',(-19.5319718573464,-7.9316793496028,35.3485412842657));
#3827=CARTESIAN_POINT('Ctrl Pts',(-19.5399008122618,-7.9316793496028,35.3413728621137));
#3828=CARTESIAN_POINT('Ctrl Pts',(-19.5477213950507,-7.9316793496028,35.334077691458));
#3829=CARTESIAN_POINT('Ctrl Pts',(-19.5538743028468,-7.9316793496028,35.3283381559767));
#3830=CARTESIAN_POINT('Ctrl Pts',(-19.5599597402319,-7.9316793496028,35.3225203729933));
#3831=CARTESIAN_POINT('Ctrl Pts',(-19.5659664575702,-7.9316793496028,35.3166352547205));
#3832=CARTESIAN_POINT('Ctrl Pts',(-19.5969823044745,-7.9316793496028,35.2862472878687));
#3833=CARTESIAN_POINT('Ctrl Pts',(-19.6259717065677,-7.9316793496028,35.2540029884303));
#3834=CARTESIAN_POINT('Ctrl Pts',(-19.6527442869509,-7.9316793496028,35.2201100220258));
#3835=CARTESIAN_POINT('Ctrl Pts',(-19.6788445181703,-7.9316793496028,35.1870682215268));
#3836=CARTESIAN_POINT('Ctrl Pts',(-19.7028382824543,-7.9316793496028,35.1524584913508));
#3837=CARTESIAN_POINT('Ctrl Pts',(-19.7245040492063,-7.9316793496028,35.1164554216292));
#3838=CARTESIAN_POINT('Ctrl Pts',(-19.7371047819142,-7.9316793496028,35.0955161646244));
#3839=CARTESIAN_POINT('Ctrl Pts',(-19.7489171808644,-7.9316793496028,35.0741053502519));
#3840=CARTESIAN_POINT('Ctrl Pts',(-19.7598895555238,-7.9316793496028,35.0522564492146));
#3841=CARTESIAN_POINT('Ctrl Pts',(-19.7640256794491,-7.9316793496028,35.0440203321364));
#3842=CARTESIAN_POINT('Ctrl Pts',(-19.7680423734901,-7.9316793496028,35.0357219641116));
#3843=CARTESIAN_POINT('Ctrl Pts',(-19.7719366278181,-7.9316793496028,35.0273631478231));
#3844=CARTESIAN_POINT('Ctrl Pts',(-19.7756608441338,-7.9316793496028,35.0193693093678));
#3845=CARTESIAN_POINT('Ctrl Pts',(-19.7792696367487,-7.9316793496028,35.0113274406422));
#3846=CARTESIAN_POINT('Ctrl Pts',(-19.7827587482528,-7.9316793496028,35.0032447812026));
#3847=CARTESIAN_POINT('Ctrl Pts',(-19.7988429006128,-7.9316793496028,34.9659852308125));
#3848=CARTESIAN_POINT('Ctrl Pts',(-19.8124050220698,-7.9316793496028,34.9278226380102));
#3849=CARTESIAN_POINT('Ctrl Pts',(-19.8232499095826,-7.9316793496028,34.888921673608));
#3850=CARTESIAN_POINT('Ctrl Pts',(-19.8271700801899,-7.9316793496028,34.8748598940768));
#3851=CARTESIAN_POINT('Ctrl Pts',(-19.8307347231765,-7.9316793496028,34.8607015639297));
#3852=CARTESIAN_POINT('Ctrl Pts',(-19.8339329219199,-7.9316793496028,34.8464543400589));
#3853=CARTESIAN_POINT('Ctrl Pts',(-19.8417063685981,-7.9316793496028,34.8118254617568));
#3854=CARTESIAN_POINT('Ctrl Pts',(-19.8473167549055,-7.9316793496028,34.7766707851225));
#3855=CARTESIAN_POINT('Ctrl Pts',(-19.8507931326462,-7.9316793496028,34.7411844980392));
#3856=CARTESIAN_POINT('Ctrl Pts',(-19.8527224102297,-7.9316793496028,34.7214907526253));
#3857=CARTESIAN_POINT('Ctrl Pts',(-19.8539939541571,-7.9316793496028,34.7016950022943));
#3858=CARTESIAN_POINT('Ctrl Pts',(-19.854609371377,-7.9316793496028,34.6818320573574));
#3859=CARTESIAN_POINT('Ctrl Pts',(-19.8548564040387,-7.9316793496028,34.6738589360344));
#3860=CARTESIAN_POINT('Ctrl Pts',(-19.8549974664465,-7.9316793496028,34.6658801961814));
#3861=CARTESIAN_POINT('Ctrl Pts',(-19.8550331347644,-7.9316793496028,34.6579054612353));
#3862=CARTESIAN_POINT('Ctrl Pts',(-19.8552139680107,-7.9316793496028,34.6174747010849));
#3863=CARTESIAN_POINT('Ctrl Pts',(-19.8526918931903,-7.9316793496028,34.5770870088754));
#3864=CARTESIAN_POINT('Ctrl Pts',(-19.8475426420683,-7.9316793496028,34.5370261276317));
#3865=CARTESIAN_POINT('Ctrl Pts',(-19.8424388287202,-7.9316793496028,34.4973187496886));
#3866=CARTESIAN_POINT('Ctrl Pts',(-19.8347534119551,-7.9316793496028,34.4579312446637));
#3867=CARTESIAN_POINT('Ctrl Pts',(-19.8245148332536,-7.9316793496028,34.4191622541969));
#3868=CARTESIAN_POINT('Ctrl Pts',(-19.8195014365253,-7.9316793496028,34.4001787277102));
#3869=CARTESIAN_POINT('Ctrl Pts',(-19.8138752456477,-7.9316793496028,34.3813439516821));
#3870=CARTESIAN_POINT('Ctrl Pts',(-19.8076362222327,-7.9316793496028,34.3626962610839));
#3871=CARTESIAN_POINT('Ctrl Pts',(-19.8047446479486,-7.9316793496028,34.3540536933285));
#3872=CARTESIAN_POINT('Ctrl Pts',(-19.8017205749285,-7.9316793496028,34.3454491052503));
#3873=CARTESIAN_POINT('Ctrl Pts',(-19.7985665622137,-7.9316793496028,34.336893800226));
#3874=CARTESIAN_POINT('Ctrl Pts',(-19.7852137488566,-7.9316793496028,34.3006741012157));
#3875=CARTESIAN_POINT('Ctrl Pts',(-19.7695721851739,-7.9316793496028,34.2654319103314));
#3876=CARTESIAN_POINT('Ctrl Pts',(-19.7516726042031,-7.9316793496028,34.2314436066728));
#3877=CARTESIAN_POINT('Ctrl Pts',(-19.7402974238275,-7.9316793496028,34.2098440460234));
#3878=CARTESIAN_POINT('Ctrl Pts',(-19.7280095246748,-7.9316793496028,34.1887514711224));
#3879=CARTESIAN_POINT('Ctrl Pts',(-19.7148096269852,-7.9316793496028,34.1682453627977));
#3880=CARTESIAN_POINT('Ctrl Pts',(-19.7098962043458,-7.9316793496028,34.1606123356898));
#3881=CARTESIAN_POINT('Ctrl Pts',(-19.7048558516914,-7.9316793496028,34.1530598992975));
#3882=CARTESIAN_POINT('Ctrl Pts',(-19.6996900293049,-7.9316793496028,34.1455947403075));
#3883=CARTESIAN_POINT('Ctrl Pts',(-19.6787526557183,-7.9316793496028,34.1153380239588));
#3884=CARTESIAN_POINT('Ctrl Pts',(-19.655827707636,-7.9316793496028,34.0866137498298));
#3885=CARTESIAN_POINT('Ctrl Pts',(-19.6309292664925,-7.9316793496028,34.059687506098));
#3886=CARTESIAN_POINT('Ctrl Pts',(-19.627871304795,-7.9316793496028,34.0563804949677));
#3887=CARTESIAN_POINT('Ctrl Pts',(-19.6247835389702,-7.9316793496028,34.0531006596051));
#3888=CARTESIAN_POINT('Ctrl Pts',(-19.6216659661499,-7.9316793496028,34.0498485393834));
#3889=CARTESIAN_POINT('Ctrl Pts',(-19.6020150847072,-7.9316793496028,34.029349570282));
#3890=CARTESIAN_POINT('Ctrl Pts',(-19.5811802051388,-7.9316793496028,34.0099504618087));
#3891=CARTESIAN_POINT('Ctrl Pts',(-19.5592767643718,-7.9316793496028,33.9917082086953));
#3892=CARTESIAN_POINT('Ctrl Pts',(-19.558250906215,-9.5316793496028,33.9920843787949));
#3893=CARTESIAN_POINT('Ctrl Pts',(-19.5863035228344,-9.5316793496028,34.0157682481382));
#3894=CARTESIAN_POINT('Ctrl Pts',(-19.612491037579,-9.5316793496028,34.0413944707883));
#3895=CARTESIAN_POINT('Ctrl Pts',(-19.6367964422316,-9.5316793496028,34.068663941113));
#3896=CARTESIAN_POINT('Ctrl Pts',(-19.6617801887033,-9.5316793496028,34.0966944776439));
#3897=CARTESIAN_POINT('Ctrl Pts',(-19.6847759968328,-9.5316793496028,34.1264618737133));
#3898=CARTESIAN_POINT('Ctrl Pts',(-19.7057421897471,-9.5316793496028,34.1576933954881));
#3899=CARTESIAN_POINT('Ctrl Pts',(-19.7202828767344,-9.5316793496028,34.1793533975745));
#3900=CARTESIAN_POINT('Ctrl Pts',(-19.7338468703663,-9.5316793496028,34.2017187377438));
#3901=CARTESIAN_POINT('Ctrl Pts',(-19.7464112726276,-9.5316793496028,34.2247099172722));
#3902=CARTESIAN_POINT('Ctrl Pts',(-19.7501440113397,-9.5316793496028,34.2315403310138));
#3903=CARTESIAN_POINT('Ctrl Pts',(-19.7537894902578,-9.5316793496028,34.238428040567));
#3904=CARTESIAN_POINT('Ctrl Pts',(-19.7573436359916,-9.5316793496028,34.2453645653196));
#3905=CARTESIAN_POINT('Ctrl Pts',(-19.7751313173291,-9.5316793496028,34.2800802751217));
#3906=CARTESIAN_POINT('Ctrl Pts',(-19.7905725625106,-9.5316793496028,34.3158925396281));
#3907=CARTESIAN_POINT('Ctrl Pts',(-19.8036344025706,-9.5316793496028,34.3525061671828));
#3908=CARTESIAN_POINT('Ctrl Pts',(-19.8165860869472,-9.5316793496028,34.3888110174787));
#3909=CARTESIAN_POINT('Ctrl Pts',(-19.8271988509904,-9.5316793496028,34.4259047861664));
#3910=CARTESIAN_POINT('Ctrl Pts',(-19.8354082582192,-9.5316793496028,34.4635351535434));
#3911=CARTESIAN_POINT('Ctrl Pts',(-19.8405538228763,-9.5316793496028,34.487121447049));
#3912=CARTESIAN_POINT('Ctrl Pts',(-19.8447545265872,-9.5316793496028,34.5109192048953));
#3913=CARTESIAN_POINT('Ctrl Pts',(-19.847986548773,-9.5316793496028,34.5348707732728));
#3914=CARTESIAN_POINT('Ctrl Pts',(-19.8491405640748,-9.5316793496028,34.5434228421698));
#3915=CARTESIAN_POINT('Ctrl Pts',(-19.8501710204004,-9.5316793496028,34.5519945429004));
#3916=CARTESIAN_POINT('Ctrl Pts',(-19.851076618417,-9.5316793496028,34.5605833131413));
#3917=CARTESIAN_POINT('Ctrl Pts',(-19.851863723883,-9.5316793496028,34.5680482897413));
#3918=CARTESIAN_POINT('Ctrl Pts',(-19.852556089747,-9.5316793496028,34.5755229225777));
#3919=CARTESIAN_POINT('Ctrl Pts',(-19.8531525662688,-9.5316793496028,34.5829968272852));
#3920=CARTESIAN_POINT('Ctrl Pts',(-19.8564344149407,-9.5316793496028,34.6241186876479));
#3921=CARTESIAN_POINT('Ctrl Pts',(-19.8568251620891,-9.5316793496028,34.6652917404465));
#3922=CARTESIAN_POINT('Ctrl Pts',(-19.8542617844851,-9.5316793496028,34.7062180678752));
#3923=CARTESIAN_POINT('Ctrl Pts',(-19.8533233408451,-9.5316793496028,34.7212010542389));
#3924=CARTESIAN_POINT('Ctrl Pts',(-19.8519885370956,-9.5316793496028,34.7361512414263));
#3925=CARTESIAN_POINT('Ctrl Pts',(-19.8502527001499,-9.5316793496028,34.7510547581915));
#3926=CARTESIAN_POINT('Ctrl Pts',(-19.8457164035605,-9.5316793496028,34.7900024096072));
#3927=CARTESIAN_POINT('Ctrl Pts',(-19.8384448925957,-9.5316793496028,34.8286312089149));
#3928=CARTESIAN_POINT('Ctrl Pts',(-19.8286210815692,-9.5316793496028,34.8667599545603));
#3929=CARTESIAN_POINT('Ctrl Pts',(-19.8252217401143,-9.5316793496028,34.8799536759529));
#3930=CARTESIAN_POINT('Ctrl Pts',(-19.8215163626029,-9.5316793496028,34.8930875364111));
#3931=CARTESIAN_POINT('Ctrl Pts',(-19.8175112035797,-9.5316793496028,34.9061539726113));
#3932=CARTESIAN_POINT('Ctrl Pts',(-19.8151091053735,-9.5316793496028,34.9139905810396));
#3933=CARTESIAN_POINT('Ctrl Pts',(-19.8125992128554,-9.5316793496028,34.9218023569626));
#3934=CARTESIAN_POINT('Ctrl Pts',(-19.809987527161,-9.5316793496028,34.9295747624641));
#3935=CARTESIAN_POINT('Ctrl Pts',(-19.7968005435191,-9.5316793496028,34.96881937158));
#3936=CARTESIAN_POINT('Ctrl Pts',(-19.7809972170726,-9.5316793496028,35.0071452716368));
#3937=CARTESIAN_POINT('Ctrl Pts',(-19.762817553823,-9.5316793496028,35.0443504694202));
#3938=CARTESIAN_POINT('Ctrl Pts',(-19.7441139219536,-9.5316793496028,35.0826279838833));
#3939=CARTESIAN_POINT('Ctrl Pts',(-19.7228947469424,-9.5316793496028,35.1197203199661));
#3940=CARTESIAN_POINT('Ctrl Pts',(-19.6993656909364,-9.5316793496028,35.1554061385919));
#3941=CARTESIAN_POINT('Ctrl Pts',(-19.6875788840207,-9.5316793496028,35.1732828376685));
#3942=CARTESIAN_POINT('Ctrl Pts',(-19.6752115814894,-9.5316793496028,35.1908064527746));
#3943=CARTESIAN_POINT('Ctrl Pts',(-19.6622849553018,-9.5316793496028,35.207947705162));
#3944=CARTESIAN_POINT('Ctrl Pts',(-19.6547740836386,-9.5316793496028,35.217907438271));
#3945=CARTESIAN_POINT('Ctrl Pts',(-19.6470743254478,-9.5316793496028,35.2277380595945));
#3946=CARTESIAN_POINT('Ctrl Pts',(-19.6391893974998,-9.5316793496028,35.2374335766015));
#3947=CARTESIAN_POINT('Ctrl Pts',(-19.6334125546352,-9.5316793496028,35.2445369361515));
#3948=CARTESIAN_POINT('Ctrl Pts',(-19.6275425259246,-9.5316793496028,35.2515601092592));
#3949=CARTESIAN_POINT('Ctrl Pts',(-19.6215823419994,-9.5316793496028,35.2585000012365));
#3950=CARTESIAN_POINT('Ctrl Pts',(-19.5926989129797,-9.5316793496028,35.2921311575642));
#3951=CARTESIAN_POINT('Ctrl Pts',(-19.5616955430685,-9.5316793496028,35.3238160991062));
#3952=CARTESIAN_POINT('Ctrl Pts',(-19.5287874236091,-9.5316793496028,35.3533155810072));
#3953=CARTESIAN_POINT('Ctrl Pts',(-19.5114061767562,-9.5316793496028,35.3688964706289));
#3954=CARTESIAN_POINT('Ctrl Pts',(-19.4934927155455,-9.5316793496028,35.3838674207452));
#3955=CARTESIAN_POINT('Ctrl Pts',(-19.4750735848253,-9.5316793496028,35.3981904046184));
#3956=CARTESIAN_POINT('Ctrl Pts',(-19.4668534231601,-9.5316793496028,35.4045825218554));
#3957=CARTESIAN_POINT('Ctrl Pts',(-19.4585306369596,-9.5316793496028,35.4108469029573));
#3958=CARTESIAN_POINT('Ctrl Pts',(-19.4501134774876,-9.5316793496028,35.4169755792832));
#3959=CARTESIAN_POINT('Ctrl Pts',(-19.4137009206962,-9.5316793496028,35.4434881783988));
#3960=CARTESIAN_POINT('Ctrl Pts',(-19.3756061758737,-9.5316793496028,35.4674065059233));
#3961=CARTESIAN_POINT('Ctrl Pts',(-19.3360372343496,-9.5316793496028,35.4884809783293));
#3962=CARTESIAN_POINT('Ctrl Pts',(-19.3313183628034,-9.5316793496028,35.4909942557726));
#3963=CARTESIAN_POINT('Ctrl Pts',(-19.3265784751272,-9.5316793496028,35.4934670520611));
#3964=CARTESIAN_POINT('Ctrl Pts',(-19.321817885052,-9.5316793496028,35.4958989128127));
#3965=CARTESIAN_POINT('Ctrl Pts',(-19.2900135374826,-9.5316793496028,35.512145584625));
#3966=CARTESIAN_POINT('Ctrl Pts',(-19.2572863289424,-9.5316793496028,35.5265667924187));
#3967=CARTESIAN_POINT('Ctrl Pts',(-19.2237887182918,-9.5316793496028,35.539194667834));
#3968=CARTESIAN_POINT('Ctrl Pts',(-18.1455533015862,-8.08491397779844,34.5363259684562));
#3969=CARTESIAN_POINT('Ctrl Pts',(-18.1451376003331,-8.09342592112427,34.6451628724615));
#3970=CARTESIAN_POINT('Ctrl Pts',(-18.165639285882,-8.10193786445011,34.7538537141357));
#3971=CARTESIAN_POINT('Ctrl Pts',(-18.2078281426492,-8.11044980777594,34.8533438225672));
#3972=CARTESIAN_POINT('Ctrl Pts',(-18.3099183695734,-8.13104733736763,35.0940938339398));
#3973=CARTESIAN_POINT('Ctrl Pts',(-18.5390004121259,-8.15164486695933,35.2809678553158));
#3974=CARTESIAN_POINT('Ctrl Pts',(-18.7953379952304,-8.17224239655103,35.3326692425228));
#3975=CARTESIAN_POINT('Ctrl Pts',(-19.0516755783349,-8.19283992614272,35.3843706297297));
#3976=CARTESIAN_POINT('Ctrl Pts',(-19.3352687019913,-8.21343745573441,35.3008993827675));
#3977=CARTESIAN_POINT('Ctrl Pts',(-19.5227071705555,-8.23403498532611,35.1185669043253));
#3978=CARTESIAN_POINT('Ctrl Pts',(-19.7101456391197,-8.2546325149178,34.9362344258831));
#3979=CARTESIAN_POINT('Ctrl Pts',(-19.8014294525916,-8.27523004450949,34.655040715961));
#3980=CARTESIAN_POINT('Ctrl Pts',(-19.7568215081468,-8.29582757410119,34.3973767743963));
#3981=CARTESIAN_POINT('Ctrl Pts',(-19.712213563702,-8.31642510369288,34.1397128328317));
#3982=CARTESIAN_POINT('Ctrl Pts',(-19.5317138613405,-8.33702263328457,33.9055786596246));
#3983=CARTESIAN_POINT('Ctrl Pts',(-19.2938843359126,-8.35762016287627,33.7968711608466));
#3984=CARTESIAN_POINT('Ctrl Pts',(-19.0560548104847,-8.37821769246796,33.6881636620686));
#3985=CARTESIAN_POINT('Ctrl Pts',(-18.7608954619905,-8.39881522205966,33.7048828377197));
#3986=CARTESIAN_POINT('Ctrl Pts',(-18.5368650793094,-8.41941275165135,33.839754098762));
#3987=CARTESIAN_POINT('Ctrl Pts',(-18.3128346966283,-8.44001028124304,33.9746253598043));
#3988=CARTESIAN_POINT('Ctrl Pts',(-18.1599332797603,-8.46060781083473,34.2276487062377));
#3989=CARTESIAN_POINT('Ctrl Pts',(-18.1447082876645,-8.48120534042642,34.4887010825103));
#3990=CARTESIAN_POINT('Ctrl Pts',(-18.1437945215351,-8.48244155288376,34.5043687963557));
#3991=CARTESIAN_POINT('Ctrl Pts',(-18.143376679878,-8.4836777653411,34.5200654315825));
#3992=CARTESIAN_POINT('Ctrl Pts',(-18.1434432410244,-8.48491397779844,34.5357656701716));
#3993=CARTESIAN_POINT('Ctrl Pts',(-18.6891119974443,-9.5316793496028,35.5380776028972));
#3994=CARTESIAN_POINT('Ctrl Pts',(-18.3649004603245,-9.51108182001111,35.4517170681933));
#3995=CARTESIAN_POINT('Ctrl Pts',(-17.8115972054461,-9.46988676082772,34.941828131162));
#3996=CARTESIAN_POINT('Ctrl Pts',(-17.9746273887628,-9.40809417205265,33.8191218780993));
#3997=CARTESIAN_POINT('Ctrl Pts',(-18.9934481163751,-9.34630158327755,33.3220310455072));
#3998=CARTESIAN_POINT('Ctrl Pts',(-19.9789623671448,-9.28450899450248,33.8808789252657));
#3999=CARTESIAN_POINT('Ctrl Pts',(-20.0744261620738,-9.2227164057274,35.0103695259806));
#4000=CARTESIAN_POINT('Ctrl Pts',(-19.1962078611346,-9.16092381695232,35.726777203922));
#4001=CARTESIAN_POINT('Ctrl Pts',(-18.1090137291152,-9.09913122817724,35.406778530202));
#4002=CARTESIAN_POINT('Ctrl Pts',(-17.7590643610699,-9.03733863940215,34.3287828045236));
#4003=CARTESIAN_POINT('Ctrl Pts',(-18.4510353908098,-8.97554605062708,33.4311965206075));
#4004=CARTESIAN_POINT('Ctrl Pts',(-19.5825702970208,-8.91375346185199,33.495291818986));
#4005=CARTESIAN_POINT('Ctrl Pts',(-20.168739406622,-8.85196087307691,34.4652924441037));
#4006=CARTESIAN_POINT('Ctrl Pts',(-19.6993045995987,-8.79016828430183,35.4968538897602));
#4007=CARTESIAN_POINT('Ctrl Pts',(-18.5828889378491,-8.72837569552675,35.69205710689));
#4008=CARTESIAN_POINT('Ctrl Pts',(-17.7912746009823,-8.66658310675167,34.8809859446869));
#4009=CARTESIAN_POINT('Ctrl Pts',(-18.0135232004003,-8.60479051797659,33.7696375526211));
#4010=CARTESIAN_POINT('Ctrl Pts',(-19.0561778175285,-8.54299792920151,33.3253858501383));
#4011=CARTESIAN_POINT('Ctrl Pts',(-20.0116604558277,-8.48120534042643,33.9349274665341));
#4012=CARTESIAN_POINT('Ctrl Pts',(-20.0482702552993,-8.41941275165134,35.0676918552585));
#4013=CARTESIAN_POINT('Ctrl Pts',(-19.1341422066442,-8.35762016287627,35.7376540645735));
#4014=CARTESIAN_POINT('Ctrl Pts',(-18.0649750239328,-8.29582757410118,35.3616665933906));
#4015=CARTESIAN_POINT('Ctrl Pts',(-17.7714333872162,-8.2340349853261,34.2669645095842));
#4016=CARTESIAN_POINT('Ctrl Pts',(-18.5090139004473,-8.17224239655102,33.406519730193));
#4017=CARTESIAN_POINT('Ctrl Pts',(-19.6357238473098,-8.11044980777594,33.5291249534067));
#4018=CARTESIAN_POINT('Ctrl Pts',(-20.1707485433618,-8.04865721900086,34.5284301759788));
#4019=CARTESIAN_POINT('Ctrl Pts',(-19.6485193427325,-7.98686463022578,35.5338285811848));
#4020=CARTESIAN_POINT('Ctrl Pts',(-18.5233186419256,-7.9250720414507,35.6717356287314));
#4021=CARTESIAN_POINT('Ctrl Pts',(-17.7751863448905,-7.86327945267562,34.8188896652236));
#4022=CARTESIAN_POINT('Ctrl Pts',(-17.9615764709294,-7.82208439349223,34.0899246860366));
#4023=CARTESIAN_POINT('Ctrl Pts',(-18.1864670878285,-7.80148686390054,33.8409357843025));
#4024=CARTESIAN_POINT('Ctrl Pts',(-18.708459586093,-9.57507684483689,35.4654435985242));
#4025=CARTESIAN_POINT('Ctrl Pts',(-18.4077484352221,-9.55447931524519,35.3853428839989));
#4026=CARTESIAN_POINT('Ctrl Pts',(-17.8945512182656,-9.51328425606181,34.9124131097129));
#4027=CARTESIAN_POINT('Ctrl Pts',(-18.0457642025023,-9.45149166728673,33.8710859180663));
#4028=CARTESIAN_POINT('Ctrl Pts',(-18.9907359831276,-9.38969907851164,33.4100265810543));
#4029=CARTESIAN_POINT('Ctrl Pts',(-19.9048154979447,-9.32790648973656,33.9283665222446));
#4030=CARTESIAN_POINT('Ctrl Pts',(-19.993359625321,-9.26611390096149,34.9759862999247));
#4031=CARTESIAN_POINT('Ctrl Pts',(-19.1787987422094,-9.2043213121864,35.6404653596161));
#4032=CARTESIAN_POINT('Ctrl Pts',(-18.1704095850439,-9.14252872341132,35.3436617038723));
#4033=CARTESIAN_POINT('Ctrl Pts',(-17.8458262030141,-9.08073613463624,34.343804209033));
#4034=CARTESIAN_POINT('Ctrl Pts',(-18.48763989839,-9.01894354586116,33.5112792259922));
#4035=CARTESIAN_POINT('Ctrl Pts',(-19.537155800631,-8.95715095708608,33.5707285938711));
#4036=CARTESIAN_POINT('Ctrl Pts',(-20.080836599652,-8.89535836831099,34.4704189840277));
#4037=CARTESIAN_POINT('Ctrl Pts',(-19.6454286486183,-8.83356577953592,35.4272079751693));
#4038=CARTESIAN_POINT('Ctrl Pts',(-18.609936076462,-8.77177319076083,35.6082619394986));
#4039=CARTESIAN_POINT('Ctrl Pts',(-17.8757016923318,-8.70998060198576,34.8559810527943));
#4040=CARTESIAN_POINT('Ctrl Pts',(-18.081840661673,-8.64818801321067,33.8251884506387));
#4041=CARTESIAN_POINT('Ctrl Pts',(-19.0489187387297,-8.5863954244356,33.4131382135721));
#4042=CARTESIAN_POINT('Ctrl Pts',(-19.9351434744457,-8.52460283566051,33.978497369506));
#4043=CARTESIAN_POINT('Ctrl Pts',(-19.9690996224287,-8.46281024688544,35.0291536355504));
#4044=CARTESIAN_POINT('Ctrl Pts',(-19.1212319000262,-8.40101765811035,35.6505538139427));
#4045=CARTESIAN_POINT('Ctrl Pts',(-18.1295630135866,-8.33922506933527,35.3018196936925));
#4046=CARTESIAN_POINT('Ctrl Pts',(-17.8572986636201,-8.2774324805602,34.2864667966101));
#4047=CARTESIAN_POINT('Ctrl Pts',(-18.541415851318,-8.21563989178511,33.4883911261076));
#4048=CARTESIAN_POINT('Ctrl Pts',(-19.5864565300939,-8.15384730301004,33.6021093426242));
#4049=CARTESIAN_POINT('Ctrl Pts',(-20.0827001046545,-8.09205471423494,34.5289801943541));
#4050=CARTESIAN_POINT('Ctrl Pts',(-19.5983245474652,-8.03026212545987,35.4615025660101));
#4051=CARTESIAN_POINT('Ctrl Pts',(-18.5546837174497,-7.96846953668478,35.58941345823));
#4052=CARTESIAN_POINT('Ctrl Pts',(-17.8607795891646,-7.90667694790971,34.798385805481));
#4053=CARTESIAN_POINT('Ctrl Pts',(-18.0336592769452,-7.86548188872632,34.1222596571544));
#4054=CARTESIAN_POINT('Ctrl Pts',(-18.2422487578395,-7.84488435913462,33.8913186491333));
#4055=CARTESIAN_POINT('Ctrl Pts',(-18.7278071747416,-9.61847434007097,35.3928095941511));
#4056=CARTESIAN_POINT('Ctrl Pts',(-18.4505964101197,-9.59787681047928,35.3189686998045));
#4057=CARTESIAN_POINT('Ctrl Pts',(-17.9775052310851,-9.55668175129589,34.8829980882638));
#4058=CARTESIAN_POINT('Ctrl Pts',(-18.1169010162418,-9.49488916252082,33.9230499580333));
#4059=CARTESIAN_POINT('Ctrl Pts',(-18.9880238498801,-9.43309657374573,33.4980221166013));
#4060=CARTESIAN_POINT('Ctrl Pts',(-19.8306686287446,-9.37130398497065,33.9758541192235));
#4061=CARTESIAN_POINT('Ctrl Pts',(-19.9122930885682,-9.30951139619557,34.9416030738688));
#4062=CARTESIAN_POINT('Ctrl Pts',(-19.1613896232842,-9.24771880742049,35.5541535153102));
#4063=CARTESIAN_POINT('Ctrl Pts',(-18.2318054409726,-9.18592621864541,35.2805448775426));
#4064=CARTESIAN_POINT('Ctrl Pts',(-17.9325880449582,-9.12413362987033,34.3588256135424));
#4065=CARTESIAN_POINT('Ctrl Pts',(-18.5242444059702,-9.06234104109525,33.591361931377));
#4066=CARTESIAN_POINT('Ctrl Pts',(-19.4917413042412,-9.00054845232017,33.6461653687561));
#4067=CARTESIAN_POINT('Ctrl Pts',(-19.992933792682,-8.93875586354508,34.4755455239517));
#4068=CARTESIAN_POINT('Ctrl Pts',(-19.591552697638,-8.87696327477001,35.3575620605785));
#4069=CARTESIAN_POINT('Ctrl Pts',(-18.6369832150748,-8.81517068599493,35.5244667721071));
#4070=CARTESIAN_POINT('Ctrl Pts',(-17.9601287836812,-8.75337809721984,34.8309761609016));
#4071=CARTESIAN_POINT('Ctrl Pts',(-18.1501581229457,-8.69158550844477,33.8807393486563));
#4072=CARTESIAN_POINT('Ctrl Pts',(-19.0416596599309,-8.62979291966968,33.5008905770059));
#4073=CARTESIAN_POINT('Ctrl Pts',(-19.8586264930636,-8.56800033089461,34.0220672724778));
#4074=CARTESIAN_POINT('Ctrl Pts',(-19.8899289895581,-8.50620774211952,34.9906154158423));
#4075=CARTESIAN_POINT('Ctrl Pts',(-19.1083215934082,-8.44441515334444,35.5634535633119));
#4076=CARTESIAN_POINT('Ctrl Pts',(-18.1941510032403,-8.38262256456936,35.2419727939944));
#4077=CARTESIAN_POINT('Ctrl Pts',(-17.9431639400239,-8.32082997579428,34.305969083636));
#4078=CARTESIAN_POINT('Ctrl Pts',(-18.5738178021887,-8.25903738701919,33.5702625220222));
#4079=CARTESIAN_POINT('Ctrl Pts',(-19.5371892128779,-8.19724479824412,33.6750937318417));
#4080=CARTESIAN_POINT('Ctrl Pts',(-19.9946516659472,-8.13545220946903,34.5295302127294));
#4081=CARTESIAN_POINT('Ctrl Pts',(-19.5481297521979,-8.07365962069395,35.3891765508355));
#4082=CARTESIAN_POINT('Ctrl Pts',(-18.5860487929738,-8.01186703191887,35.5070912877284));
#4083=CARTESIAN_POINT('Ctrl Pts',(-17.9463728334388,-7.9500744431438,34.7778819457385));
#4084=CARTESIAN_POINT('Ctrl Pts',(-18.105742082961,-7.90887938396041,34.1545946282723));
#4085=CARTESIAN_POINT('Ctrl Pts',(-18.2980304278505,-7.88828185436871,33.9417015139641));
#4086=CARTESIAN_POINT('Ctrl Pts',(-18.7471547633903,-9.66187183530506,35.3201755897781));
#4087=CARTESIAN_POINT('Ctrl Pts',(-18.4934443850173,-9.64127430571337,35.2525945156101));
#4088=CARTESIAN_POINT('Ctrl Pts',(-18.0604592439047,-9.60007924652998,34.8535830668147));
#4089=CARTESIAN_POINT('Ctrl Pts',(-18.1880378299814,-9.5382866577549,33.9750139980003));
#4090=CARTESIAN_POINT('Ctrl Pts',(-18.9853117166326,-9.47649406897981,33.5860176521484));
#4091=CARTESIAN_POINT('Ctrl Pts',(-19.7565217595444,-9.41470148020474,34.0233417162025));
#4092=CARTESIAN_POINT('Ctrl Pts',(-19.8312265518154,-9.35290889142966,34.907219847813));
#4093=CARTESIAN_POINT('Ctrl Pts',(-19.1439805043591,-9.29111630265458,35.4678416710044));
#4094=CARTESIAN_POINT('Ctrl Pts',(-18.2932012969013,-9.2293237138795,35.2174280512129));
#4095=CARTESIAN_POINT('Ctrl Pts',(-18.0193498869024,-9.16753112510441,34.3738470180518));
#4096=CARTESIAN_POINT('Ctrl Pts',(-18.5608489135504,-9.10573853632934,33.6714446367617));
#4097=CARTESIAN_POINT('Ctrl Pts',(-19.4463268078515,-9.04394594755425,33.7216021436412));
#4098=CARTESIAN_POINT('Ctrl Pts',(-19.905030985712,-8.98215335877918,34.4806720638756));
#4099=CARTESIAN_POINT('Ctrl Pts',(-19.5376767466576,-8.92036077000409,35.2879161459877));
#4100=CARTESIAN_POINT('Ctrl Pts',(-18.6640303536877,-8.85856818122902,35.4406716047156));
#4101=CARTESIAN_POINT('Ctrl Pts',(-18.0445558750306,-8.79677559245393,34.8059712690089));
#4102=CARTESIAN_POINT('Ctrl Pts',(-18.2184755842184,-8.73498300367885,33.9362902466739));
#4103=CARTESIAN_POINT('Ctrl Pts',(-19.0344005811321,-8.67319041490378,33.5886429404398));
#4104=CARTESIAN_POINT('Ctrl Pts',(-19.7821095116816,-8.61139782612868,34.0656371754496));
#4105=CARTESIAN_POINT('Ctrl Pts',(-19.8107583566875,-8.54960523735361,34.9520771961342));
#4106=CARTESIAN_POINT('Ctrl Pts',(-19.0954112867902,-8.48781264857852,35.476353312681));
#4107=CARTESIAN_POINT('Ctrl Pts',(-18.258738992894,-8.42602005980345,35.1821258942963));
#4108=CARTESIAN_POINT('Ctrl Pts',(-18.0290292164277,-8.36422747102836,34.3254713706619));
#4109=CARTESIAN_POINT('Ctrl Pts',(-18.6062197530594,-8.30243488225328,33.6521339179368));
#4110=CARTESIAN_POINT('Ctrl Pts',(-19.487921895662,-8.24064229347821,33.7480781210592));
#4111=CARTESIAN_POINT('Ctrl Pts',(-19.9066032272399,-8.17884970470313,34.5300802311047));
#4112=CARTESIAN_POINT('Ctrl Pts',(-19.4979349569306,-8.11705711592804,35.3168505356608));
#4113=CARTESIAN_POINT('Ctrl Pts',(-18.6174138684978,-8.05526452715296,35.424769117227));
#4114=CARTESIAN_POINT('Ctrl Pts',(-18.0319660777129,-7.99347193837788,34.7573780859959));
#4115=CARTESIAN_POINT('Ctrl Pts',(-18.1778248889767,-7.95227687919449,34.1869295993901));
#4116=CARTESIAN_POINT('Ctrl Pts',(-18.3538120978615,-7.9316793496028,33.9920843787949));
#4117=CARTESIAN_POINT('Ctrl Pts',(-18.3538120978615,-7.9316793496028,33.9920843787949));
#4118=CARTESIAN_POINT('Ctrl Pts',(-18.3257594343992,-7.9316793496028,34.015768287686));
#4119=CARTESIAN_POINT('Ctrl Pts',(-18.2995718688591,-7.9316793496028,34.0413945448091));
#4120=CARTESIAN_POINT('Ctrl Pts',(-18.2752664123479,-7.9316793496028,34.0686640461554));
#4121=CARTESIAN_POINT('Ctrl Pts',(-18.2502826228803,-7.9316793496028,34.0966946030062));
#4122=CARTESIAN_POINT('Ctrl Pts',(-18.2272867689809,-7.9316793496028,34.1264620143173));
#4123=CARTESIAN_POINT('Ctrl Pts',(-18.2063205305103,-7.9316793496028,34.1576935483775));
#4124=CARTESIAN_POINT('Ctrl Pts',(-18.1917797890279,-7.9316793496028,34.1793535930965));
#4125=CARTESIAN_POINT('Ctrl Pts',(-18.1782157440749,-7.9316793496028,34.201718976695));
#4126=CARTESIAN_POINT('Ctrl Pts',(-18.1656512947861,-7.9316793496028,34.2247102007836));
#4127=CARTESIAN_POINT('Ctrl Pts',(-18.1619185953515,-7.9316793496028,34.2315405303256));
#4128=CARTESIAN_POINT('Ctrl Pts',(-18.1582731535162,-7.9316793496028,34.238428154307));
#4129=CARTESIAN_POINT('Ctrl Pts',(-18.1547190428827,-7.9316793496028,34.2453645918033));
#4130=CARTESIAN_POINT('Ctrl Pts',(-18.1369313089976,-7.9316793496028,34.2800803103111));
#4131=CARTESIAN_POINT('Ctrl Pts',(-18.1214900152759,-7.9316793496028,34.3158925825974));
#4132=CARTESIAN_POINT('Ctrl Pts',(-18.1084281337894,-7.9316793496028,34.352506219077));
#4133=CARTESIAN_POINT('Ctrl Pts',(-18.095476456286,-7.9316793496028,34.3888109438135));
#4134=CARTESIAN_POINT('Ctrl Pts',(-18.0848636888022,-7.9316793496028,34.4259045822398));
#4135=CARTESIAN_POINT('Ctrl Pts',(-18.0766542701532,-7.9316793496028,34.4635348194274));
#4136=CARTESIAN_POINT('Ctrl Pts',(-18.0715086896325,-7.9316793496028,34.4871210712366));
#4137=CARTESIAN_POINT('Ctrl Pts',(-18.0673079701108,-7.9316793496028,34.5109187881203));
#4138=CARTESIAN_POINT('Ctrl Pts',(-18.0640759327969,-7.9316793496028,34.5348703171045));
#4139=CARTESIAN_POINT('Ctrl Pts',(-18.0629218845323,-7.9316793496028,34.5434225761826));
#4140=CARTESIAN_POINT('Ctrl Pts',(-18.0618914012324,-7.9316793496028,34.5519944682321));
#4141=CARTESIAN_POINT('Ctrl Pts',(-18.060985782353,-7.9316793496028,34.5605834307844));
#4142=CARTESIAN_POINT('Ctrl Pts',(-18.0601986595947,-7.9316793496028,34.5680485665603));
#4143=CARTESIAN_POINT('Ctrl Pts',(-18.0595062809669,-7.9316793496028,34.5755233581711));
#4144=CARTESIAN_POINT('Ctrl Pts',(-18.0589097961432,-7.9316793496028,34.5829974220488));
#4145=CARTESIAN_POINT('Ctrl Pts',(-18.0556279745667,-7.9316793496028,34.6241192463137));
#4146=CARTESIAN_POINT('Ctrl Pts',(-18.0552372618817,-7.9316793496028,34.665292267004));
#4147=CARTESIAN_POINT('Ctrl Pts',(-18.0578006848288,-7.9316793496028,34.7062185699448));
#4148=CARTESIAN_POINT('Ctrl Pts',(-18.0587391193956,-7.9316793496028,34.7212011374588));
#4149=CARTESIAN_POINT('Ctrl Pts',(-18.060073893849,-7.9316793496028,34.7361509086116));
#4150=CARTESIAN_POINT('Ctrl Pts',(-18.0618096810559,-7.9316793496028,34.7510540134641));
#4151=CARTESIAN_POINT('Ctrl Pts',(-18.0663459716399,-7.9316793496028,34.7900016528673));
#4152=CARTESIAN_POINT('Ctrl Pts',(-18.0736174866488,-7.9316793496028,34.8286304508682));
#4153=CARTESIAN_POINT('Ctrl Pts',(-18.0834413096199,-7.9316793496028,34.866759203674));
#4154=CARTESIAN_POINT('Ctrl Pts',(-18.0868406519649,-7.9316793496028,34.8799529149567));
#4155=CARTESIAN_POINT('Ctrl Pts',(-18.0905460307301,-7.9316793496028,34.8930867664347));
#4156=CARTESIAN_POINT('Ctrl Pts',(-18.0945511913037,-7.9316793496028,34.9061531947181));
#4157=CARTESIAN_POINT('Ctrl Pts',(-18.0969532936034,-7.9316793496028,34.9139898087193));
#4158=CARTESIAN_POINT('Ctrl Pts',(-18.0994631906162,-7.9316793496028,34.9218015905661));
#4159=CARTESIAN_POINT('Ctrl Pts',(-18.1020748811657,-7.9316793496028,34.9295740022707));
#4160=CARTESIAN_POINT('Ctrl Pts',(-18.1152618716343,-7.9316793496028,34.9688185900667));
#4161=CARTESIAN_POINT('Ctrl Pts',(-18.1310652071319,-7.9316793496028,35.0071444785211));
#4162=CARTESIAN_POINT('Ctrl Pts',(-18.1492448798433,-7.9316793496028,35.0443496724246));
#4163=CARTESIAN_POINT('Ctrl Pts',(-18.1679485267552,-7.9316793496028,35.0826271937591));
#4164=CARTESIAN_POINT('Ctrl Pts',(-18.1891677186739,-7.9316793496028,35.1197195442161));
#4165=CARTESIAN_POINT('Ctrl Pts',(-18.212696791289,-7.9316793496028,35.1554053825811));
#4166=CARTESIAN_POINT('Ctrl Pts',(-18.2244836202463,-7.9316793496028,35.1732821123567));
#4167=CARTESIAN_POINT('Ctrl Pts',(-18.2368509460956,-7.9316793496028,35.1908057586896));
#4168=CARTESIAN_POINT('Ctrl Pts',(-18.2497775965305,-7.9316793496028,35.2079470424762));
#4169=CARTESIAN_POINT('Ctrl Pts',(-18.2572883259068,-7.9316793496028,35.2179065864689));
#4170=CARTESIAN_POINT('Ctrl Pts',(-18.2649879342607,-7.9316793496028,35.2277370241097));
#4171=CARTESIAN_POINT('Ctrl Pts',(-18.2728727049838,-7.9316793496028,35.2374323631746));
#4172=CARTESIAN_POINT('Ctrl Pts',(-18.2786497007767,-7.9316793496028,35.2445359220422));
#4173=CARTESIAN_POINT('Ctrl Pts',(-18.2845198882885,-7.9316793496028,35.2515592915267));
#4174=CARTESIAN_POINT('Ctrl Pts',(-18.2904802352842,-7.9316793496028,35.2584993750214));
#4175=CARTESIAN_POINT('Ctrl Pts',(-18.3193636987004,-7.9316793496028,35.292130579357));
#4176=CARTESIAN_POINT('Ctrl Pts',(-18.3503671028855,-7.9316793496028,35.3238155699882));
#4177=CARTESIAN_POINT('Ctrl Pts',(-18.3832752538222,-7.9316793496028,35.3533150994207));
#4178=CARTESIAN_POINT('Ctrl Pts',(-18.4006565036081,-7.9316793496028,35.3688960018731));
#4179=CARTESIAN_POINT('Ctrl Pts',(-18.4185699661351,-7.9316793496028,35.3838669653488));
#4180=CARTESIAN_POINT('Ctrl Pts',(-18.436989096226,-7.9316793496028,35.3981899628218));
#4181=CARTESIAN_POINT('Ctrl Pts',(-18.4452092847225,-7.9316793496028,35.4045821072109));
#4182=CARTESIAN_POINT('Ctrl Pts',(-18.4535320979559,-7.9316793496028,35.4108465146089));
#4183=CARTESIAN_POINT('Ctrl Pts',(-18.4619492848954,-7.9316793496028,35.4169752165146));
#4184=CARTESIAN_POINT('Ctrl Pts',(-18.4983618739325,-7.9316793496028,35.4434878632487));
#4185=CARTESIAN_POINT('Ctrl Pts',(-18.5364566463945,-7.9316793496028,35.4674062337552));
#4186=CARTESIAN_POINT('Ctrl Pts',(-18.576025608184,-7.9316793496028,35.488480741766));
#4187=CARTESIAN_POINT('Ctrl Pts',(-18.5807445570473,-7.9316793496028,35.4909940633475));
#4188=CARTESIAN_POINT('Ctrl Pts',(-18.5854845226032,-7.9316793496028,35.4934669023844));
#4189=CARTESIAN_POINT('Ctrl Pts',(-18.5902451911005,-7.9316793496028,35.4958988044679));
#4190=CARTESIAN_POINT('Ctrl Pts',(-18.6220495569491,-7.9316793496028,35.5121454941118));
#4191=CARTESIAN_POINT('Ctrl Pts',(-18.6547767786164,-7.9316793496028,35.526566714624));
#4192=CARTESIAN_POINT('Ctrl Pts',(-18.6882743980141,-7.9316793496028,35.5391945985057));
#4193=CARTESIAN_POINT('Ctrl Pts',(-18.1444899156194,-8.37844472140716,34.5353729267055));
#4194=CARTESIAN_POINT('Ctrl Pts',(-18.1439822550351,-8.37370563794756,34.4749818684859));
#4195=CARTESIAN_POINT('Ctrl Pts',(-18.1501878622328,-8.36896655448796,34.414694355811));
#4196=CARTESIAN_POINT('Ctrl Pts',(-18.1635126019441,-8.36422747102836,34.3560242158135));
#4197=CARTESIAN_POINT('Ctrl Pts',(-18.2214260619716,-8.34362994143667,34.1010255530869));
#4198=CARTESIAN_POINT('Ctrl Pts',(-18.4138229075155,-8.32303241184498,33.8765797355118));
#4199=CARTESIAN_POINT('Ctrl Pts',(-18.6569716873879,-8.30243488225328,33.7803475272447));
#4200=CARTESIAN_POINT('Ctrl Pts',(-18.9001204672603,-8.28183735266159,33.6841153189776));
#4201=CARTESIAN_POINT('Ctrl Pts',(-19.1940211814611,-8.2612398230699,33.7160967200184));
#4202=CARTESIAN_POINT('Ctrl Pts',(-19.4107517604912,-8.24064229347821,33.8624211055464));
#4203=CARTESIAN_POINT('Ctrl Pts',(-19.6274823395213,-8.22004476388651,34.0087454910744));
#4204=CARTESIAN_POINT('Ctrl Pts',(-19.7670427833806,-8.19944723429482,34.2694128610896));
#4205=CARTESIAN_POINT('Ctrl Pts',(-19.7687116269254,-8.17884970470312,34.5308749301898));
#4206=CARTESIAN_POINT('Ctrl Pts',(-19.7703804704701,-8.15825217511143,34.7923369992901));
#4207=CARTESIAN_POINT('Ctrl Pts',(-19.6341577137004,-8.13765464551973,35.0545937674755));
#4208=CARTESIAN_POINT('Ctrl Pts',(-19.4192928205767,-8.11705711592804,35.2037085818292));
#4209=CARTESIAN_POINT('Ctrl Pts',(-19.204427927453,-8.09645958633635,35.3528233961829));
#4210=CARTESIAN_POINT('Ctrl Pts',(-18.9109208979754,-8.07586205674465,35.3887962567049));
#4211=CARTESIAN_POINT('Ctrl Pts',(-18.6665927514391,-8.05526452715296,35.2955508484275));
#4212=CARTESIAN_POINT('Ctrl Pts',(-18.4222646049028,-8.03466699756127,35.20230544015));
#4213=CARTESIAN_POINT('Ctrl Pts',(-18.2271153413079,-8.01406946796957,34.9798417630729));
#4214=CARTESIAN_POINT('Ctrl Pts',(-18.1660054123263,-7.99347193837788,34.725997802883));
#4215=CARTESIAN_POINT('Ctrl Pts',(-18.1511442100353,-7.98846286605431,34.6642659942292));
#4216=CARTESIAN_POINT('Ctrl Pts',(-18.1442101489981,-7.98345379373073,34.6006783427549));
#4217=CARTESIAN_POINT('Ctrl Pts',(-18.144757645427,-7.97844472140716,34.536986019893));
#4218=CARTESIAN_POINT('Ctrl Pts',(-18.6891119974443,-9.5316793496028,35.5380776028972));
#4219=CARTESIAN_POINT('Ctrl Pts',(-18.6476409715349,-9.5316793496028,35.5221707085224));
#4220=CARTESIAN_POINT('Ctrl Pts',(-18.6074373086746,-9.5316793496028,35.5034492560331));
#4221=CARTESIAN_POINT('Ctrl Pts',(-18.5686728820532,-9.5316793496028,35.4821620759365));
#4222=CARTESIAN_POINT('Ctrl Pts',(-18.5295351080471,-9.5316793496028,35.460669875059));
#4223=CARTESIAN_POINT('Ctrl Pts',(-18.491863616364,-9.5316793496028,35.4365612589329));
#4224=CARTESIAN_POINT('Ctrl Pts',(-18.4558705336547,-9.5316793496028,35.4100522046109));
#4225=CARTESIAN_POINT('Ctrl Pts',(-18.4325613290812,-9.5316793496028,35.3928848790104));
#4226=CARTESIAN_POINT('Ctrl Pts',(-18.4099567790683,-9.5316793496028,35.3747100631832));
#4227=CARTESIAN_POINT('Ctrl Pts',(-18.3881246776151,-9.5316793496028,35.3555806486768));
#4228=CARTESIAN_POINT('Ctrl Pts',(-18.3800908048311,-9.5316793496028,35.3485413225309));
#4229=CARTESIAN_POINT('Ctrl Pts',(-18.3721616177276,-9.5316793496028,35.3413726995549));
#4230=CARTESIAN_POINT('Ctrl Pts',(-18.3643408092356,-9.5316793496028,35.3340773209301));
#4231=CARTESIAN_POINT('Ctrl Pts',(-18.3581880123895,-9.5316793496028,35.3283378909672));
#4232=CARTESIAN_POINT('Ctrl Pts',(-18.3521026842306,-9.5316793496028,35.3225202169698));
#4233=CARTESIAN_POINT('Ctrl Pts',(-18.3460960733601,-9.5316793496028,35.3166352101439));
#4234=CARTESIAN_POINT('Ctrl Pts',(-18.3150802390679,-9.5316793496028,35.286247292488));
#4235=CARTESIAN_POINT('Ctrl Pts',(-18.2860908497468,-9.5316793496028,35.2540030464114));
#4236=CARTESIAN_POINT('Ctrl Pts',(-18.2593182831605,-9.5316793496028,35.2201101329177));
#4237=CARTESIAN_POINT('Ctrl Pts',(-18.2332180755551,-9.5316793496028,35.1870683968673));
#4238=CARTESIAN_POINT('Ctrl Pts',(-18.2092243342201,-9.5316793496028,35.1524587319452));
#4239=CARTESIAN_POINT('Ctrl Pts',(-18.1875585903298,-9.5316793496028,35.1164557237609));
#4240=CARTESIAN_POINT('Ctrl Pts',(-18.1749578867941,-9.5316793496028,35.0955165289278));
#4241=CARTESIAN_POINT('Ctrl Pts',(-18.1631455150009,-9.5316793496028,35.0741057766565));
#4242=CARTESIAN_POINT('Ctrl Pts',(-18.1521731653948,-9.5316793496028,35.0522569366017));
#4243=CARTESIAN_POINT('Ctrl Pts',(-18.148036936289,-9.5316793496028,35.0440206142636));
#4244=CARTESIAN_POINT('Ctrl Pts',(-18.1440201433872,-9.5316793496028,35.0357220373691));
#4245=CARTESIAN_POINT('Ctrl Pts',(-18.1401257967642,-9.5316793496028,35.0273630086937));
#4246=CARTESIAN_POINT('Ctrl Pts',(-18.1364017162151,-9.5316793496028,35.0193694479984));
#4247=CARTESIAN_POINT('Ctrl Pts',(-18.1327930523146,-9.5316793496028,35.0113278614336));
#4248=CARTESIAN_POINT('Ctrl Pts',(-18.1293040611489,-9.5316793496028,35.0032454858759));
#4249=CARTESIAN_POINT('Ctrl Pts',(-18.1132199198457,-9.5316793496028,34.9659859846731));
#4250=CARTESIAN_POINT('Ctrl Pts',(-18.0996578095847,-9.5316793496028,34.9278234321962));
#4251=CARTESIAN_POINT('Ctrl Pts',(-18.0888129338999,-9.5316793496028,34.888922495096));
#4252=CARTESIAN_POINT('Ctrl Pts',(-18.0848927794953,-9.5316793496028,34.8748607682167));
#4253=CARTESIAN_POINT('Ctrl Pts',(-18.0813281506308,-9.5316793496028,34.8607024896054));
#4254=CARTESIAN_POINT('Ctrl Pts',(-18.0781299638505,-9.5316793496028,34.8464553158789));
#4255=CARTESIAN_POINT('Ctrl Pts',(-18.0703565196102,-9.5316793496028,34.8118264407849));
#4256=CARTESIAN_POINT('Ctrl Pts',(-18.0647461378201,-9.5316793496028,34.7766717555408));
#4257=CARTESIAN_POINT('Ctrl Pts',(-18.0612697662367,-9.5316793496028,34.7411854503158));
#4258=CARTESIAN_POINT('Ctrl Pts',(-18.0593404928212,-9.5316793496028,34.7214917024979));
#4259=CARTESIAN_POINT('Ctrl Pts',(-18.0580689530552,-9.5316793496028,34.7016959469055));
#4260=CARTESIAN_POINT('Ctrl Pts',(-18.0574535399166,-9.5316793496028,34.6818329941983));
#4261=CARTESIAN_POINT('Ctrl Pts',(-18.057206509022,-9.5316793496028,34.6738598739191));
#4262=CARTESIAN_POINT('Ctrl Pts',(-18.057065448256,-9.5316793496028,34.6658811346756));
#4263=CARTESIAN_POINT('Ctrl Pts',(-18.0570297814509,-9.5316793496028,34.6579063999681));
#4264=CARTESIAN_POINT('Ctrl Pts',(-18.0568489556958,-9.5316793496028,34.6174756010124));
#4265=CARTESIAN_POINT('Ctrl Pts',(-18.0593710400529,-9.5316793496028,34.5770878602877));
#4266=CARTESIAN_POINT('Ctrl Pts',(-18.0645203020411,-9.5316793496028,34.5370269244481));
#4267=CARTESIAN_POINT('Ctrl Pts',(-18.0696241249077,-9.5316793496028,34.4973195021296));
#4268=CARTESIAN_POINT('Ctrl Pts',(-18.0773095512353,-9.5316793496028,34.4579319465871));
#4269=CARTESIAN_POINT('Ctrl Pts',(-18.0875481388768,-9.5316793496028,34.4191629027533));
#4270=CARTESIAN_POINT('Ctrl Pts',(-18.0925615370525,-9.5316793496028,34.40017936123));
#4271=CARTESIAN_POINT('Ctrl Pts',(-18.0981877285115,-9.5316793496028,34.3813445693088));
#4272=CARTESIAN_POINT('Ctrl Pts',(-18.1044267515584,-9.5316793496028,34.3626968622888));
#4273=CARTESIAN_POINT('Ctrl Pts',(-18.107318325323,-9.5316793496028,34.3540542879654));
#4274=CARTESIAN_POINT('Ctrl Pts',(-18.1103423975659,-9.5316793496028,34.3454496932513));
#4275=CARTESIAN_POINT('Ctrl Pts',(-18.1134964093161,-9.5316793496028,34.3368943813514));
#4276=CARTESIAN_POINT('Ctrl Pts',(-18.1268492248303,-9.5316793496028,34.3006746363048));
#4277=CARTESIAN_POINT('Ctrl Pts',(-18.1424907885576,-9.5316793496028,34.2654323986828));
#4278=CARTESIAN_POINT('Ctrl Pts',(-18.1603903668255,-9.5316793496028,34.2314440504554));
#4279=CARTESIAN_POINT('Ctrl Pts',(-18.1717655791541,-9.5316793496028,34.2098443975476));
#4280=CARTESIAN_POINT('Ctrl Pts',(-18.1840535145495,-9.5316793496028,34.1887517342615));
#4281=CARTESIAN_POINT('Ctrl Pts',(-18.1972534525922,-9.5316793496028,34.1682455428979));
#4282=CARTESIAN_POINT('Ctrl Pts',(-18.202166874582,-9.5316793496028,34.160612509224));
#4283=CARTESIAN_POINT('Ctrl Pts',(-18.2072072263504,-9.5316793496028,34.1530600664885));
#4284=CARTESIAN_POINT('Ctrl Pts',(-18.2123730476056,-9.5316793496028,34.1455949014179));
#4285=CARTESIAN_POINT('Ctrl Pts',(-18.2333104143512,-9.5316793496028,34.1153381636836));
#4286=CARTESIAN_POINT('Ctrl Pts',(-18.2562353512158,-9.5316793496028,34.0866138721497));
#4287=CARTESIAN_POINT('Ctrl Pts',(-18.2811337761986,-9.5316793496028,34.0596876174287));
#4288=CARTESIAN_POINT('Ctrl Pts',(-18.2841917566466,-9.5316793496028,34.0563805825246));
#4289=CARTESIAN_POINT('Ctrl Pts',(-18.2872795415515,-9.5316793496028,34.0531007238537));
#4290=CARTESIAN_POINT('Ctrl Pts',(-18.29039713378,-9.5316793496028,34.0498485808047));
#4291=CARTESIAN_POINT('Ctrl Pts',(-18.310048018883,-9.5316793496028,34.0293495916142));
#4292=CARTESIAN_POINT('Ctrl Pts',(-18.3308829008544,-9.5316793496028,34.0099504688626));
#4293=CARTESIAN_POINT('Ctrl Pts',(-18.3527863429088,-9.5316793496028,33.9917082063706));
#4294=CARTESIAN_POINT('Origin',(-18.9560315020382,-9.5316793496028,34.5360182343629));
#4295=CARTESIAN_POINT('',(-17.2560315020382,-9.5316793496028,34.5360182343629));
#4296=CARTESIAN_POINT('Origin',(-18.9560315020382,-9.5316793496028,34.5360182343629));
#4297=CARTESIAN_POINT('Origin',(-18.9560315020382,-9.5316793496028,34.5360182343629));
#4298=CARTESIAN_POINT('Origin',(-18.9560315020382,-9.5316793496028,34.5360182343629));
#4299=CARTESIAN_POINT('',(-17.2560315020382,-7.9316793496028,34.5360182343629));
#4300=CARTESIAN_POINT('Origin',(-18.9560315020382,-7.9316793496028,34.5360182343629));
#4301=CARTESIAN_POINT('',(-17.2560315020382,-9.5316793496028,34.5360182343629));
#4302=CARTESIAN_POINT('Origin',(-7.25603150203824,-7.9316793496028,22.4760182343629));
#4303=CARTESIAN_POINT('Origin',(4.44396849796176,-9.5316793496028,10.4160182343629));
#4304=CARTESIAN_POINT('',(5.25588183762701,-9.17844472140716,10.4154273582034));
#4305=CARTESIAN_POINT('',(5.25665228759693,-9.28491397779844,10.4160226694154));
#4306=CARTESIAN_POINT('',(5.25546849796176,-9.5316793496028,10.4160182343629));
#4307=CARTESIAN_POINT('',(3.841749093785,-9.5316793496028,9.87208437879496));
#4308=CARTESIAN_POINT('Ctrl Pts',(5.25665228759693,-9.28491397779844,10.4160226694154));
#4309=CARTESIAN_POINT('Ctrl Pts',(5.2565135378688,-9.30537651295815,10.6757676169985));
#4310=CARTESIAN_POINT('Ctrl Pts',(5.12066092619923,-9.32583904811785,10.9355435881144));
#4311=CARTESIAN_POINT('Ctrl Pts',(4.9072151934378,-9.34630158327756,11.0836850683518));
#4312=CARTESIAN_POINT('Ctrl Pts',(4.69236132697104,-9.36689911286925,11.2328038602869));
#4313=CARTESIAN_POINT('Ctrl Pts',(4.39888717531824,-9.38749664246094,11.2688103635814));
#4314=CARTESIAN_POINT('Ctrl Pts',(4.15454310590634,-9.40809417205264,11.1755492055984));
#4315=CARTESIAN_POINT('Ctrl Pts',(3.91019903649445,-9.42869170164433,11.0822880476154));
#4316=CARTESIAN_POINT('Ctrl Pts',(3.71498504932346,-9.44928923123602,10.8597592283549));
#4317=CARTESIAN_POINT('Ctrl Pts',(3.6538757614249,-9.46988676082772,10.6059196162986));
#4318=CARTESIAN_POINT('Ctrl Pts',(3.59276647352634,-9.49048429041941,10.3520800042423));
#4319=CARTESIAN_POINT('Ctrl Pts',(3.66576188490021,-9.51108182001111,10.0669295993902));
#4320=CARTESIAN_POINT('Ctrl Pts',(3.84174909378501,-9.5316793496028,9.87208437879496));
#4321=CARTESIAN_POINT('',(5.04720050758234,-9.5316793496028,9.87169752528622));
#4322=CARTESIAN_POINT('Origin',(4.44396849796176,-9.5316793496028,10.4160182343629));
#4323=CARTESIAN_POINT('Ctrl Pts',(5.04720050758234,-9.5316793496028,9.87169752528622));
#4324=CARTESIAN_POINT('Ctrl Pts',(4.88940546817328,-9.5132842560618,9.69917533986997));
#4325=CARTESIAN_POINT('Ctrl Pts',(4.65248712589815,-9.49488916252081,9.59656367358753));
#4326=CARTESIAN_POINT('Ctrl Pts',(4.41903171758248,-9.47649406897982,9.60376536283172));
#4327=CARTESIAN_POINT('Ctrl Pts',(4.15762480109104,-9.45589653938812,9.61182930700177));
#4328=CARTESIAN_POINT('Ctrl Pts',(3.90055969124529,-9.43529900979643,9.75757660361043));
#4329=CARTESIAN_POINT('Ctrl Pts',(3.75957576719127,-9.41470148020474,9.97776765651366));
#4330=CARTESIAN_POINT('Ctrl Pts',(3.61859184313724,-9.39410395061305,10.1979587094169));
#4331=CARTESIAN_POINT('Ctrl Pts',(3.59368910487493,-9.37350642102135,10.4925935186147));
#4332=CARTESIAN_POINT('Ctrl Pts',(3.69577746628245,-9.35290889142965,10.7333423589193));
#4333=CARTESIAN_POINT('Ctrl Pts',(3.79786582768997,-9.33231136183796,10.9740911992238));
#4334=CARTESIAN_POINT('Ctrl Pts',(4.02694528876733,-9.31171383224627,11.1609540706351));
#4335=CARTESIAN_POINT('Ctrl Pts',(4.28327851262635,-9.29111630265458,11.2126527808871));
#4336=CARTESIAN_POINT('Ctrl Pts',(4.53961173648537,-9.27051877306289,11.2643514911391));
#4337=CARTESIAN_POINT('Ctrl Pts',(4.82319872312604,-9.24992124347119,11.1808860402318));
#4338=CARTESIAN_POINT('Ctrl Pts',(5.01063366964487,-9.2293237138795,10.9985577845107));
#4339=CARTESIAN_POINT('Ctrl Pts',(5.16496449510512,-9.21236404972205,10.8484317235344));
#4340=CARTESIAN_POINT('Ctrl Pts',(5.25410806034519,-9.1954043855646,10.6312806116562));
#4341=CARTESIAN_POINT('Ctrl Pts',(5.25588183762701,-9.17844472140716,10.4154273582034));
#4342=CARTESIAN_POINT('Origin',(4.44396849796176,-9.5316793496028,10.4160182343629));
#4343=CARTESIAN_POINT('',(5.2550332296879,-8.77844472140716,10.4166235737601));
#4344=CARTESIAN_POINT('',(5.25432078032543,-8.88491397779844,10.4161460775028));
#4345=CARTESIAN_POINT('',(5.25546849796176,-9.5316793496028,10.4160182343629));
#4346=CARTESIAN_POINT('Ctrl Pts',(5.25432078032543,-8.88491397779844,10.4161460775028));
#4347=CARTESIAN_POINT('Ctrl Pts',(5.25450259416901,-8.89452713914963,10.5390995941571));
#4348=CARTESIAN_POINT('Ctrl Pts',(5.22809756082635,-8.90414030050081,10.6619789228555));
#4349=CARTESIAN_POINT('Ctrl Pts',(5.17468317229098,-8.91375346185199,10.7717104725788));
#4350=CARTESIAN_POINT('Ctrl Pts',(5.06023544710597,-8.93435099144368,11.0068255153829));
#4351=CARTESIAN_POINT('Ctrl Pts',(4.82179048045757,-8.95494852103538,11.1815804232391));
#4352=CARTESIAN_POINT('Ctrl Pts',(4.56312523623904,-8.97554605062707,11.2199214914013));
#4353=CARTESIAN_POINT('Ctrl Pts',(4.30445999202052,-8.99614358021877,11.2582625595635));
#4354=CARTESIAN_POINT('Ctrl Pts',(4.02557447023187,-9.01674110981046,11.1601897880317));
#4355=CARTESIAN_POINT('Ctrl Pts',(3.8478470832216,-9.03733863940215,10.9683789910717));
#4356=CARTESIAN_POINT('Ctrl Pts',(3.67011969621132,-9.05793616899385,10.7765681941117));
#4357=CARTESIAN_POINT('Ctrl Pts',(3.59355044397943,-9.07853369858554,10.4910193717235));
#4358=CARTESIAN_POINT('Ctrl Pts',(3.65146325638505,-9.09913122817723,10.2360261281274));
#4359=CARTESIAN_POINT('Ctrl Pts',(3.70937606879068,-9.11972875776893,9.98103288453126));
#4360=CARTESIAN_POINT('Ctrl Pts',(3.90177094583382,-9.14032628736062,9.75659521972727));
#4361=CARTESIAN_POINT('Ctrl Pts',(4.14491464965016,-9.16092381695231,9.66036313418951));
#4362=CARTESIAN_POINT('Ctrl Pts',(4.38805835346651,-9.18152134654401,9.56413104865176));
#4363=CARTESIAN_POINT('Ctrl Pts',(4.68195088405606,-9.2021188761357,9.59610454238025));
#4364=CARTESIAN_POINT('Ctrl Pts',(4.89867928398755,-9.2227164057274,9.74242896910386));
#4365=CARTESIAN_POINT('Ctrl Pts',(5.11540768391905,-9.24331393531909,9.88875339582747));
#4366=CARTESIAN_POINT('Ctrl Pts',(5.2549719531925,-9.26391146491078,10.1494287555462));
#4367=CARTESIAN_POINT('Ctrl Pts',(5.25663729718887,-9.28450899450247,10.4108819756935));
#4368=CARTESIAN_POINT('Ctrl Pts',(5.25664821170975,-9.28464398893446,10.4125955175427));
#4369=CARTESIAN_POINT('Ctrl Pts',(5.25665320294982,-9.28477898336645,10.4143090928039));
#4370=CARTESIAN_POINT('Ctrl Pts',(5.25665228759693,-9.28491397779844,10.4160226694154));
#4371=CARTESIAN_POINT('Ctrl Pts',(5.25588183762701,-9.17844472140716,10.4154273582034));
#4372=CARTESIAN_POINT('Ctrl Pts',(5.25626231468137,-9.17480685597291,10.3691266129577));
#4373=CARTESIAN_POINT('Ctrl Pts',(5.25262284733425,-9.17116899053866,10.3228855830763));
#4374=CARTESIAN_POINT('Ctrl Pts',(5.24474450865894,-9.16753112510442,10.2773785706377));
#4375=CARTESIAN_POINT('Ctrl Pts',(5.20013749475721,-9.14693359551272,10.0197186730209));
#4376=CARTESIAN_POINT('Ctrl Pts',(5.01964056055678,-9.12633606592103,9.78558993832208));
#4377=CARTESIAN_POINT('Ctrl Pts',(4.78181517604214,-9.10573853632933,9.67688466833924));
#4378=CARTESIAN_POINT('Ctrl Pts',(4.5439897915275,-9.08514100673764,9.5681793983564));
#4379=CARTESIAN_POINT('Ctrl Pts',(4.24883595669864,-9.06454347714595,9.58489759308951));
#4380=CARTESIAN_POINT('Ctrl Pts',(4.02480961488588,-9.04394594755425,9.71976629432198));
#4381=CARTESIAN_POINT('Ctrl Pts',(3.80078327307313,-9.02334841796256,9.85463499555445));
#4382=CARTESIAN_POINT('Ctrl Pts',(3.64788442427646,-9.00275088837087,10.1076542032863));
#4383=CARTESIAN_POINT('Ctrl Pts',(3.63265966986569,-8.98215335877917,10.3687020235802));
#4384=CARTESIAN_POINT('Ctrl Pts',(3.61743491545491,-8.96155582918748,10.629749843874));
#4385=CARTESIAN_POINT('Ctrl Pts',(3.73988425543002,-8.94095829959578,10.8988262767299));
#4386=CARTESIAN_POINT('Ctrl Pts',(3.94671406819371,-8.92036077000409,11.0588233306822));
#4387=CARTESIAN_POINT('Ctrl Pts',(4.15354388095739,-8.8997632404124,11.2188203846345));
#4388=CARTESIAN_POINT('Ctrl Pts',(4.44475416650964,-8.87916571082071,11.2697380596833));
#4389=CARTESIAN_POINT('Ctrl Pts',(4.69360324759097,-8.85856818122902,11.1894153610037));
#4390=CARTESIAN_POINT('Ctrl Pts',(4.9424523286723,-8.83797065163732,11.1090926623241));
#4391=CARTESIAN_POINT('Ctrl Pts',(5.14894020528271,-8.81737312204562,10.8975295899161));
#4392=CARTESIAN_POINT('Ctrl Pts',(5.22319803275821,-8.79677559245393,10.6468037555235));
#4393=CARTESIAN_POINT('Ctrl Pts',(5.24522673695478,-8.790665302105,10.5724255326742));
#4394=CARTESIAN_POINT('Ctrl Pts',(5.25561890874035,-8.78455501175608,10.4946009014471));
#4395=CARTESIAN_POINT('Ctrl Pts',(5.2550332296879,-8.77844472140716,10.4166235737601));
#4396=CARTESIAN_POINT('Origin',(4.44396849796176,-9.5316793496028,10.4160182343629));
#4397=CARTESIAN_POINT('',(5.25549621791037,-8.37844472140716,10.41537149996));
#4398=CARTESIAN_POINT('',(5.25654233650667,-8.48491397779845,10.4157657871996));
#4399=CARTESIAN_POINT('',(5.25546849796176,-9.5316793496028,10.4160182343629));
#4400=CARTESIAN_POINT('Ctrl Pts',(5.25654233650667,-8.48491397779845,10.4157657871996));
#4401=CARTESIAN_POINT('Ctrl Pts',(5.25549990587419,-8.5042752949328,10.6616555191138));
#4402=CARTESIAN_POINT('Ctrl Pts',(5.13563931417523,-8.52363661206715,10.9084288904378));
#4403=CARTESIAN_POINT('Ctrl Pts',(4.94122291635357,-8.54299792920151,11.0588233159328));
#4404=CARTESIAN_POINT('Ctrl Pts',(4.73439310826493,-8.5635954587932,11.2188203661367));
#4405=CARTESIAN_POINT('Ctrl Pts',(4.44318282943421,-8.5841929883849,11.2697380402112));
#4406=CARTESIAN_POINT('Ctrl Pts',(4.19433375404463,-8.60479051797659,11.1894153434291));
#4407=CARTESIAN_POINT('Ctrl Pts',(3.94548467865505,-8.62538804756829,11.1090926466469));
#4408=CARTESIAN_POINT('Ctrl Pts',(3.73899680670661,-8.64598557715998,10.8975295790081));
#4409=CARTESIAN_POINT('Ctrl Pts',(3.66473898090563,-8.66658310675167,10.6468037502693));
#4410=CARTESIAN_POINT('Ctrl Pts',(3.59048115510464,-8.68718063634336,10.3960779215306));
#4411=CARTESIAN_POINT('Ctrl Pts',(3.6484533754511,-8.70777816593506,10.1061893316919));
#4412=CARTESIAN_POINT('Ctrl Pts',(3.81342458939783,-8.72837569552675,9.90330489042164));
#4413=CARTESIAN_POINT('Ctrl Pts',(3.97839580334457,-8.74897322511844,9.70042044915138));
#4414=CARTESIAN_POINT('Ctrl Pts',(4.25036601089159,-8.76957075471014,9.58454015644953));
#4415=CARTESIAN_POINT('Ctrl Pts',(4.5109670557452,-8.79016828430183,9.60609754518573));
#4416=CARTESIAN_POINT('Ctrl Pts',(4.77156810059882,-8.81076581389353,9.62765493392193));
#4417=CARTESIAN_POINT('Ctrl Pts',(5.02079998275903,-8.83136334348522,9.78665000409617));
#4418=CARTESIAN_POINT('Ctrl Pts',(5.15019068197833,-8.85196087307692,10.0138851280593));
#4419=CARTESIAN_POINT('Ctrl Pts',(5.21919289318015,-8.86294524131743,10.1350663730081));
#4420=CARTESIAN_POINT('Ctrl Pts',(5.25411303282842,-8.87392960955794,10.2756546559964));
#4421=CARTESIAN_POINT('Ctrl Pts',(5.25432078032543,-8.88491397779844,10.4161460775028));
#4422=CARTESIAN_POINT('Ctrl Pts',(5.2550332296879,-8.77844472140716,10.4166235737601));
#4423=CARTESIAN_POINT('Ctrl Pts',(5.25364460949676,-8.76395748216439,10.2317426373062));
#4424=CARTESIAN_POINT('Ctrl Pts',(5.19054466097523,-8.74947024292162,10.0460033268849));
#4425=CARTESIAN_POINT('Ctrl Pts',(5.07451242088713,-8.73498300367885,9.90330487879227));
#4426=CARTESIAN_POINT('Ctrl Pts',(4.90954120319995,-8.71438547408716,9.70042043283101));
#4427=CARTESIAN_POINT('Ctrl Pts',(4.637570989485,-8.69378794449547,9.58454013728584));
#4428=CARTESIAN_POINT('Ctrl Pts',(4.37696993866906,-8.67319041490377,9.60609752662));
#4429=CARTESIAN_POINT('Ctrl Pts',(4.11636888785312,-8.65259288531208,9.62765491595416));
#4430=CARTESIAN_POINT('Ctrl Pts',(3.86713699993618,-8.63199535572038,9.78664999016766));
#4431=CARTESIAN_POINT('Ctrl Pts',(3.73774629781645,-8.61139782612869,10.0138851191245));
#4432=CARTESIAN_POINT('Ctrl Pts',(3.60835559569671,-8.590800296537,10.2411202480812));
#4433=CARTESIAN_POINT('Ctrl Pts',(3.59880607937418,-8.57020276694531,10.5365954317813));
#4434=CARTESIAN_POINT('Ctrl Pts',(3.71325380707424,-8.54960523735361,10.7717104802628));
#4435=CARTESIAN_POINT('Ctrl Pts',(3.8277015347743,-8.52900770776192,11.0068255287442));
#4436=CARTESIAN_POINT('Ctrl Pts',(4.06614650649695,-8.50841017817022,11.181580442007));
#4437=CARTESIAN_POINT('Ctrl Pts',(4.32481175679196,-8.48781264857853,11.2199215104767));
#4438=CARTESIAN_POINT('Ctrl Pts',(4.58347700708697,-8.46721511898683,11.2582625789465));
#4439=CARTESIAN_POINT('Ctrl Pts',(4.86236253595432,-8.44661758939514,11.1601898026231));
#4440=CARTESIAN_POINT('Ctrl Pts',(5.04008992664242,-8.42602005980345,10.9683790022797));
#4441=CARTESIAN_POINT('Ctrl Pts',(5.17692576605114,-8.41016161367135,10.8207000667424));
#4442=CARTESIAN_POINT('Ctrl Pts',(5.25379743649256,-8.39430316753926,10.6174554316759));
#4443=CARTESIAN_POINT('Ctrl Pts',(5.25549621791037,-8.37844472140716,10.41537149996));
#4444=CARTESIAN_POINT('Origin',(4.44396849796176,-9.5316793496028,10.4160182343629));
#4445=CARTESIAN_POINT('',(5.25529874187173,-7.97844472140716,10.4169213682407));
#4446=CARTESIAN_POINT('',(5.25443257176106,-8.08491397779845,10.4163228271253));
#4447=CARTESIAN_POINT('',(5.25546849796176,-9.5316793496028,10.4160182343629));
#4448=CARTESIAN_POINT('',(5.04618790213851,-7.9316793496028,9.87208437879496));
#4449=CARTESIAN_POINT('Ctrl Pts',(5.25529874187173,-7.97844472140716,10.4169213682407));
#4450=CARTESIAN_POINT('Ctrl Pts',(5.25357626989417,-7.96285626413904,10.218730431389));
#4451=CARTESIAN_POINT('Ctrl Pts',(5.17937713112947,-7.94726780687092,10.0195455770724));
#4452=CARTESIAN_POINT('Ctrl Pts',(5.04618790213851,-7.9316793496028,9.87208437879496));
#4453=CARTESIAN_POINT('',(3.84073650860822,-7.9316793496028,9.87169749497679));
#4454=CARTESIAN_POINT('Origin',(4.44396849796176,-7.9316793496028,10.4160182343629));
#4455=CARTESIAN_POINT('Ctrl Pts',(3.84073650860822,-7.9316793496028,9.87169749497679));
#4456=CARTESIAN_POINT('Ctrl Pts',(3.998531550466,-7.9500744431438,9.69917530132216));
#4457=CARTESIAN_POINT('Ctrl Pts',(4.23544987980227,-7.96846953668479,9.59656370095981));
#4458=CARTESIAN_POINT('Ctrl Pts',(4.46890527888356,-7.98686463022579,9.60376540486001));
#4459=CARTESIAN_POINT('Ctrl Pts',(4.73031218503499,-8.00746215981748,9.61182936544082));
#4460=CARTESIAN_POINT('Ctrl Pts',(4.98737728918538,-8.02805968940917,9.75757661418562));
#4461=CARTESIAN_POINT('Ctrl Pts',(5.12836121125373,-8.04865721900086,9.97776765263686));
#4462=CARTESIAN_POINT('Ctrl Pts',(5.21108343018155,-8.06074280526672,10.1069645924118));
#4463=CARTESIAN_POINT('Ctrl Pts',(5.25384182890965,-8.07282839153259,10.261790649443));
#4464=CARTESIAN_POINT('Ctrl Pts',(5.25443257176106,-8.08491397779845,10.4163228271253));
#4465=CARTESIAN_POINT('Origin',(4.44396849796176,-10.4151064635007,10.4160182343629));
#4466=CARTESIAN_POINT('',(5.48100392074267,-8.2482522357049,10.4151917851012));
#4467=CARTESIAN_POINT('',(5.47964470810332,-8.2151064635007,10.4164074675047));
#4468=CARTESIAN_POINT('',(5.48096849796176,-10.4151064635007,10.4160182343629));
#4469=CARTESIAN_POINT('',(4.17704899336782,-7.9316793496028,11.4180776028972));
#4470=CARTESIAN_POINT('Ctrl Pts',(5.47964470810332,-8.2151064635007,10.4164074675047));
#4471=CARTESIAN_POINT('Ctrl Pts',(5.47888980935174,-8.20302087723485,10.2189338159255));
#4472=CARTESIAN_POINT('Ctrl Pts',(5.33112623232984,-8.17033776137729,9.68388917712617));
#4473=CARTESIAN_POINT('Ctrl Pts',(4.48138302721745,-8.11705711592805,9.20211342349346));
#4474=CARTESIAN_POINT('Ctrl Pts',(3.46259777637038,-8.05526452715296,9.69902744457942));
#4475=CARTESIAN_POINT('Ctrl Pts',(3.29949548327405,-7.99347193837789,10.8220782743915));
#4476=CARTESIAN_POINT('Ctrl Pts',(3.85283745624797,-7.9522768791945,11.3317170681933));
#4477=CARTESIAN_POINT('Ctrl Pts',(4.17704899336783,-7.9316793496028,11.4180776028972));
#4478=CARTESIAN_POINT('',(4.71170407570278,-7.93167934960281,11.4191968954682));
#4479=CARTESIAN_POINT('Origin',(4.44396849796176,-7.9316793496028,10.4160182343629));
#4480=CARTESIAN_POINT('Ctrl Pts',(5.48100392074267,-8.2482522357049,10.4151917851012));
#4481=CARTESIAN_POINT('Ctrl Pts',(5.48165264697512,-8.2435131522453,10.3380204985031));
#4482=CARTESIAN_POINT('Ctrl Pts',(5.43925681252302,-8.21817653919401,9.9261469788391));
#4483=CARTESIAN_POINT('Ctrl Pts',(4.89097452197599,-8.17224239655103,9.28654989046539));
#4484=CARTESIAN_POINT('Ctrl Pts',(3.76429589957039,-8.11044980777594,9.40912485470157));
#4485=CARTESIAN_POINT('Ctrl Pts',(3.22925657229152,-8.04865721900087,10.4084606423707));
#4486=CARTESIAN_POINT('Ctrl Pts',(3.73291221136225,-7.98906706627649,11.3779294300924));
#4487=CARTESIAN_POINT('Ctrl Pts',(4.42252505861107,-7.9500744431438,11.4942921117915));
#4488=CARTESIAN_POINT('Ctrl Pts',(4.71170407570278,-7.93167934960281,11.4191968954682));
#4489=CARTESIAN_POINT('Origin',(4.44396849796176,-10.4151064635007,10.4160182343629));
#4490=CARTESIAN_POINT('',(5.48041227713614,-8.64825223570489,10.4167917857552));
#4491=CARTESIAN_POINT('',(5.48234073526437,-8.61510646350071,10.4156956370637));
#4492=CARTESIAN_POINT('',(5.48096849796176,-10.4151064635007,10.4160182343629));
#4493=CARTESIAN_POINT('Ctrl Pts',(5.48234073526437,-8.61510646350071,10.4156956370637));
#4494=CARTESIAN_POINT('Ctrl Pts',(5.48242578943501,-8.61387025104337,10.395632961846));
#4495=CARTESIAN_POINT('Ctrl Pts',(5.47299537198839,-8.59203650899434,10.0413712305651));
#4496=CARTESIAN_POINT('Ctrl Pts',(5.07049586687389,-8.54960523735359,9.37530927644839));
#4497=CARTESIAN_POINT('Ctrl Pts',(3.93898193248952,-8.48781264857854,9.31121771969645));
#4498=CARTESIAN_POINT('Ctrl Pts',(3.24702142485517,-8.42602005980344,10.2087833009078));
#4499=CARTESIAN_POINT('Ctrl Pts',(3.59696735113665,-8.36422747102838,11.286768986307));
#4500=CARTESIAN_POINT('Ctrl Pts',(4.68413813323209,-8.30243488225328,11.6067455558718));
#4501=CARTESIAN_POINT('Ctrl Pts',(5.39058388642336,-8.25272787974407,11.0304893100895));
#4502=CARTESIAN_POINT('Ctrl Pts',(5.48017638734906,-8.22361840682654,10.5554892210591));
#4503=CARTESIAN_POINT('Ctrl Pts',(5.47964470810332,-8.2151064635007,10.4164074675047));
#4504=CARTESIAN_POINT('Ctrl Pts',(5.48041227713614,-8.64825223570489,10.4167917857552));
#4505=CARTESIAN_POINT('Ctrl Pts',(5.47863778651604,-8.63376499646213,10.1805360481056));
#4506=CARTESIAN_POINT('Ctrl Pts',(5.28336027844145,-8.59868022762767,9.60572243033889));
#4507=CARTESIAN_POINT('Ctrl Pts',(4.34382391643028,-8.54299792920152,9.20540744798057));
#4508=CARTESIAN_POINT('Ctrl Pts',(3.38835823151397,-8.48120534042642,9.81493754764563));
#4509=CARTESIAN_POINT('Ctrl Pts',(3.35174881034401,-8.41941275165135,10.9476834459709));
#4510=CARTESIAN_POINT('Ctrl Pts',(4.26586132670778,-8.35762016287627,11.6176311171485));
#4511=CARTESIAN_POINT('Ctrl Pts',(5.25301191500094,-8.30056665756079,11.2704901262324));
#4512=CARTESIAN_POINT('Ctrl Pts',(5.47883308114899,-8.264110681837,10.673430894392));
#4513=CARTESIAN_POINT('Ctrl Pts',(5.48100392074267,-8.2482522357049,10.4151917851012));
#4514=CARTESIAN_POINT('Origin',(4.44396849796176,-10.4151064635007,10.4160182343629));
#4515=CARTESIAN_POINT('',(5.48149669664674,-9.0482522357049,10.4152631652595));
#4516=CARTESIAN_POINT('',(5.4795018520112,-9.0151064635007,10.4161816026143));
#4517=CARTESIAN_POINT('',(5.48096849796176,-10.4151064635007,10.4160182343629));
#4518=CARTESIAN_POINT('Ctrl Pts',(5.4795018520112,-9.0151064635007,10.4161816026143));
#4519=CARTESIAN_POINT('Ctrl Pts',(5.47923637554244,-9.00412209526019,10.2366503591121));
#4520=CARTESIAN_POINT('Ctrl Pts',(5.35093558140549,-8.97254019742799,9.72011209393207));
#4521=CARTESIAN_POINT('Ctrl Pts',(4.54411307730185,-8.92036077000409,9.20540747610291));
#4522=CARTESIAN_POINT('Ctrl Pts',(3.50147682877596,-8.85856818122902,9.64965096420575));
#4523=CARTESIAN_POINT('Ctrl Pts',(3.27923212452723,-8.79677559245392,10.7609798649921));
#4524=CARTESIAN_POINT('Ctrl Pts',(4.07083258001903,-8.73498300367886,11.5720368008201));
#4525=CARTESIAN_POINT('Ctrl Pts',(5.16489393042595,-8.67442662736109,11.3807418387011));
#4526=CARTESIAN_POINT('Ctrl Pts',(5.48100863351961,-8.63446778063506,10.7299133228247));
#4527=CARTESIAN_POINT('Ctrl Pts',(5.48234073526437,-8.61510646350071,10.4156956370637));
#4528=CARTESIAN_POINT('Ctrl Pts',(5.48149669664674,-9.0482522357049,10.4152631652595));
#4529=CARTESIAN_POINT('Ctrl Pts',(5.48198290084313,-9.04461437027065,10.3560963472438));
#4530=CARTESIAN_POINT('Ctrl Pts',(5.45099932546681,-9.02037897524471,9.96243642446812));
#4531=CARTESIAN_POINT('Ctrl Pts',(4.94895507608276,-8.97554605062708,9.31121769107644));
#4532=CARTESIAN_POINT('Ctrl Pts',(3.81744111409562,-8.91375346185199,9.37530925461888));
#4533=CARTESIAN_POINT('Ctrl Pts',(3.23128175660157,-8.85196087307692,10.3452941655908));
#4534=CARTESIAN_POINT('Ctrl Pts',(3.70070861632132,-8.79016828430182,11.3768367196447));
#4535=CARTESIAN_POINT('Ctrl Pts',(4.81710442451979,-8.72837569552676,11.5720368269479));
#4536=CARTESIAN_POINT('Ctrl Pts',(5.42311459215874,-8.68107034599444,10.951131740021));
#4537=CARTESIAN_POINT('Ctrl Pts',(5.48116070495794,-8.65436252605382,10.5164374897743));
#4538=CARTESIAN_POINT('Ctrl Pts',(5.48041227713614,-8.64825223570489,10.4167917857552));
#4539=CARTESIAN_POINT('Origin',(4.44396849796176,-10.4151064635007,10.4160182343629));
#4540=CARTESIAN_POINT('',(5.47978475179141,-9.4482522357049,10.4169552916056));
#4541=CARTESIAN_POINT('',(5.48248123961508,-9.4151064635007,10.4160239018299));
#4542=CARTESIAN_POINT('',(5.48096849796176,-10.4151064635007,10.4160182343629));
#4543=CARTESIAN_POINT('',(4.71088800255571,-9.5316793496028,11.4180776028972));
#4544=CARTESIAN_POINT('Ctrl Pts',(4.7108880025557,-9.5316793496028,11.4180776028972));
#4545=CARTESIAN_POINT('Ctrl Pts',(5.03509953967556,-9.51108182001111,11.3317170681933));
#4546=CARTESIAN_POINT('Ctrl Pts',(5.40863720570079,-9.48327278204513,10.9876812721491));
#4547=CARTESIAN_POINT('Ctrl Pts',(5.48046468614509,-9.45546374407917,10.5347047074252));
#4548=CARTESIAN_POINT('Ctrl Pts',(5.47978475179141,-9.4482522357049,10.4169552916056));
#4549=CARTESIAN_POINT('',(4.17704899336793,-9.5316793496028,11.4180776028972));
#4550=CARTESIAN_POINT('Origin',(4.44396849796176,-9.5316793496028,10.4160182343629));
#4551=CARTESIAN_POINT('Ctrl Pts',(4.17623296303481,-9.5316793496028,11.4191969138492));
#4552=CARTESIAN_POINT('Ctrl Pts',(4.46541198848409,-9.5132842560618,11.4942921372981));
#4553=CARTESIAN_POINT('Ctrl Pts',(5.15263723500527,-9.47442662736111,11.3783321788608));
#4554=CARTESIAN_POINT('Ctrl Pts',(5.48230393404753,-9.43556899866041,10.7479468970778));
#4555=CARTESIAN_POINT('Ctrl Pts',(5.48248123961508,-9.4151064635007,10.4160239018299));
#4556=CARTESIAN_POINT('Origin',(4.44396849796176,-10.4151064635007,10.4160182343629));
#4557=CARTESIAN_POINT('Ctrl Pts',(5.48248123961508,-9.4151064635007,10.4160239018299));
#4558=CARTESIAN_POINT('Ctrl Pts',(5.48248240932667,-9.41497146906872,10.4138341557472));
#4559=CARTESIAN_POINT('Ctrl Pts',(5.48150284037152,-9.39423894504503,10.0775319333246));
#4560=CARTESIAN_POINT('Ctrl Pts',(5.12364106555406,-9.35290889142965,9.40912484485018));
#4561=CARTESIAN_POINT('Ctrl Pts',(3.99696249172276,-9.29111630265458,9.28654993543636));
#4562=CARTESIAN_POINT('Ctrl Pts',(3.25938952501765,-9.22932371387949,10.1469634600269));
#4563=CARTESIAN_POINT('Ctrl Pts',(3.55292858070886,-9.16753112510442,11.2416552486279));
#4564=CARTESIAN_POINT('Ctrl Pts',(4.62207566423874,-9.10573853632933,11.6176310862563));
#4565=CARTESIAN_POINT('Ctrl Pts',(5.37369378312849,-9.05493031579476,11.0667746058035));
#4566=CARTESIAN_POINT('Ctrl Pts',(5.47973418837078,-9.02471962485189,10.5733015000519));
#4567=CARTESIAN_POINT('Ctrl Pts',(5.4795018520112,-9.0151064635007,10.4161816026143));
#4568=CARTESIAN_POINT('Ctrl Pts',(5.47978475179141,-9.4482522357049,10.4169552916056));
#4569=CARTESIAN_POINT('Ctrl Pts',(5.47852265581752,-9.43486621448748,10.1983885096375));
#4570=CARTESIAN_POINT('Ctrl Pts',(5.30644186143668,-9.40088266367837,9.64103519653657));
#4571=CARTESIAN_POINT('Ctrl Pts',(4.40655396346404,-9.34630158327755,9.20211328765103));
#4572=CARTESIAN_POINT('Ctrl Pts',(3.42105851462841,-9.28450899450248,9.76085615856855));
#4573=CARTESIAN_POINT('Ctrl Pts',(3.32559034613297,-9.22271640572739,10.8903803624064));
#4574=CARTESIAN_POINT('Ctrl Pts',(4.20379885310976,-9.16092381695232,11.6067456032695));
#4575=CARTESIAN_POINT('Ctrl Pts',(5.22696553307836,-9.10276909361148,11.305606720599));
#4576=CARTESIAN_POINT('Ctrl Pts',(5.47923002130324,-9.06521189986235,10.6910978218591));
#4577=CARTESIAN_POINT('Ctrl Pts',(5.48149669664674,-9.0482522357049,10.4152631652595));
#4578=CARTESIAN_POINT('Ctrl Pts',(3.84174909378501,-9.5316793496028,9.87208437879496));
#4579=CARTESIAN_POINT('Ctrl Pts',(3.66576188490021,-9.51108182001111,10.0669295993902));
#4580=CARTESIAN_POINT('Ctrl Pts',(3.51977106215247,-9.46988676082772,10.6372304090944));
#4581=CARTESIAN_POINT('Ctrl Pts',(4.10541302366543,-9.40809417205264,11.3048168668759));
#4582=CARTESIAN_POINT('Ctrl Pts',(4.98583547862385,-9.34630158327756,11.1967973569924));
#4583=CARTESIAN_POINT('Ctrl Pts',(5.39453622246594,-9.28450899450247,10.4101041152649));
#4584=CARTESIAN_POINT('Ctrl Pts',(4.97584341464561,-9.2227164057274,9.62807803610873));
#4585=CARTESIAN_POINT('Ctrl Pts',(4.09416582287696,-9.16092381695231,9.53215755492327));
#4586=CARTESIAN_POINT('Ctrl Pts',(3.51698119174754,-9.09913122817723,10.2054705493353));
#4587=CARTESIAN_POINT('Ctrl Pts',(3.74668894844322,-9.03733863940215,11.0621170164999));
#4588=CARTESIAN_POINT('Ctrl Pts',(4.58334551380917,-8.97554605062707,11.3563353310953));
#4589=CARTESIAN_POINT('Ctrl Pts',(5.29868041375437,-8.91375346185199,10.8320706075267));
#4590=CARTESIAN_POINT('Ctrl Pts',(5.27003186491925,-8.85196087307692,9.94564507427041));
#4591=CARTESIAN_POINT('Ctrl Pts',(4.5223362184386,-8.79016828430183,9.46865986374769));
#4592=CARTESIAN_POINT('Ctrl Pts',(3.70642559579756,-8.72837569552675,9.81630074185323));
#4593=CARTESIAN_POINT('Ctrl Pts',(3.53250893475818,-8.66658310675166,10.6859665113692));
#4594=CARTESIAN_POINT('Ctrl Pts',(4.15197255060348,-8.6047905179766,11.3206557142858));
#4595=CARTESIAN_POINT('Ctrl Pts',(5.02560338709566,-8.5429979292015,11.1679026920621));
#4596=CARTESIAN_POINT('Ctrl Pts',(5.39295139913531,-8.48120534042644,10.3606734130626));
#4597=CARTESIAN_POINT('Ctrl Pts',(4.93425486235153,-8.41941275165134,9.60161580490522));
#4598=CARTESIAN_POINT('Ctrl Pts',(4.0487933794654,-8.35762016287627,9.55146122601975));
#4599=CARTESIAN_POINT('Ctrl Pts',(3.50730258684702,-8.29582757410119,10.2538474064952));
#4600=CARTESIAN_POINT('Ctrl Pts',(3.78115130350797,-8.23403498532611,11.0974205826779));
#4601=CARTESIAN_POINT('Ctrl Pts',(4.63191223858073,-8.17224239655102,11.3478169049555));
#4602=CARTESIAN_POINT('Ctrl Pts',(5.31915061329474,-8.11044980777596,10.7872283474034));
#4603=CARTESIAN_POINT('Ctrl Pts',(5.24444239333576,-8.04865721900086,9.90332386293042));
#4604=CARTESIAN_POINT('Ctrl Pts',(4.47324708088461,-7.98686463022579,9.46608211669603));
#4605=CARTESIAN_POINT('Ctrl Pts',(3.67600095642714,-7.9250720414507,9.85494009944555));
#4606=CARTESIAN_POINT('Ctrl Pts',(3.54836594114491,-7.86327945267562,10.7337788153496));
#4607=CARTESIAN_POINT('Ctrl Pts',(3.9813813809408,-7.82208439349224,11.1325945156101));
#4608=CARTESIAN_POINT('Ctrl Pts',(4.23509175931376,-7.80148686390054,11.2001755897781));
#4609=CARTESIAN_POINT('Ctrl Pts',(3.78596742377397,-9.57507684483689,9.82170151396417));
#4610=CARTESIAN_POINT('Ctrl Pts',(3.59367907888445,-9.55447931524519,10.0345946282723));
#4611=CARTESIAN_POINT('Ctrl Pts',(3.43416559007402,-9.5132842560618,10.6577205899948));
#4612=CARTESIAN_POINT('Ctrl Pts',(4.07405370575464,-9.45149166728672,11.3871434602757));
#4613=CARTESIAN_POINT('Ctrl Pts',(5.03602689539909,-9.38969907851165,11.269118446396));
#4614=CARTESIAN_POINT('Ctrl Pts',(5.48258429060136,-9.32790648973655,10.4095563092035));
#4615=CARTESIAN_POINT('Ctrl Pts',(5.02510929828176,-9.26611390096149,9.55509363902254));
#4616=CARTESIAN_POINT('Ctrl Pts',(4.06176471249223,-9.2043213121864,9.45028834842764));
#4617=CARTESIAN_POINT('Ctrl Pts',(3.43111730283757,-9.14252872341132,10.1859681862325));
#4618=CARTESIAN_POINT('Ctrl Pts',(3.68210215919843,-9.08073613463624,11.1219630938759));
#4619=CARTESIAN_POINT('Ctrl Pts',(4.59625556395236,-9.01894354586116,11.443433916149));
#4620=CARTESIAN_POINT('Ctrl Pts',(5.37784966288611,-8.95715095708607,10.870608216953));
#4621=CARTESIAN_POINT('Ctrl Pts',(5.34654748999582,-8.895358368311,9.90207590294124));
#4622=CARTESIAN_POINT('Ctrl Pts',(4.52959517139301,-8.83356577953592,9.3809090678661));
#4623=CARTESIAN_POINT('Ctrl Pts',(3.63810934012369,-8.77177319076084,9.76075081597075));
#4624=CARTESIAN_POINT('Ctrl Pts',(3.44808333134787,-8.70998060198575,10.7109709625768));
#4625=CARTESIAN_POINT('Ctrl Pts',(4.12492589374199,-8.64818801321069,11.4044494097972));
#4626=CARTESIAN_POINT('Ctrl Pts',(5.0794783788803,-8.58639542443558,11.2375473604585));
#4627=CARTESIAN_POINT('Ctrl Pts',(5.48085267012099,-8.52460283566052,10.3555469981096));
#4628=CARTESIAN_POINT('Ctrl Pts',(4.97966853052565,-8.46281024688543,9.5261802954196));
#4629=CARTESIAN_POINT('Ctrl Pts',(4.01218956380677,-8.40101765811036,9.47138005724532));
#4630=CARTESIAN_POINT('Ctrl Pts',(3.4205421995164,-8.33922506933527,10.238826037966));
#4631=CARTESIAN_POINT('Ctrl Pts',(3.71975665271752,-8.2774324805602,11.1605367172209));
#4632=CARTESIAN_POINT('Ctrl Pts',(4.64932087013119,-8.21563989178511,11.4341264552609));
#4633=CARTESIAN_POINT('Ctrl Pts',(5.40021595197108,-8.15384730301003,10.8216123607494));
#4634=CARTESIAN_POINT('Ctrl Pts',(5.31858774696355,-8.09205471423495,9.85583461225964));
#4635=CARTESIAN_POINT('Ctrl Pts',(4.47595906299555,-8.03026212545987,9.37809255229517));
#4636=CARTESIAN_POINT('Ctrl Pts',(3.60486656307489,-7.9684695366848,9.80296921449017));
#4637=CARTESIAN_POINT('Ctrl Pts',(3.46540912185462,-7.9066769479097,10.7632119683636));
#4638=CARTESIAN_POINT('Ctrl Pts',(3.93853340604319,-7.86548188872632,11.1989686998045));
#4639=CARTESIAN_POINT('Ctrl Pts',(4.21574417066511,-7.84488435913463,11.2728095941511));
#4640=CARTESIAN_POINT('Ctrl Pts',(3.73018575376294,-9.61847434007097,9.77131864913337));
#4641=CARTESIAN_POINT('Ctrl Pts',(3.52159627286868,-9.59787681047928,10.0022596571545));
#4642=CARTESIAN_POINT('Ctrl Pts',(3.34856011799557,-9.55668175129589,10.6782107708952));
#4643=CARTESIAN_POINT('Ctrl Pts',(4.04269438784385,-9.49488916252081,11.4694700536754));
#4644=CARTESIAN_POINT('Ctrl Pts',(5.08621831217432,-9.43309657374573,11.3414395357995));
#4645=CARTESIAN_POINT('Ctrl Pts',(5.57063235873679,-9.37130398497065,10.4090085031421));
#4646=CARTESIAN_POINT('Ctrl Pts',(5.07437518191791,-9.30951139619556,9.48210924193636));
#4647=CARTESIAN_POINT('Ctrl Pts',(4.02936360210749,-9.2477188074205,9.368419141932));
#4648=CARTESIAN_POINT('Ctrl Pts',(3.34525341392761,-9.1859262186454,10.1664658231297));
#4649=CARTESIAN_POINT('Ctrl Pts',(3.61751536995364,-9.12413362987034,11.1818091712519));
#4650=CARTESIAN_POINT('Ctrl Pts',(4.60916561409555,-9.06234104109525,11.5305325012027));
#4651=CARTESIAN_POINT('Ctrl Pts',(5.45701891201786,-9.00054845232017,10.9091458263794));
#4652=CARTESIAN_POINT('Ctrl Pts',(5.42306311507239,-8.93875586354508,9.85850673161207));
#4653=CARTESIAN_POINT('Ctrl Pts',(4.53685412434743,-8.87696327477001,9.29315827198451));
#4654=CARTESIAN_POINT('Ctrl Pts',(3.56979308444982,-8.81517068599493,9.70520089008824));
#4655=CARTESIAN_POINT('Ctrl Pts',(3.36365772793755,-8.75337809721984,10.7359754137845));
#4656=CARTESIAN_POINT('Ctrl Pts',(4.09787923688051,-8.69158550844477,11.4882431053086));
#4657=CARTESIAN_POINT('Ctrl Pts',(5.13335337066493,-8.62979291966968,11.307192028855));
#4658=CARTESIAN_POINT('Ctrl Pts',(5.56875394110667,-8.5680003308946,10.3504205831565));
#4659=CARTESIAN_POINT('Ctrl Pts',(5.02508219869978,-8.50620774211953,9.45074478593401));
#4660=CARTESIAN_POINT('Ctrl Pts',(3.97558574814814,-8.44441515334444,9.39129888847088));
#4661=CARTESIAN_POINT('Ctrl Pts',(3.33378181218579,-8.38262256456936,10.2238046694369));
#4662=CARTESIAN_POINT('Ctrl Pts',(3.65836200192708,-8.32082997579429,11.223652851764));
#4663=CARTESIAN_POINT('Ctrl Pts',(4.66672950168164,-8.25903738701919,11.5204360055664));
#4664=CARTESIAN_POINT('Ctrl Pts',(5.48128129064744,-8.19724479824413,10.8559963740953));
#4665=CARTESIAN_POINT('Ctrl Pts',(5.39273310059133,-8.13545220946903,9.80834536158885));
#4666=CARTESIAN_POINT('Ctrl Pts',(4.4786710451065,-8.07365962069397,9.29010298789432));
#4667=CARTESIAN_POINT('Ctrl Pts',(3.53373216972264,-8.01186703191887,9.75099832953479));
#4668=CARTESIAN_POINT('Ctrl Pts',(3.38245230256433,-7.95007444314381,10.7926451213776));
#4669=CARTESIAN_POINT('Ctrl Pts',(3.89568543114558,-7.90887938396041,11.2653428839989));
#4670=CARTESIAN_POINT('Ctrl Pts',(4.19639658201647,-7.88828185436872,11.3454435985242));
#4671=CARTESIAN_POINT('Ctrl Pts',(3.67440408375191,-9.66187183530506,9.72093578430258));
#4672=CARTESIAN_POINT('Ctrl Pts',(3.44951346685292,-9.64127430571336,9.96992468603668));
#4673=CARTESIAN_POINT('Ctrl Pts',(3.26295464591712,-9.60007924652998,10.6987009517955));
#4674=CARTESIAN_POINT('Ctrl Pts',(4.01133506993306,-9.53828665775489,11.5517966470752));
#4675=CARTESIAN_POINT('Ctrl Pts',(5.13640972894955,-9.47649406897982,11.4137606252031));
#4676=CARTESIAN_POINT('Ctrl Pts',(5.65868042687221,-9.41470148020474,10.4084606970806));
#4677=CARTESIAN_POINT('Ctrl Pts',(5.12364106555406,-9.35290889142965,9.40912484485018));
#4678=CARTESIAN_POINT('Ctrl Pts',(3.99696249172276,-9.29111630265458,9.28654993543636));
#4679=CARTESIAN_POINT('Ctrl Pts',(3.25938952501765,-9.22932371387949,10.1469634600269));
#4680=CARTESIAN_POINT('Ctrl Pts',(3.55292858070886,-9.16753112510442,11.2416552486279));
#4681=CARTESIAN_POINT('Ctrl Pts',(4.62207566423874,-9.10573853632933,11.6176310862563));
#4682=CARTESIAN_POINT('Ctrl Pts',(5.5361881611496,-9.04394594755425,10.9476834358057));
#4683=CARTESIAN_POINT('Ctrl Pts',(5.49957874014896,-8.98215335877918,9.81493756028291));
#4684=CARTESIAN_POINT('Ctrl Pts',(4.54411307730185,-8.92036077000409,9.20540747610291));
#4685=CARTESIAN_POINT('Ctrl Pts',(3.50147682877596,-8.85856818122902,9.64965096420575));
#4686=CARTESIAN_POINT('Ctrl Pts',(3.27923212452723,-8.79677559245392,10.7609798649921));
#4687=CARTESIAN_POINT('Ctrl Pts',(4.07083258001903,-8.73498300367886,11.5720368008201));
#4688=CARTESIAN_POINT('Ctrl Pts',(5.18722836244956,-8.67319041490375,11.3768366972515));
#4689=CARTESIAN_POINT('Ctrl Pts',(5.65665521209235,-8.61139782612871,10.3452941682035));
#4690=CARTESIAN_POINT('Ctrl Pts',(5.07049586687389,-8.54960523735359,9.37530927644839));
#4691=CARTESIAN_POINT('Ctrl Pts',(3.93898193248952,-8.48781264857854,9.31121771969645));
#4692=CARTESIAN_POINT('Ctrl Pts',(3.24702142485517,-8.42602005980344,10.2087833009078));
#4693=CARTESIAN_POINT('Ctrl Pts',(3.59696735113665,-8.36422747102838,11.286768986307));
#4694=CARTESIAN_POINT('Ctrl Pts',(4.68413813323209,-8.30243488225328,11.6067455558718));
#4695=CARTESIAN_POINT('Ctrl Pts',(5.5623466293238,-8.24064229347822,10.8903803874412));
#4696=CARTESIAN_POINT('Ctrl Pts',(5.46687845421911,-8.17884970470312,9.76085611091808));
#4697=CARTESIAN_POINT('Ctrl Pts',(4.48138302721745,-8.11705711592805,9.20211342349346));
#4698=CARTESIAN_POINT('Ctrl Pts',(3.46259777637038,-8.05526452715296,9.69902744457942));
#4699=CARTESIAN_POINT('Ctrl Pts',(3.29949548327405,-7.99347193837789,10.8220782743915));
#4700=CARTESIAN_POINT('Ctrl Pts',(3.85283745624797,-7.9522768791945,11.3317170681933));
#4701=CARTESIAN_POINT('Ctrl Pts',(4.17704899336783,-7.9316793496028,11.4180776028972));
#4702=CARTESIAN_POINT('Ctrl Pts',(4.17704899336783,-7.9316793496028,11.4180776028972));
#4703=CARTESIAN_POINT('Ctrl Pts',(4.13557406543224,-7.9316793496028,11.402169211836));
#4704=CARTESIAN_POINT('Ctrl Pts',(4.09536640351397,-7.9316793496028,11.383447898458));
#4705=CARTESIAN_POINT('Ctrl Pts',(4.05659802845263,-7.9316793496028,11.3621619760563));
#4706=CARTESIAN_POINT('Ctrl Pts',(4.01746027084397,-7.9316793496028,11.3406732427752));
#4707=CARTESIAN_POINT('Ctrl Pts',(3.97978854728492,-7.9316793496028,11.3165697702715));
#4708=CARTESIAN_POINT('Ctrl Pts',(3.94379508047863,-7.9316793496028,11.2900669457029));
#4709=CARTESIAN_POINT('Ctrl Pts',(3.9204858188412,-7.9316793496028,11.2729037956423));
#4710=CARTESIAN_POINT('Ctrl Pts',(3.89788113629884,-7.93167934960281,11.2547336278174));
#4711=CARTESIAN_POINT('Ctrl Pts',(3.87604885141007,-7.93167934960281,11.2356091715746));
#4712=CARTESIAN_POINT('Ctrl Pts',(3.86798604585761,-7.93167934960281,11.2285463848453));
#4713=CARTESIAN_POINT('Ctrl Pts',(3.86002867254142,-7.93167934960281,11.2213534128235));
#4714=CARTESIAN_POINT('Ctrl Pts',(3.85218046591268,-7.93167934960281,11.2140328158151));
#4715=CARTESIAN_POINT('Ctrl Pts',(3.84604058143004,-7.93167934960281,11.2083056959645));
#4716=CARTESIAN_POINT('Ctrl Pts',(3.83996796899158,-7.93167934960281,11.2025007387095));
#4717=CARTESIAN_POINT('Ctrl Pts',(3.83397375280565,-7.93167934960281,11.1966287340673));
#4718=CARTESIAN_POINT('Ctrl Pts',(3.80295950554129,-7.93167934960281,11.1662468128519));
#4719=CARTESIAN_POINT('Ctrl Pts',(3.77397171619425,-7.93167934960281,11.1340090579218));
#4720=CARTESIAN_POINT('Ctrl Pts',(3.74720087267477,-7.93167934960281,11.1001225520428));
#4721=CARTESIAN_POINT('Ctrl Pts',(3.72110360520992,-7.93167934960281,11.067088658033));
#4722=CARTESIAN_POINT('Ctrl Pts',(3.69711271775411,-7.93167934960281,11.0324869088268));
#4723=CARTESIAN_POINT('Ctrl Pts',(3.67544981561007,-7.93167934960281,10.9964913236577));
#4724=CARTESIAN_POINT('Ctrl Pts',(3.66285271735983,-7.93167934960281,10.9755596904012));
#4725=CARTESIAN_POINT('Ctrl Pts',(3.65104370253479,-7.93167934960281,10.9541564790572));
#4726=CARTESIAN_POINT('Ctrl Pts',(3.64007445125886,-7.93167934960281,10.9323150282272));
#4727=CARTESIAN_POINT('Ctrl Pts',(3.63566226904613,-7.93167934960281,10.9235297010953));
#4728=CARTESIAN_POINT('Ctrl Pts',(3.63138602438623,-7.93167934960281,10.9146734707608));
#4729=CARTESIAN_POINT('Ctrl Pts',(3.6272493786932,-7.93167934960281,10.9057485190442));
#4730=CARTESIAN_POINT('Ctrl Pts',(3.6237490278544,-7.93167934960281,10.8981963948002));
#4731=CARTESIAN_POINT('Ctrl Pts',(3.62035282311628,-7.93167934960281,10.8906040717179));
#4732=CARTESIAN_POINT('Ctrl Pts',(3.61706275102124,-7.93167934960281,10.8829742243702));
#4733=CARTESIAN_POINT('Ctrl Pts',(3.60099680321875,-7.93167934960281,10.845716460501));
#4734=CARTESIAN_POINT('Ctrl Pts',(3.58745322107731,-7.93167934960281,10.8075551292231));
#4735=CARTESIAN_POINT('Ctrl Pts',(3.57662740510414,-7.93167934960281,10.7686543292058));
#4736=CARTESIAN_POINT('Ctrl Pts',(3.57274941021389,-7.93167934960281,10.7547193884986));
#4737=CARTESIAN_POINT('Ctrl Pts',(3.56922063081555,-7.9316793496028,10.7406894897071));
#4738=CARTESIAN_POINT('Ctrl Pts',(3.56605169614729,-7.9316793496028,10.7265720582839));
#4739=CARTESIAN_POINT('Ctrl Pts',(3.55827856788506,-7.9316793496028,10.6919431950624));
#4740=CARTESIAN_POINT('Ctrl Pts',(3.55266877067416,-7.93167934960281,10.6567870227575));
#4741=CARTESIAN_POINT('Ctrl Pts',(3.54919319524125,-7.93167934960281,10.6212980307739));
#4742=CARTESIAN_POINT('Ctrl Pts',(3.54726446345354,-7.93167934960281,10.6016038108458));
#4743=CARTESIAN_POINT('Ctrl Pts',(3.5459934624542,-7.9316793496028,10.5818072241258));
#4744=CARTESIAN_POINT('Ctrl Pts',(3.54537857565251,-7.9316793496028,10.5619431268536));
#4745=CARTESIAN_POINT('Ctrl Pts',(3.54513177398841,-7.9316793496028,10.5539701271907));
#4746=CARTESIAN_POINT('Ctrl Pts',(3.5449909247821,-7.9316793496028,10.5459914541125));
#4747=CARTESIAN_POINT('Ctrl Pts',(3.54495545145168,-7.9316793496028,10.5380167395032));
#4748=CARTESIAN_POINT('Ctrl Pts',(3.54477558266718,-7.9316793496028,10.4975806652356));
#4749=CARTESIAN_POINT('Ctrl Pts',(3.54729887897514,-7.9316793496028,10.4571864407607));
#4750=CARTESIAN_POINT('Ctrl Pts',(3.55244951516524,-7.9316793496028,10.4171182854026));
#4751=CARTESIAN_POINT('Ctrl Pts',(3.55755452888896,-7.9316793496028,10.3774050392253));
#4752=CARTESIAN_POINT('Ctrl Pts',(3.56524113285982,-7.93167934960281,10.3380109140932));
#4753=CARTESIAN_POINT('Ctrl Pts',(3.57548079845809,-7.93167934960281,10.299234983235));
#4754=CARTESIAN_POINT('Ctrl Pts',(3.58049433807007,-7.93167934960281,10.2802495326376));
#4755=CARTESIAN_POINT('Ctrl Pts',(3.58612055255895,-7.93167934960281,10.2614127327237));
#4756=CARTESIAN_POINT('Ctrl Pts',(3.59235946934618,-7.93167934960281,10.2427629612987));
#4757=CARTESIAN_POINT('Ctrl Pts',(3.59525096995826,-7.93167934960281,10.2341195016518));
#4758=CARTESIAN_POINT('Ctrl Pts',(3.59827493607998,-7.93167934960281,10.2255140164909));
#4759=CARTESIAN_POINT('Ctrl Pts',(3.60142881850871,-7.93167934960281,10.2169577851035));
#4760=CARTESIAN_POINT('Ctrl Pts',(3.61478180817946,-7.93167934960281,10.1807321895342));
#4761=CARTESIAN_POINT('Ctrl Pts',(3.63042325338141,-7.93167934960281,10.1454840581611));
#4762=CARTESIAN_POINT('Ctrl Pts',(3.64832233795478,-7.93167934960281,10.1114901456537));
#4763=CARTESIAN_POINT('Ctrl Pts',(3.65970191282141,-7.93167934960281,10.0898780754496));
#4764=CARTESIAN_POINT('Ctrl Pts',(3.67199480917775,-7.93167934960281,10.0687735444386));
#4765=CARTESIAN_POINT('Ctrl Pts',(3.68520028317736,-7.93167934960281,10.0482562328871));
#4766=CARTESIAN_POINT('Ctrl Pts',(3.6901135972211,-7.93167934960281,10.040622429285));
#4767=CARTESIAN_POINT('Ctrl Pts',(3.69515380920797,-7.93167934960281,10.0330692484106));
#4768=CARTESIAN_POINT('Ctrl Pts',(3.70031945759029,-7.93167934960281,10.0256033823332));
#4769=CARTESIAN_POINT('Ctrl Pts',(3.72125582966509,-7.93167934960281,9.99534422830457));
#4770=CARTESIAN_POINT('Ctrl Pts',(3.74417918509027,-7.9316793496028,9.96661808321859));
#4771=CARTESIAN_POINT('Ctrl Pts',(3.76907536850182,-7.9316793496028,9.93969085397436));
#4772=CARTESIAN_POINT('Ctrl Pts',(3.77213586222981,-7.9316793496028,9.93638068330073));
#4773=CARTESIAN_POINT('Ctrl Pts',(3.77522620480382,-7.9316793496028,9.93309775174784));
#4774=CARTESIAN_POINT('Ctrl Pts',(3.77834639894694,-7.9316793496028,9.9298426007881));
#4775=CARTESIAN_POINT('Ctrl Pts',(3.79799774178939,-7.9316793496028,9.90934128433799));
#4776=CARTESIAN_POINT('Ctrl Pts',(3.81883291744524,-7.9316793496028,9.88994062682258));
#4777=CARTESIAN_POINT('Ctrl Pts',(3.84073650860819,-7.9316793496028,9.87169749497683));
#4778=CARTESIAN_POINT('Ctrl Pts',(3.84174909378501,-9.5316793496028,9.87208437879496));
#4779=CARTESIAN_POINT('Ctrl Pts',(3.81369063999242,-9.5316793496028,9.89577317626477));
#4780=CARTESIAN_POINT('Ctrl Pts',(3.78749678896728,-9.5316793496028,9.9214037074234));
#4781=CARTESIAN_POINT('Ctrl Pts',(3.76318491532631,-9.5316793496028,9.94867707179427));
#4782=CARTESIAN_POINT('Ctrl Pts',(3.7381958301189,-9.5316793496028,9.97671014058284));
#4783=CARTESIAN_POINT('Ctrl Pts',(3.71519433323639,-9.5316793496028,10.0064794490484));
#4784=CARTESIAN_POINT('Ctrl Pts',(3.6942224801815,-9.5316793496028,10.03771253182));
#4785=CARTESIAN_POINT('Ctrl Pts',(3.67967502377686,-9.5316793496028,10.0593778519428));
#4786=CARTESIAN_POINT('Ctrl Pts',(3.66610465582192,-9.5316793496028,10.081748616517));
#4787=CARTESIAN_POINT('Ctrl Pts',(3.65353441597432,-9.5316793496028,10.104745370111));
#4788=CARTESIAN_POINT('Ctrl Pts',(3.64980615629818,-9.5316793496028,10.11156607283));
#4789=CARTESIAN_POINT('Ctrl Pts',(3.64616490261483,-9.5316793496028,10.1184439151523));
#4790=CARTESIAN_POINT('Ctrl Pts',(3.64261475745024,-9.5316793496028,10.1253703721432));
#4791=CARTESIAN_POINT('Ctrl Pts',(3.62482064261671,-9.5316793496028,10.1600873105703));
#4792=CARTESIAN_POINT('Ctrl Pts',(3.60937347538355,-9.5316793496028,10.1959007050242));
#4793=CARTESIAN_POINT('Ctrl Pts',(3.59630661898185,-9.5316793496028,10.2325156261172));
#4794=CARTESIAN_POINT('Ctrl Pts',(3.58335587517012,-9.5316793496028,10.2688051856091));
#4795=CARTESIAN_POINT('Ctrl Pts',(3.57274280773037,-9.5316793496028,10.305883105779));
#4796=CARTESIAN_POINT('Ctrl Pts',(3.56453215177658,-9.5316793496028,10.3434976618122));
#4797=CARTESIAN_POINT('Ctrl Pts',(3.55938479311398,-9.5316793496028,10.3670786779853));
#4798=CARTESIAN_POINT('Ctrl Pts',(3.55518229410661,-9.5316793496028,10.390871255));
#4799=CARTESIAN_POINT('Ctrl Pts',(3.55194855497823,-9.5316793496028,10.4148178458179));
#4800=CARTESIAN_POINT('Ctrl Pts',(3.55079008678182,-9.5316793496028,10.4233965724169));
#4801=CARTESIAN_POINT('Ctrl Pts',(3.54975601072756,-9.5316793496028,10.4319950877157));
#4802=CARTESIAN_POINT('Ctrl Pts',(3.54884764299815,-9.5316793496028,10.4406108087046));
#4803=CARTESIAN_POINT('Ctrl Pts',(3.5480581324601,-9.5316793496028,10.4480991884582));
#4804=CARTESIAN_POINT('Ctrl Pts',(3.54736401915135,-9.5316793496028,10.4555971676468));
#4805=CARTESIAN_POINT('Ctrl Pts',(3.54676644322427,-9.5316793496028,10.4630944722857));
#4806=CARTESIAN_POINT('Ctrl Pts',(3.54348915071656,-9.5316793496028,10.5042120260689));
#4807=CARTESIAN_POINT('Ctrl Pts',(3.54310390349182,-9.5316793496028,10.5453812514135));
#4808=CARTESIAN_POINT('Ctrl Pts',(3.54567417654955,-9.5316793496028,10.5863046940226));
#4809=CARTESIAN_POINT('Ctrl Pts',(3.54661150139762,-9.5316793496028,10.6012286179656));
#4810=CARTESIAN_POINT('Ctrl Pts',(3.54794230936337,-9.5316793496028,10.6161201214578));
#4811=CARTESIAN_POINT('Ctrl Pts',(3.549671240173,-9.5316793496028,10.6309655149312));
#4812=CARTESIAN_POINT('Ctrl Pts',(3.55420704922157,-9.5316793496028,10.6699120532608));
#4813=CARTESIAN_POINT('Ctrl Pts',(3.56147936644657,-9.5316793496028,10.708541110878));
#4814=CARTESIAN_POINT('Ctrl Pts',(3.57130499473534,-9.5316793496028,10.7466711908448));
#4815=CARTESIAN_POINT('Ctrl Pts',(3.57470449330407,-9.5316793496028,10.7598635433808));
#4816=CARTESIAN_POINT('Ctrl Pts',(3.57841006425504,-9.5316793496028,10.7729961806065));
#4817=CARTESIAN_POINT('Ctrl Pts',(3.58241544444625,-9.5316793496028,10.7860615307093));
#4818=CARTESIAN_POINT('Ctrl Pts',(3.5848181315612,-9.5316793496028,10.7938989760567));
#4819=CARTESIAN_POINT('Ctrl Pts',(3.58732866544008,-9.5316793496028,10.8017116337184));
#4820=CARTESIAN_POINT('Ctrl Pts',(3.58994103935652,-9.5316793496028,10.8094849556473));
#4821=CARTESIAN_POINT('Ctrl Pts',(3.60312915494384,-9.5316793496028,10.8487272201063));
#4822=CARTESIAN_POINT('Ctrl Pts',(3.61893388567495,-9.5316793496028,10.8870520056237));
#4823=CARTESIAN_POINT('Ctrl Pts',(3.63711498554411,-9.5316793496028,10.9242570547132));
#4824=CARTESIAN_POINT('Ctrl Pts',(3.65582078244421,-9.5316793496028,10.9625358220559));
#4825=CARTESIAN_POINT('Ctrl Pts',(3.67704234182258,-9.5316793496028,10.9996303466086));
#4826=CARTESIAN_POINT('Ctrl Pts',(3.7005737157758,-9.5316793496028,11.0353190058045));
#4827=CARTESIAN_POINT('Ctrl Pts',(3.71236346961057,-9.5316793496028,11.0531998361993));
#4828=CARTESIAN_POINT('Ctrl Pts',(3.72473387822544,-9.5316793496028,11.0707276397756));
#4829=CARTESIAN_POINT('Ctrl Pts',(3.73766372393449,-9.5316793496028,11.0878730908125));
#4830=CARTESIAN_POINT('Ctrl Pts',(3.74515597037395,-9.5316793496028,11.0978080851948));
#4831=CARTESIAN_POINT('Ctrl Pts',(3.75283611237667,-9.5316793496028,11.1076146746335));
#4832=CARTESIAN_POINT('Ctrl Pts',(3.76070045434781,-9.5316793496028,11.1172869066653));
#4833=CARTESIAN_POINT('Ctrl Pts',(3.76649742895209,-9.5316793496028,11.1244165156854));
#4834=CARTESIAN_POINT('Ctrl Pts',(3.77238836115348,-9.5316793496028,11.1314655477051));
#4835=CARTESIAN_POINT('Ctrl Pts',(3.77837001006409,-9.5316793496028,11.1384306564376));
#4836=CARTESIAN_POINT('Ctrl Pts',(3.80725802936835,-9.5316793496028,11.1720682367317));
#4837=CARTESIAN_POINT('Ctrl Pts',(3.83826593884579,-9.5316793496028,11.2037596852401));
#4838=CARTESIAN_POINT('Ctrl Pts',(3.87117819459728,-9.5316793496028,11.2332654078005));
#4839=CARTESIAN_POINT('Ctrl Pts',(3.8885598517773,-9.5316793496028,11.2488480028758));
#4840=CARTESIAN_POINT('Ctrl Pts',(3.90647350244931,-9.5316793496028,11.2638207089445));
#4841=CARTESIAN_POINT('Ctrl Pts',(3.9248925582345,-9.5316793496028,11.2781454607628));
#4842=CARTESIAN_POINT('Ctrl Pts',(3.93311644142451,-9.5316793496028,11.2845412872945));
#4843=CARTESIAN_POINT('Ctrl Pts',(3.94144297908532,-9.5316793496028,11.2908092555743));
#4844=CARTESIAN_POINT('Ctrl Pts',(3.94986394854549,-9.5316793496028,11.2969414137084));
#4845=CARTESIAN_POINT('Ctrl Pts',(3.98628067200987,-9.5316793496028,11.3234601070804));
#4846=CARTESIAN_POINT('Ctrl Pts',(4.02437893498516,-9.5316793496028,11.3473838565923));
#4847=CARTESIAN_POINT('Ctrl Pts',(4.06395038201361,-9.5316793496028,11.3684627162082));
#4848=CARTESIAN_POINT('Ctrl Pts',(4.06867896425461,-9.5316793496028,11.3709815303716));
#4849=CARTESIAN_POINT('Ctrl Pts',(4.07342863207798,-9.5316793496028,11.3734596869786));
#4850=CARTESIAN_POINT('Ctrl Pts',(4.07819906925698,-9.5316793496028,11.3758967282969));
#4851=CARTESIAN_POINT('Ctrl Pts',(4.11000565997433,-9.5316793496028,11.3921455484495));
#4852=CARTESIAN_POINT('Ctrl Pts',(4.1427344081259,-9.5316793496028,11.406568192696));
#4853=CARTESIAN_POINT('Ctrl Pts',(4.17623296303478,-9.5316793496028,11.4191969138492));
#4854=CARTESIAN_POINT('Ctrl Pts',(5.25443257176106,-8.08491397779845,10.4163228271253));
#4855=CARTESIAN_POINT('Ctrl Pts',(5.25484863512453,-8.09342592112428,10.5251606699501));
#4856=CARTESIAN_POINT('Ctrl Pts',(5.23434759908072,-8.10193786445012,10.6338527350829));
#4857=CARTESIAN_POINT('Ctrl Pts',(5.19215951418257,-8.11044980777595,10.7333423595833));
#4858=CARTESIAN_POINT('Ctrl Pts',(5.09007115505673,-8.13104733736765,10.9740911999208));
#4859=CARTESIAN_POINT('Ctrl Pts',(4.86099169681873,-8.15164486695933,11.1609540524381));
#4860=CARTESIAN_POINT('Ctrl Pts',(4.60465847852094,-8.17224239655103,11.2126527583172));
#4861=CARTESIAN_POINT('Ctrl Pts',(4.34832526022314,-8.19283992614272,11.2643514641963));
#4862=CARTESIAN_POINT('Ctrl Pts',(4.06473828186556,-8.21343745573441,11.1808860234371));
#4863=CARTESIAN_POINT('Ctrl Pts',(3.87730333990994,-8.23403498532611,10.9985577736937));
#4864=CARTESIAN_POINT('Ctrl Pts',(3.68986839795432,-8.2546325149178,10.8162295239503));
#4865=CARTESIAN_POINT('Ctrl Pts',(3.59858549240067,-8.27523004450949,10.5350384652228));
#4866=CARTESIAN_POINT('Ctrl Pts',(3.64319250506024,-8.29582757410119,10.2773785724464));
#4867=CARTESIAN_POINT('Ctrl Pts',(3.68779951771981,-8.31642510369288,10.01971867967));
#4868=CARTESIAN_POINT('Ctrl Pts',(3.86829644859261,-8.33702263328458,9.7855899528449));
#4869=CARTESIAN_POINT('Ctrl Pts',(4.10612182784336,-8.35762016287627,9.67688468591324));
#4870=CARTESIAN_POINT('Ctrl Pts',(4.34394720709411,-8.37821769246796,9.56817941898158));
#4871=CARTESIAN_POINT('Ctrl Pts',(4.63910103472282,-8.39881522205965,9.5848976119434));
#4872=CARTESIAN_POINT('Ctrl Pts',(4.86312737133447,-8.41941275165135,9.71976630978388));
#4873=CARTESIAN_POINT('Ctrl Pts',(5.08715370794613,-8.44001028124304,9.85463500762435));
#4874=CARTESIAN_POINT('Ctrl Pts',(5.24005255354072,-8.46060781083474,10.1076542103435));
#4875=CARTESIAN_POINT('Ctrl Pts',(5.25527730766474,-8.48120534042643,10.3687020248696));
#4876=CARTESIAN_POINT('Ctrl Pts',(5.25619105951174,-8.48244155288377,10.3843694649304));
#4877=CARTESIAN_POINT('Ctrl Pts',(5.25660889529111,-8.48367776534111,10.4000658248668));
#4878=CARTESIAN_POINT('Ctrl Pts',(5.25654233650667,-8.48491397779845,10.4157657871996));
#4879=CARTESIAN_POINT('Ctrl Pts',(4.7108880025557,-9.5316793496028,11.4180776028972));
#4880=CARTESIAN_POINT('Ctrl Pts',(5.03509953967556,-9.51108182001111,11.3317170681933));
#4881=CARTESIAN_POINT('Ctrl Pts',(5.58844145240069,-9.46988676082771,10.8220778999276));
#4882=CARTESIAN_POINT('Ctrl Pts',(5.42533927175691,-9.40809417205265,9.69902761805582));
#4883=CARTESIAN_POINT('Ctrl Pts',(4.40655396346404,-9.34630158327755,9.20211328765103));
#4884=CARTESIAN_POINT('Ctrl Pts',(3.42105851462841,-9.28450899450248,9.76085615856855));
#4885=CARTESIAN_POINT('Ctrl Pts',(3.32559034613297,-9.22271640572739,10.8903803624064));
#4886=CARTESIAN_POINT('Ctrl Pts',(4.20379885310976,-9.16092381695232,11.6067456032695));
#4887=CARTESIAN_POINT('Ctrl Pts',(5.29096966695959,-9.09913122817723,11.2867689948006));
#4888=CARTESIAN_POINT('Ctrl Pts',(5.64091559647405,-9.03733863940215,10.2087833024725));
#4889=CARTESIAN_POINT('Ctrl Pts',(4.94895507608276,-8.97554605062708,9.31121769107644));
#4890=CARTESIAN_POINT('Ctrl Pts',(3.81744111409562,-8.91375346185199,9.37530925461888));
#4891=CARTESIAN_POINT('Ctrl Pts',(3.23128175660157,-8.85196087307692,10.3452941655908));
#4892=CARTESIAN_POINT('Ctrl Pts',(3.70070861632132,-8.79016828430182,11.3768367196447));
#4893=CARTESIAN_POINT('Ctrl Pts',(4.81710442451979,-8.72837569552676,11.5720368269479));
#4894=CARTESIAN_POINT('Ctrl Pts',(5.60870489788389,-8.66658310675166,10.7609798728369));
#4895=CARTESIAN_POINT('Ctrl Pts',(5.38646018860182,-8.60479051797659,9.64965094698368));
#4896=CARTESIAN_POINT('Ctrl Pts',(4.34382391643028,-8.54299792920152,9.20540744798057));
#4897=CARTESIAN_POINT('Ctrl Pts',(3.38835823151397,-8.48120534042642,9.81493754764563));
#4898=CARTESIAN_POINT('Ctrl Pts',(3.35174881034401,-8.41941275165135,10.9476834459709));
#4899=CARTESIAN_POINT('Ctrl Pts',(4.26586132670778,-8.35762016287627,11.6176311171485));
#4900=CARTESIAN_POINT('Ctrl Pts',(5.33500843737487,-8.29582757410119,11.2416552611509));
#4901=CARTESIAN_POINT('Ctrl Pts',(5.62854749412781,-8.2340349853261,10.1469634649778));
#4902=CARTESIAN_POINT('Ctrl Pts',(4.89097452197599,-8.17224239655103,9.28654989046539));
#4903=CARTESIAN_POINT('Ctrl Pts',(3.76429589957039,-8.11044980777594,9.40912485470157));
#4904=CARTESIAN_POINT('Ctrl Pts',(3.22925657229152,-8.04865721900087,10.4084606423707));
#4905=CARTESIAN_POINT('Ctrl Pts',(3.75152718860117,-7.98686463022579,11.4137607362812));
#4906=CARTESIAN_POINT('Ctrl Pts',(4.87660206424522,-7.92507204145071,11.5517965300071));
#4907=CARTESIAN_POINT('Ctrl Pts',(5.6249820955516,-7.86327945267562,10.6987012330532));
#4908=CARTESIAN_POINT('Ctrl Pts',(5.4384235290706,-7.82208439349224,9.96992468603667));
#4909=CARTESIAN_POINT('Ctrl Pts',(5.2135329121716,-7.80148686390054,9.72093578430257));
#4910=CARTESIAN_POINT('Ctrl Pts',(4.69154041390706,-9.57507684483689,11.3454435985242));
#4911=CARTESIAN_POINT('Ctrl Pts',(4.99225156477795,-9.55447931524519,11.2653428839989));
#4912=CARTESIAN_POINT('Ctrl Pts',(5.50548463747752,-9.5132842560618,10.7926447740565));
#4913=CARTESIAN_POINT('Ctrl Pts',(5.35420487462068,-9.45149166728673,9.75099849043681));
#4914=CARTESIAN_POINT('Ctrl Pts',(4.40926594595495,-9.38969907851164,9.29010286189839));
#4915=CARTESIAN_POINT('Ctrl Pts',(3.49520387021879,-9.32790648973656,9.8083454057854));
#4916=CARTESIAN_POINT('Ctrl Pts',(3.40665568629285,-9.26611390096149,10.8559963508751));
#4917=CARTESIAN_POINT('Ctrl Pts',(4.22120748535473,-9.2043213121864,11.5204360495284));
#4918=CARTESIAN_POINT('Ctrl Pts',(5.22957501456198,-9.14252872341133,11.223652859642));
#4919=CARTESIAN_POINT('Ctrl Pts',(5.55415520730191,-9.08073613463623,10.2238046708882));
#4920=CARTESIAN_POINT('Ctrl Pts',(4.91235125950729,-9.01894354586116,9.39129886192541));
#4921=CARTESIAN_POINT('Ctrl Pts',(3.86285478335368,-8.95715095708608,9.45074476568678));
#4922=CARTESIAN_POINT('Ctrl Pts',(3.31918302956098,-8.895358368311,10.3504205807333));
#4923=CARTESIAN_POINT('Ctrl Pts',(3.75458360934926,-8.83356577953592,11.3071920496251));
#4924=CARTESIAN_POINT('Ctrl Pts',(4.79005776703383,-8.77177319076084,11.4882431295426));
#4925=CARTESIAN_POINT('Ctrl Pts',(5.52427929255362,-8.70998060198576,10.7359754210607));
#4926=CARTESIAN_POINT('Ctrl Pts',(5.31814393137285,-8.64818801321067,9.70520087411451));
#4927=CARTESIAN_POINT('Ctrl Pts',(4.35108286954354,-8.58639542443562,9.29315824590062));
#4928=CARTESIAN_POINT('Ctrl Pts',(3.46487385834907,-8.5246028356605,9.85850671989079));
#4929=CARTESIAN_POINT('Ctrl Pts',(3.43091806124655,-8.46281024688545,10.9091458358077));
#4930=CARTESIAN_POINT('Ctrl Pts',(4.27877137721172,-8.40101765811034,11.5305325298556));
#4931=CARTESIAN_POINT('Ctrl Pts',(5.2704216465238,-8.33922506933528,11.1818091828671));
#4932=CARTESIAN_POINT('Ctrl Pts',(5.54268360353461,-8.27743248056019,10.1664658277218));
#4933=CARTESIAN_POINT('Ctrl Pts',(4.85857341030282,-8.21563989178512,9.36841910022073));
#4934=CARTESIAN_POINT('Ctrl Pts',(3.813561785439,-8.15384730301003,9.48210925107368));
#4935=CARTESIAN_POINT('Ctrl Pts',(3.31730464019208,-8.09205471423496,10.4090084523978));
#4936=CARTESIAN_POINT('Ctrl Pts',(3.80171861105723,-8.03026212545987,11.3414396388262));
#4937=CARTESIAN_POINT('Ctrl Pts',(4.84524273631307,-7.96846953668479,11.469469945093));
#4938=CARTESIAN_POINT('Ctrl Pts',(5.53937664191724,-7.90667694790971,10.678211031766));
#4939=CARTESIAN_POINT('Ctrl Pts',(5.36634072305483,-7.86548188872632,10.0022596571545));
#4940=CARTESIAN_POINT('Ctrl Pts',(5.15775124216057,-7.84488435913463,9.77131864913337));
#4941=CARTESIAN_POINT('Ctrl Pts',(4.67219282525841,-9.61847434007097,11.2728095941511));
#4942=CARTESIAN_POINT('Ctrl Pts',(4.94940358988034,-9.59787681047928,11.1989686998045));
#4943=CARTESIAN_POINT('Ctrl Pts',(5.42252782255435,-9.55668175129589,10.7632116481855));
#4944=CARTESIAN_POINT('Ctrl Pts',(5.28307047748446,-9.49488916252081,9.80296936281779));
#4945=CARTESIAN_POINT('Ctrl Pts',(4.41197792844587,-9.43309657374573,9.37809243614575));
#4946=CARTESIAN_POINT('Ctrl Pts',(3.56934922580917,-9.37130398497066,9.85583465300225));
#4947=CARTESIAN_POINT('Ctrl Pts',(3.48772102645273,-9.30951139619556,10.8216123393438));
#4948=CARTESIAN_POINT('Ctrl Pts',(4.23861611759971,-9.2477188074205,11.4341264957874));
#4949=CARTESIAN_POINT('Ctrl Pts',(5.16818036216434,-9.1859262186454,11.1605367244832));
#4950=CARTESIAN_POINT('Ctrl Pts',(5.46739481812978,-9.12413362987034,10.2388260393039));
#4951=CARTESIAN_POINT('Ctrl Pts',(4.87574744293182,-9.06234104109524,9.47138003277435));
#4952=CARTESIAN_POINT('Ctrl Pts',(3.90826845261173,-9.00054845232016,9.52618027675471));
#4953=CARTESIAN_POINT('Ctrl Pts',(3.40708430252039,-8.93875586354509,10.3555469958757));
#4954=CARTESIAN_POINT('Ctrl Pts',(3.8084586023772,-8.87696327477,11.2375473796054));
#4955=CARTESIAN_POINT('Ctrl Pts',(4.76301110954786,-8.81517068599493,11.4044494321373));
#4956=CARTESIAN_POINT('Ctrl Pts',(5.43985368722337,-8.75337809721984,10.7109709692845));
#4957=CARTESIAN_POINT('Ctrl Pts',(5.24982767414388,-8.69158550844476,9.76075080124533));
#4958=CARTESIAN_POINT('Ctrl Pts',(4.3583418226568,-8.6297929196697,9.38090904382066));
#4959=CARTESIAN_POINT('Ctrl Pts',(3.54138948518416,-8.5680003308946,9.90207589213596));
#4960=CARTESIAN_POINT('Ctrl Pts',(3.5100873121491,-8.50620774211952,10.8706082256446));
#4961=CARTESIAN_POINT('Ctrl Pts',(4.29168142771567,-8.44441515334444,11.4434339425627));
#4962=CARTESIAN_POINT('Ctrl Pts',(5.20583485567274,-8.38262256456937,11.1219631045834));
#4963=CARTESIAN_POINT('Ctrl Pts',(5.45681971294141,-8.32082997579428,10.1859681904657));
#4964=CARTESIAN_POINT('Ctrl Pts',(4.82617229862966,-8.25903738701921,9.45028830997609));
#4965=CARTESIAN_POINT('Ctrl Pts',(3.86282767130762,-8.19724479824412,9.55509364744578));
#4966=CARTESIAN_POINT('Ctrl Pts',(3.40535270809264,-8.13545220946905,10.4095562624249));
#4967=CARTESIAN_POINT('Ctrl Pts',(3.85191003351329,-8.07365962069395,11.2691185413711));
#4968=CARTESIAN_POINT('Ctrl Pts',(4.81388340838092,-8.01186703191889,11.3871433601789));
#4969=CARTESIAN_POINT('Ctrl Pts',(5.45377118828287,-7.95007444314379,10.6577208304787));
#4970=CARTESIAN_POINT('Ctrl Pts',(5.29425791703907,-7.90887938396041,10.0345946282723));
#4971=CARTESIAN_POINT('Ctrl Pts',(5.10196957214954,-7.88828185436872,9.82170151396416));
#4972=CARTESIAN_POINT('Ctrl Pts',(4.65284523660977,-9.66187183530506,11.2001755897781));
#4973=CARTESIAN_POINT('Ctrl Pts',(4.90655561498273,-9.64127430571336,11.1325945156101));
#4974=CARTESIAN_POINT('Ctrl Pts',(5.33957100763118,-9.60007924652998,10.7337785223144));
#4975=CARTESIAN_POINT('Ctrl Pts',(5.21193608034822,-9.5382866577549,9.85494023519877));
#4976=CARTESIAN_POINT('Ctrl Pts',(4.41468991093678,-9.47649406897982,9.46608201039312));
#4977=CARTESIAN_POINT('Ctrl Pts',(3.64349458139955,-9.41470148020474,9.90332390021908));
#4978=CARTESIAN_POINT('Ctrl Pts',(3.56878636661261,-9.35290889142965,10.7872283278125));
#4979=CARTESIAN_POINT('Ctrl Pts',(4.25602474984469,-9.29111630265458,11.3478169420463));
#4980=CARTESIAN_POINT('Ctrl Pts',(5.10678570976672,-9.22932371387949,11.0974205893245));
#4981=CARTESIAN_POINT('Ctrl Pts',(5.38063442895764,-9.16753112510442,10.2538474077196));
#4982=CARTESIAN_POINT('Ctrl Pts',(4.83914362635635,-9.10573853632933,9.5514612036233));
#4983=CARTESIAN_POINT('Ctrl Pts',(3.95368212186979,-9.04394594755426,9.60161578782261));
#4984=CARTESIAN_POINT('Ctrl Pts',(3.49498557547979,-8.98215335877918,10.3606734110181));
#4985=CARTESIAN_POINT('Ctrl Pts',(3.86233359540514,-8.92036077000408,11.1679027095858));
#4986=CARTESIAN_POINT('Ctrl Pts',(4.73596445206189,-8.85856818122902,11.320655734732));
#4987=CARTESIAN_POINT('Ctrl Pts',(5.35542808189311,-8.79677559245393,10.6859665175082));
#4988=CARTESIAN_POINT('Ctrl Pts',(5.1815114169149,-8.73498300367885,9.81630072837618));
#4989=CARTESIAN_POINT('Ctrl Pts',(4.36560077577006,-8.67319041490377,9.46865984174067));
#4990=CARTESIAN_POINT('Ctrl Pts',(3.61790511201925,-8.61139782612869,9.94564506438115));
#4991=CARTESIAN_POINT('Ctrl Pts',(3.58925656305164,-8.54960523735361,10.8320706154814));
#4992=CARTESIAN_POINT('Ctrl Pts',(4.30459147821961,-8.48781264857853,11.3563353552698));
#4993=CARTESIAN_POINT('Ctrl Pts',(5.14124806482168,-8.42602005980345,11.0621170262997));
#4994=CARTESIAN_POINT('Ctrl Pts',(5.37095582234821,-8.36422747102837,10.2054705532096));
#4995=CARTESIAN_POINT('Ctrl Pts',(4.7937711869565,-8.30243488225329,9.53215751973144));
#4996=CARTESIAN_POINT('Ctrl Pts',(3.91209355717623,-8.24064229347821,9.62807804381788));
#4997=CARTESIAN_POINT('Ctrl Pts',(3.4934007759932,-8.17884970470313,10.410104072452));
#4998=CARTESIAN_POINT('Ctrl Pts',(3.90210145596936,-8.11705711592804,11.1967974439161));
#4999=CARTESIAN_POINT('Ctrl Pts',(4.78252408044877,-8.05526452715298,11.3048167752648));
#5000=CARTESIAN_POINT('Ctrl Pts',(5.36816573464851,-7.99347193837788,10.6372306291915));
#5001=CARTESIAN_POINT('Ctrl Pts',(5.2221751110233,-7.9522768791945,10.0669295993902));
#5002=CARTESIAN_POINT('Ctrl Pts',(5.04618790213851,-7.9316793496028,9.87208437879496));
#5003=CARTESIAN_POINT('Ctrl Pts',(5.04618790213851,-7.9316793496028,9.87208437879496));
#5004=CARTESIAN_POINT('Ctrl Pts',(5.07424634722794,-7.9316793496028,9.89577316891699));
#5005=CARTESIAN_POINT('Ctrl Pts',(5.10044018879832,-7.93167934960281,9.92140369363435));
#5006=CARTESIAN_POINT('Ctrl Pts',(5.12475205278771,-7.93167934960281,9.94867705216026));
#5007=CARTESIAN_POINT('Ctrl Pts',(5.14974113006648,-7.93167934960281,9.97671011717548));
#5008=CARTESIAN_POINT('Ctrl Pts',(5.17274261849366,-7.9316793496028,10.0064794227742));
#5009=CARTESIAN_POINT('Ctrl Pts',(5.19371446313957,-7.9316793496028,10.0377125031791));
#5010=CARTESIAN_POINT('Ctrl Pts',(5.20826190948488,-7.9316793496028,10.0593778153661));
#5011=CARTESIAN_POINT('Ctrl Pts',(5.22183226796953,-7.9316793496028,10.0817485718359));
#5012=CARTESIAN_POINT('Ctrl Pts',(5.23440249914991,-7.9316793496028,10.10474531709));
#5013=CARTESIAN_POINT('Ctrl Pts',(5.23813076487431,-7.9316793496028,10.1115660331034));
#5014=CARTESIAN_POINT('Ctrl Pts',(5.24177202425736,-7.9316793496028,10.1184438889306));
#5015=CARTESIAN_POINT('Ctrl Pts',(5.24532217482059,-7.9316793496028,10.1253703597114));
#5016=CARTESIAN_POINT('Ctrl Pts',(5.26311628024159,-7.9316793496028,10.1600872960989));
#5017=CARTESIAN_POINT('Ctrl Pts',(5.27856343884275,-7.9316793496028,10.1959006886372));
#5018=CARTESIAN_POINT('Ctrl Pts',(5.29163028799064,-7.9316793496028,10.2325156075413));
#5019=CARTESIAN_POINT('Ctrl Pts',(5.30458103331769,-7.9316793496028,10.2688051892554));
#5020=CARTESIAN_POINT('Ctrl Pts',(5.31519410048588,-7.9316793496028,10.3058831324364));
#5021=CARTESIAN_POINT('Ctrl Pts',(5.32340475483748,-7.9316793496028,10.3434977113838));
#5022=CARTESIAN_POINT('Ctrl Pts',(5.32855211111104,-7.9316793496028,10.3670787355789));
#5023=CARTESIAN_POINT('Ctrl Pts',(5.3327546077131,-7.9316793496028,10.3908713204655));
#5024=CARTESIAN_POINT('Ctrl Pts',(5.33598834454003,-7.9316793496028,10.4148179188418));
#5025=CARTESIAN_POINT('Ctrl Pts',(5.33714680553236,-7.9316793496028,10.4233966009062));
#5026=CARTESIAN_POINT('Ctrl Pts',(5.33818087576577,-7.9316793496028,10.4319950714121));
#5027=CARTESIAN_POINT('Ctrl Pts',(5.33908923908515,-7.9316793496028,10.4406107473851));
#5028=CARTESIAN_POINT('Ctrl Pts',(5.3398787455934,-7.9316793496028,10.4480990861463));
#5029=CARTESIAN_POINT('Ctrl Pts',(5.34057285601257,-7.9316793496028,10.455597024438));
#5030=CARTESIAN_POINT('Ctrl Pts',(5.34117043017397,-7.9316793496028,10.4630942880933));
#5031=CARTESIAN_POINT('Ctrl Pts',(5.34444773140331,-7.9316793496028,10.5042118480226));
#5032=CARTESIAN_POINT('Ctrl Pts',(5.34483298879386,-7.9316793496028,10.545381078837));
#5033=CARTESIAN_POINT('Ctrl Pts',(5.34226272804116,-7.9316793496028,10.5863045255312));
#5034=CARTESIAN_POINT('Ctrl Pts',(5.34132540152135,-7.9316793496028,10.6012285490289));
#5035=CARTESIAN_POINT('Ctrl Pts',(5.33999458699835,-7.9316793496028,10.616120151466));
#5036=CARTESIAN_POINT('Ctrl Pts',(5.33826564468614,-7.9316793496028,10.6309656429721));
#5037=CARTESIAN_POINT('Ctrl Pts',(5.33372983528378,-7.9316793496028,10.6699121824149));
#5038=CARTESIAN_POINT('Ctrl Pts',(5.3264575196913,-7.9316793496028,10.7085412390467));
#5039=CARTESIAN_POINT('Ctrl Pts',(5.31663189457805,-7.9316793496028,10.746671316394));
#5040=CARTESIAN_POINT('Ctrl Pts',(5.31323239630987,-7.9316793496028,10.7598636711209));
#5041=CARTESIAN_POINT('Ctrl Pts',(5.30952682570078,-7.9316793496028,10.7729963103137));
#5042=CARTESIAN_POINT('Ctrl Pts',(5.3055214458796,-7.9316793496028,10.7860616621724));
#5043=CARTESIAN_POINT('Ctrl Pts',(5.30311875975011,-7.9316793496028,10.7938991060827));
#5044=CARTESIAN_POINT('Ctrl Pts',(5.30060822693795,-7.9316793496028,10.8017117622388));
#5045=CARTESIAN_POINT('Ctrl Pts',(5.2979958541604,-7.9316793496028,10.8094850826104));
#5046=CARTESIAN_POINT('Ctrl Pts',(5.28480774065659,-7.9316793496028,10.8487273501162));
#5047=CARTESIAN_POINT('Ctrl Pts',(5.2690030124062,-7.9316793496028,10.8870521368196));
#5048=CARTESIAN_POINT('Ctrl Pts',(5.25082191503687,-7.9316793496028,10.924257185652));
#5049=CARTESIAN_POINT('Ctrl Pts',(5.23211612176851,-7.9316793496028,10.9625359505614));
#5050=CARTESIAN_POINT('Ctrl Pts',(5.21089456632768,-7.9316793496028,10.9996304712868));
#5051=CARTESIAN_POINT('Ctrl Pts',(5.18736319616824,-7.9316793496028,11.0353191257096));
#5052=CARTESIAN_POINT('Ctrl Pts',(5.17557344700402,-7.9316793496028,11.0531999495121));
#5053=CARTESIAN_POINT('Ctrl Pts',(5.16320304329632,-7.93167934960281,11.0707277464239));
#5054=CARTESIAN_POINT('Ctrl Pts',(5.15027320265932,-7.93167934960281,11.0878731907981));
#5055=CARTESIAN_POINT('Ctrl Pts',(5.14278092720612,-7.93167934960281,11.0978082236902));
#5056=CARTESIAN_POINT('Ctrl Pts',(5.1351007546426,-7.9316793496028,11.1076148505441));
#5057=CARTESIAN_POINT('Ctrl Pts',(5.12723638059648,-7.9316793496028,11.1172871188345));
#5058=CARTESIAN_POINT('Ctrl Pts',(5.12143943752489,-7.9316793496028,11.1244166867218));
#5059=CARTESIAN_POINT('Ctrl Pts',(5.11554853806322,-7.9316793496028,11.1314656782255));
#5060=CARTESIAN_POINT('Ctrl Pts',(5.10956692277134,-7.9316793496028,11.1384307474516));
#5061=CARTESIAN_POINT('Ctrl Pts',(5.0806789107285,-7.9316793496028,11.17206831755));
#5062=CARTESIAN_POINT('Ctrl Pts',(5.04967100838299,-7.93167934960281,11.2037597558178));
#5063=CARTESIAN_POINT('Ctrl Pts',(5.01675875908029,-7.93167934960281,11.2332654686436));
#5064=CARTESIAN_POINT('Ctrl Pts',(4.99937710257285,-7.93167934960281,11.2488480610282));
#5065=CARTESIAN_POINT('Ctrl Pts',(4.98146345221597,-7.93167934960281,11.263820764355));
#5066=CARTESIAN_POINT('Ctrl Pts',(4.9630443963198,-7.93167934960281,11.2781455134419));
#5067=CARTESIAN_POINT('Ctrl Pts',(4.95482051925081,-7.93167934960281,11.2845413339552));
#5068=CARTESIAN_POINT('Ctrl Pts',(4.94649398776337,-7.93167934960281,11.2908092964221));
#5069=CARTESIAN_POINT('Ctrl Pts',(4.93807302457043,-7.93167934960281,11.2969414489254));
#5070=CARTESIAN_POINT('Ctrl Pts',(4.90165630750161,-7.93167934960281,11.3234601330258));
#5071=CARTESIAN_POINT('Ctrl Pts',(4.86355804984382,-7.9316793496028,11.3473838744104));
#5072=CARTESIAN_POINT('Ctrl Pts',(4.82398660648414,-7.9316793496028,11.368462727615));
#5073=CARTESIAN_POINT('Ctrl Pts',(4.81925803871589,-7.9316793496028,11.3709815335364));
#5074=CARTESIAN_POINT('Ctrl Pts',(4.8145083854669,-7.9316793496028,11.3734596821674));
#5075=CARTESIAN_POINT('Ctrl Pts',(4.80973796296011,-7.9316793496028,11.3758967157805));
#5076=CARTESIAN_POINT('Ctrl Pts',(4.77793137549631,-7.9316793496028,11.3921455328729));
#5077=CARTESIAN_POINT('Ctrl Pts',(4.74520262945838,-7.9316793496028,11.4065681752319));
#5078=CARTESIAN_POINT('Ctrl Pts',(4.71170407570284,-7.9316793496028,11.4191968954682));
#5079=CARTESIAN_POINT('Ctrl Pts',(5.25549621791037,-8.37844472140716,10.41537149996));
#5080=CARTESIAN_POINT('Ctrl Pts',(5.25600387590231,-8.37370563794756,10.3549814333501));
#5081=CARTESIAN_POINT('Ctrl Pts',(5.24979834769972,-8.36896655448797,10.2946950213665));
#5082=CARTESIAN_POINT('Ctrl Pts',(5.23647375686184,-8.36422747102837,10.2360261264783));
#5083=CARTESIAN_POINT('Ctrl Pts',(5.17856094388431,-8.34362994143668,9.98103287538355));
#5084=CARTESIAN_POINT('Ctrl Pts',(4.9861660654204,-8.32303241184498,9.75659519755749));
#5085=CARTESIAN_POINT('Ctrl Pts',(4.7430223545584,-8.30243488225329,9.66036311265887));
#5086=CARTESIAN_POINT('Ctrl Pts',(4.49987864369641,-8.28183735266159,9.56413102776026));
#5087=CARTESIAN_POINT('Ctrl Pts',(4.20598610043632,-8.2612398230699,9.59610453578907));
#5088=CARTESIAN_POINT('Ctrl Pts',(3.9892576986091,-8.24064229347821,9.74242896124249));
#5089=CARTESIAN_POINT('Ctrl Pts',(3.77252929678189,-8.22004476388652,9.8887533866959));
#5090=CARTESIAN_POINT('Ctrl Pts',(3.63296503638754,-8.19944723429482,10.1494287295739));
#5091=CARTESIAN_POINT('Ctrl Pts',(3.6312996861864,-8.17884970470313,10.4108819629236));
#5092=CARTESIAN_POINT('Ctrl Pts',(3.62963433598525,-8.15825217511143,10.6723351962733));
#5093=CARTESIAN_POINT('Ctrl Pts',(3.76586789597731,-8.13765464551974,10.9345663200947));
#5094=CARTESIAN_POINT('Ctrl Pts',(3.98072178005323,-8.11705711592804,11.0836851038969));
#5095=CARTESIAN_POINT('Ctrl Pts',(4.19557566412916,-8.09645958633635,11.232803887699));
#5096=CARTESIAN_POINT('Ctrl Pts',(4.48904987228897,-8.07586205674466,11.2688103314819));
#5097=CARTESIAN_POINT('Ctrl Pts',(4.73339391873549,-8.05526452715297,11.1755491956945));
#5098=CARTESIAN_POINT('Ctrl Pts',(4.97773796518201,-8.03466699756128,11.082288059907));
#5099=CARTESIAN_POINT('Ctrl Pts',(5.17295184991526,-8.01406946796958,10.8597593445493));
#5100=CARTESIAN_POINT('Ctrl Pts',(5.23406113637559,-7.99347193837788,10.60591972942));
#5101=CARTESIAN_POINT('Ctrl Pts',(5.24892218241313,-7.98846286605431,10.544188977433));
#5102=CARTESIAN_POINT('Ctrl Pts',(5.2558522274773,-7.98345379373073,10.4806064859846));
#5103=CARTESIAN_POINT('Ctrl Pts',(5.25529874187173,-7.97844472140716,10.4169213682407));
#5104=CARTESIAN_POINT('Ctrl Pts',(4.7108880025557,-9.5316793496028,11.4180776028972));
#5105=CARTESIAN_POINT('Ctrl Pts',(4.75236292467317,-9.5316793496028,11.4021692140677));
#5106=CARTESIAN_POINT('Ctrl Pts',(4.7925705806068,-9.5316793496028,11.3834479004687));
#5107=CARTESIAN_POINT('Ctrl Pts',(4.83133894974357,-9.5316793496028,11.3621619761808));
#5108=CARTESIAN_POINT('Ctrl Pts',(4.87047670743067,-9.5316793496028,11.3406732376685));
#5109=CARTESIAN_POINT('Ctrl Pts',(4.90814843067549,-9.5316793496028,11.3165697574253));
#5110=CARTESIAN_POINT('Ctrl Pts',(4.94414189692301,-9.5316793496028,11.2900669235063));
#5111=CARTESIAN_POINT('Ctrl Pts',(4.96745115841934,-9.5316793496028,11.2729037672277));
#5112=CARTESIAN_POINT('Ctrl Pts',(4.99005584070462,-9.5316793496028,11.2547335924898));
#5113=CARTESIAN_POINT('Ctrl Pts',(5.01188812525879,-9.5316793496028,11.235609128885));
#5114=CARTESIAN_POINT('Ctrl Pts',(5.01995088809378,-9.5316793496028,11.228546376748));
#5115=CARTESIAN_POINT('Ctrl Pts',(5.02790821979572,-9.5316793496028,11.2213534406326));
#5116=CARTESIAN_POINT('Ctrl Pts',(5.03575638597504,-9.5316793496028,11.2140328808171));
#5117=CARTESIAN_POINT('Ctrl Pts',(5.04189628872702,-9.5316793496028,11.208305743505));
#5118=CARTESIAN_POINT('Ctrl Pts',(5.0479689191626,-9.5316793496028,11.2025007682087));
#5119=CARTESIAN_POINT('Ctrl Pts',(5.05396315289137,-9.5316793496028,11.1966287451227));
#5120=CARTESIAN_POINT('Ctrl Pts',(5.08497740258657,-9.5316793496028,11.1662468150138));
#5121=CARTESIAN_POINT('Ctrl Pts',(5.11396519437458,-9.5316793496028,11.1340090504757));
#5122=CARTESIAN_POINT('Ctrl Pts',(5.14073604051468,-9.5316793496028,11.1001225351535));
#5123=CARTESIAN_POINT('Ctrl Pts',(5.16683331242978,-9.5316793496028,11.0670886295388));
#5124=CARTESIAN_POINT('Ctrl Pts',(5.1908242042009,-9.5316793496028,11.0324868686541));
#5125=CARTESIAN_POINT('Ctrl Pts',(5.21248711064009,-9.5316793496028,10.9964912725946));
#5126=CARTESIAN_POINT('Ctrl Pts',(5.22508421430947,-9.5316793496028,10.9755596281509));
#5127=CARTESIAN_POINT('Ctrl Pts',(5.23689323418146,-9.5316793496028,10.9541564056677));
#5128=CARTESIAN_POINT('Ctrl Pts',(5.24786249011746,-9.5316793496028,10.9323149439456));
#5129=CARTESIAN_POINT('Ctrl Pts',(5.2522746741077,-9.5316793496028,10.9235296126254));
#5130=CARTESIAN_POINT('Ctrl Pts',(5.25655092048842,-9.5316793496028,10.9146733781459));
#5131=CARTESIAN_POINT('Ctrl Pts',(5.26068756784457,-9.5316793496028,10.9057484223406));
#5132=CARTESIAN_POINT('Ctrl Pts',(5.26418792532187,-9.5316793496028,10.8981962833503));
#5133=CARTESIAN_POINT('Ctrl Pts',(5.26758413638521,-9.5316793496028,10.8906039453542));
#5134=CARTESIAN_POINT('Ctrl Pts',(5.27087421441858,-9.5316793496028,10.8829740830842));
#5135=CARTESIAN_POINT('Ctrl Pts',(5.28694016349605,-9.5316793496028,10.8457163106378));
#5136=CARTESIAN_POINT('Ctrl Pts',(5.30048374692757,-9.5316793496028,10.8075549725713));
#5137=CARTESIAN_POINT('Ctrl Pts',(5.31130956429794,-9.5316793496028,10.7686541683446));
#5138=CARTESIAN_POINT('Ctrl Pts',(5.31518756020249,-9.5316793496028,10.7547192242833));
#5139=CARTESIAN_POINT('Ctrl Pts',(5.31871634053632,-9.5316793496028,10.7406893224439));
#5140=CARTESIAN_POINT('Ctrl Pts',(5.32188527606105,-9.5316793496028,10.7265718883201));
#5141=CARTESIAN_POINT('Ctrl Pts',(5.32965840481909,-9.5316793496028,10.6919430256242));
#5142=CARTESIAN_POINT('Ctrl Pts',(5.33526820294424,-9.5316793496028,10.6567868561516));
#5143=CARTESIAN_POINT('Ctrl Pts',(5.33874377962043,-9.5316793496028,10.6212978688329));
#5144=CARTESIAN_POINT('Ctrl Pts',(5.34067251225791,-9.5316793496028,10.6016036498616));
#5145=CARTESIAN_POINT('Ctrl Pts',(5.3419435140994,-9.5316793496028,10.5818070646459));
#5146=CARTESIAN_POINT('Ctrl Pts',(5.34255840172063,-9.5316793496028,10.5619429693534));
#5147=CARTESIAN_POINT('Ctrl Pts',(5.3428052037432,-9.5316793496028,10.5539699695312));
#5148=CARTESIAN_POINT('Ctrl Pts',(5.3429460532786,-9.5316793496028,10.5459912963766));
#5149=CARTESIAN_POINT('Ctrl Pts',(5.34298152690809,-9.5316793496028,10.5380165817603));
#5150=CARTESIAN_POINT('Ctrl Pts',(5.34316139717059,-9.5316793496028,10.4975805160947));
#5151=CARTESIAN_POINT('Ctrl Pts',(5.34063810272523,-9.5316793496028,10.4571863020476));
#5152=CARTESIAN_POINT('Ctrl Pts',(5.33548746863733,-9.5316793496028,10.4171181581979));
#5153=CARTESIAN_POINT('Ctrl Pts',(5.33038245671543,-9.5316793496028,10.3774049212353));
#5154=CARTESIAN_POINT('Ctrl Pts',(5.32269585449768,-9.5316793496028,10.3380108064167));
#5155=CARTESIAN_POINT('Ctrl Pts',(5.31245619046834,-9.5316793496028,10.2992348862964));
#5156=CARTESIAN_POINT('Ctrl Pts',(5.30744265101189,-9.5316793496028,10.2802494386365));
#5157=CARTESIAN_POINT('Ctrl Pts',(5.30181643648453,-9.5316793496028,10.2614126417979));
#5158=CARTESIAN_POINT('Ctrl Pts',(5.29557751944771,-9.5316793496028,10.2427628735192));
#5159=CARTESIAN_POINT('Ctrl Pts',(5.29268601870327,-9.5316793496028,10.2341194152806));
#5160=CARTESIAN_POINT('Ctrl Pts',(5.28966205239731,-9.5316793496028,10.225513931531));
#5161=CARTESIAN_POINT('Ctrl Pts',(5.28650816974875,-9.5316793496028,10.2169577015978));
#5162=CARTESIAN_POINT('Ctrl Pts',(5.27315518019063,-9.5316793496028,10.1807321150159));
#5163=CARTESIAN_POINT('Ctrl Pts',(5.25751373461447,-9.5316793496028,10.1454839926303));
#5164=CARTESIAN_POINT('Ctrl Pts',(5.23961464905072,-9.5316793496028,10.1114900885244));
#5165=CARTESIAN_POINT('Ctrl Pts',(5.22823508133705,-9.5316793496028,10.0898780384425));
#5166=CARTESIAN_POINT('Ctrl Pts',(5.21594219313298,-9.5316793496028,10.0687735266233));
#5167=CARTESIAN_POINT('Ctrl Pts',(5.20273672824803,-9.5316793496028,10.0482562330126));
#5168=CARTESIAN_POINT('Ctrl Pts',(5.19782341399799,-9.5316793496028,10.0406224304962));
#5169=CARTESIAN_POINT('Ctrl Pts',(5.19278320175317,-9.5316793496028,10.0330692506535));
#5170=CARTESIAN_POINT('Ctrl Pts',(5.18761755305908,-9.5316793496028,10.0256033855449));
#5171=CARTESIAN_POINT('Ctrl Pts',(5.16668117925754,-9.5316793496028,9.99534423477384));
#5172=CARTESIAN_POINT('Ctrl Pts',(5.14375782115698,-9.5316793496028,9.96661809199549));
#5173=CARTESIAN_POINT('Ctrl Pts',(5.11886163400663,-9.5316793496028,9.93969086361139));
#5174=CARTESIAN_POINT('Ctrl Pts',(5.1158011443307,-9.5316793496028,9.93638069792323));
#5175=CARTESIAN_POINT('Ctrl Pts',(5.11271080588066,-9.5316793496028,9.93309777125361));
#5176=CARTESIAN_POINT('Ctrl Pts',(5.10959061593317,-9.5316793496028,9.92984262507158));
#5177=CARTESIAN_POINT('Ctrl Pts',(5.08993927377557,-9.5316793496028,9.90934131185907));
#5178=CARTESIAN_POINT('Ctrl Pts',(5.0691040985458,-9.5316793496028,9.88994065628129));
#5179=CARTESIAN_POINT('Ctrl Pts',(5.04720050758236,-9.5316793496028,9.87169752528623));
#5180=CARTESIAN_POINT('Origin',(4.44396849796176,-9.5316793496028,10.4160182343629));
#5181=CARTESIAN_POINT('',(6.14396849796176,-9.5316793496028,10.4160182343629));
#5182=CARTESIAN_POINT('Origin',(4.44396849796176,-9.5316793496028,10.4160182343629));
#5183=CARTESIAN_POINT('Origin',(4.44396849796176,-9.5316793496028,10.4160182343629));
#5184=CARTESIAN_POINT('Origin',(4.44396849796176,-9.5316793496028,10.4160182343629));
#5185=CARTESIAN_POINT('',(6.14396849796176,-7.9316793496028,10.4160182343629));
#5186=CARTESIAN_POINT('Origin',(4.44396849796176,-7.9316793496028,10.4160182343629));
#5187=CARTESIAN_POINT('',(6.14396849796176,-9.5316793496028,10.4160182343629));
#5188=CARTESIAN_POINT('Origin',(-7.25603150203824,-7.9316793496028,22.4760182343629));
#5189=CARTESIAN_POINT('Origin',(-18.9560315020382,-9.5316793496028,10.4160182343629));
#5190=CARTESIAN_POINT('',(-18.1441127134072,-9.17844472140716,10.4154274791079));
#5191=CARTESIAN_POINT('',(-18.1433435204399,-9.28491397779844,10.416019361896));
#5192=CARTESIAN_POINT('',(-18.1445315020382,-9.5316793496028,10.4160182343629));
#5193=CARTESIAN_POINT('',(-19.558250906215,-9.5316793496028,9.87208437879492));
#5194=CARTESIAN_POINT('Ctrl Pts',(-18.1433435204399,-9.28491397779844,10.416019361896));
#5195=CARTESIAN_POINT('Ctrl Pts',(-18.1434805721043,-9.30537651295814,10.675768183799));
#5196=CARTESIAN_POINT('Ctrl Pts',(-18.2793278285563,-9.32583904811785,10.9355557931811));
#5197=CARTESIAN_POINT('Ctrl Pts',(-18.4927784770771,-9.34630158327756,11.0836951950893));
#5198=CARTESIAN_POINT('Ctrl Pts',(-18.7076372917332,-9.36689911286925,11.2328118949843));
#5199=CARTESIAN_POINT('Ctrl Pts',(-19.0011267985178,-9.38749664246095,11.2688024080654));
#5200=CARTESIAN_POINT('Ctrl Pts',(-19.2454641292384,-9.40809417205264,11.1755478268778));
#5201=CARTESIAN_POINT('Ctrl Pts',(-19.4898014599591,-9.42869170164433,11.0822932456903));
#5202=CARTESIAN_POINT('Ctrl Pts',(-19.6849866146158,-9.44928923123602,10.859793570234));
#5203=CARTESIAN_POINT('Ctrl Pts',(-19.746095778401,-9.46988676082772,10.6059526586589));
#5204=CARTESIAN_POINT('Ctrl Pts',(-19.8072049421862,-9.49048429041941,10.3521117470839));
#5205=CARTESIAN_POINT('Ctrl Pts',(-19.7342381150998,-9.51108182001111,10.0669295993901));
#5206=CARTESIAN_POINT('Ctrl Pts',(-19.558250906215,-9.5316793496028,9.87208437879492));
#5207=CARTESIAN_POINT('',(-18.3527938733107,-9.5316793496028,9.87170440720486));
#5208=CARTESIAN_POINT('Origin',(-18.9560315020382,-9.5316793496028,10.4160182343629));
#5209=CARTESIAN_POINT('Ctrl Pts',(-18.3527938733107,-9.5316793496028,9.87170440720486));
#5210=CARTESIAN_POINT('Ctrl Pts',(-18.5105882007724,-9.5132842560618,9.69918492114659));
#5211=CARTESIAN_POINT('Ctrl Pts',(-18.7475100599166,-9.49488916252081,9.59655592925288));
#5212=CARTESIAN_POINT('Ctrl Pts',(-18.9809680826717,-9.47649406897982,9.60375374881263));
#5213=CARTESIAN_POINT('Ctrl Pts',(-19.2423779266283,-9.45589653938813,9.61181335998272));
#5214=CARTESIAN_POINT('Ctrl Pts',(-19.4994448324783,-9.43529900979643,9.75757319455493));
#5215=CARTESIAN_POINT('Ctrl Pts',(-19.64042941069,-9.41470148020474,9.97776822407142));
#5216=CARTESIAN_POINT('Ctrl Pts',(-19.7814139889017,-9.39410395061304,10.1979632535879));
#5217=CARTESIAN_POINT('Ctrl Pts',(-19.8063162394751,-9.37350642102135,10.4925934780487));
#5218=CARTESIAN_POINT('Ctrl Pts',(-19.7042271817864,-9.35290889142965,10.7333425177323));
#5219=CARTESIAN_POINT('Ctrl Pts',(-19.6021381240978,-9.33231136183796,10.9740915574159));
#5220=CARTESIAN_POINT('Ctrl Pts',(-19.373057758147,-9.31171383224627,11.1609594123223));
#5221=CARTESIAN_POINT('Ctrl Pts',(-19.1167228755312,-9.29111630265458,11.2126592950847));
#5222=CARTESIAN_POINT('Ctrl Pts',(-18.8603879929154,-9.27051877306289,11.264359177847));
#5223=CARTESIAN_POINT('Ctrl Pts',(-18.5767985936345,-9.24992124347119,11.1808910884653));
#5224=CARTESIAN_POINT('Ctrl Pts',(-18.3893622938522,-9.2293237138795,10.9985611311135));
#5225=CARTESIAN_POINT('Ctrl Pts',(-18.2350303541371,-9.21236404972205,10.8484336690428));
#5226=CARTESIAN_POINT('Ctrl Pts',(-18.1458863928575,-9.1954043855646,10.631281791213));
#5227=CARTESIAN_POINT('Ctrl Pts',(-18.1441127134072,-9.17844472140716,10.4154274791079));
#5228=CARTESIAN_POINT('Origin',(-18.9560315020382,-9.5316793496028,10.4160182343629));
#5229=CARTESIAN_POINT('',(-18.1449612694438,-8.77844472140716,10.4166235889515));
#5230=CARTESIAN_POINT('',(-18.1456735754263,-8.88491397779844,10.4161459972398));
#5231=CARTESIAN_POINT('',(-18.1445315020382,-9.5316793496028,10.4160182343629));
#5232=CARTESIAN_POINT('Ctrl Pts',(-18.1456735754263,-8.88491397779844,10.4161459972398));
#5233=CARTESIAN_POINT('Ctrl Pts',(-18.1454917677575,-8.89452713914962,10.5391003337896));
#5234=CARTESIAN_POINT('Ctrl Pts',(-18.1718969888285,-8.90414030050081,10.6619804989544));
#5235=CARTESIAN_POINT('Ctrl Pts',(-18.2253117403893,-8.91375346185199,10.7717128539386));
#5236=CARTESIAN_POINT('Ctrl Pts',(-18.3397602434067,-8.93435099144368,11.0068296221259));
#5237=CARTESIAN_POINT('Ctrl Pts',(-18.578206792659,-8.95494852103538,11.1815861121041));
#5238=CARTESIAN_POINT('Ctrl Pts',(-18.8368738897088,-8.97554605062707,11.2199273022535));
#5239=CARTESIAN_POINT('Ctrl Pts',(-19.0955409867586,-8.99614358021877,11.2582684924029));
#5240=CARTESIAN_POINT('Ctrl Pts',(-19.374428631606,-9.01674110981046,11.1601943827233));
#5241=CARTESIAN_POINT('Ctrl Pts',(-19.5521571684794,-9.03733863940215,10.9683825020186));
#5242=CARTESIAN_POINT('Ctrl Pts',(-19.7298857053529,-9.05793616899385,10.7765706213139));
#5243=CARTESIAN_POINT('Ctrl Pts',(-19.8064551342524,-9.07853369858554,10.4910209695841));
#5244=CARTESIAN_POINT('Ctrl Pts',(-19.7485421066106,-9.09913122817723,10.2360254991728));
#5245=CARTESIAN_POINT('Ctrl Pts',(-19.6906290789688,-9.11972875776893,9.9810300287614));
#5246=CARTESIAN_POINT('Ctrl Pts',(-19.4982335947857,-9.14032628736062,9.7565887396685));
#5247=CARTESIAN_POINT('Ctrl Pts',(-19.2550878024989,-9.16092381695231,9.66035673437335));
#5248=CARTESIAN_POINT('Ctrl Pts',(-19.011942010212,-9.18152134654401,9.5641247290782));
#5249=CARTESIAN_POINT('Ctrl Pts',(-18.7180459098215,-9.2021188761357,9.59610200758081));
#5250=CARTESIAN_POINT('Ctrl Pts',(-18.501316794282,-9.2227164057274,9.74242621944766));
#5251=CARTESIAN_POINT('Ctrl Pts',(-18.2845876787425,-9.24331393531909,9.88875043131451));
#5252=CARTESIAN_POINT('Ctrl Pts',(-18.145025548054,-9.26391146491078,10.1494215765456));
#5253=CARTESIAN_POINT('Ctrl Pts',(-18.1433585439736,-9.28450899450248,10.4108785925156));
#5254=CARTESIAN_POINT('Ctrl Pts',(-18.1433476185727,-9.28464398893446,10.4125921592422));
#5255=CARTESIAN_POINT('Ctrl Pts',(-18.1433426162894,-9.28477898336645,10.414305759725));
#5256=CARTESIAN_POINT('Ctrl Pts',(-18.1433435204399,-9.28491397779844,10.416019361896));
#5257=CARTESIAN_POINT('Ctrl Pts',(-18.1441127134072,-9.17844472140716,10.4154274791079));
#5258=CARTESIAN_POINT('Ctrl Pts',(-18.1437322573378,-9.17480685597291,10.3691265067803));
#5259=CARTESIAN_POINT('Ctrl Pts',(-18.1473717683933,-9.17116899053866,10.3228852363495));
#5260=CARTESIAN_POINT('Ctrl Pts',(-18.1552501712861,-9.16753112510441,10.277377960737));
#5261=CARTESIAN_POINT('Ctrl Pts',(-18.1998575487864,-9.14693359551272,10.0197165730341));
#5262=CARTESIAN_POINT('Ctrl Pts',(-18.380355504071,-9.12633606592103,9.78558562295013));
#5263=CARTESIAN_POINT('Ctrl Pts',(-18.618182462306,-9.10573853632933,9.67687947182393));
#5264=CARTESIAN_POINT('Ctrl Pts',(-18.8560094205411,-9.08514100673764,9.56817332069774));
#5265=CARTESIAN_POINT('Ctrl Pts',(-19.1511653817266,-9.06454347714595,9.58489196852934));
#5266=CARTESIAN_POINT('Ctrl Pts',(-19.3751932698052,-9.04394594755425,9.71976166414517));
#5267=CARTESIAN_POINT('Ctrl Pts',(-19.5992211578837,-9.02334841796256,9.854631359761));
#5268=CARTESIAN_POINT('Ctrl Pts',(-19.7521209728555,-9.00275088837087,10.1076521031611));
#5269=CARTESIAN_POINT('Ctrl Pts',(-19.7673458151373,-8.98215335877917,10.3687016517893));
#5270=CARTESIAN_POINT('Ctrl Pts',(-19.7825706574192,-8.96155582918748,10.6297512004175));
#5271=CARTESIAN_POINT('Ctrl Pts',(-19.6601205270112,-8.94095829959578,10.8988295542738));
#5272=CARTESIAN_POINT('Ctrl Pts',(-19.4532893195185,-8.92036077000409,11.0588277194029));
#5273=CARTESIAN_POINT('Ctrl Pts',(-19.2464581120259,-8.8997632404124,11.2188258845321));
#5274=CARTESIAN_POINT('Ctrl Pts',(-18.9552458274485,-8.8791657108207,11.2697438609341));
#5275=CARTESIAN_POINT('Ctrl Pts',(-18.7063950514274,-8.85856818122901,11.1894206007701));
#5276=CARTESIAN_POINT('Ctrl Pts',(-18.4575442754063,-8.83797065163732,11.109097340606));
#5277=CARTESIAN_POINT('Ctrl Pts',(-18.2510550079416,-8.81737312204563,10.8975328438758));
#5278=CARTESIAN_POINT('Ctrl Pts',(-18.176796680478,-8.79677559245393,10.6468053213118));
#5279=CARTESIAN_POINT('Ctrl Pts',(-18.1547678279592,-8.79066530210501,10.5724265976638));
#5280=CARTESIAN_POINT('Ctrl Pts',(-18.1443755862495,-8.78455501175608,10.4946014424187));
#5281=CARTESIAN_POINT('Ctrl Pts',(-18.1449612694438,-8.77844472140716,10.4166235889515));
#5282=CARTESIAN_POINT('Origin',(-18.9560315020382,-9.5316793496028,10.4160182343629));
#5283=CARTESIAN_POINT('',(-18.1444984973508,-8.37844472140716,10.4153721883095));
#5284=CARTESIAN_POINT('',(-18.143452009416,-8.48491397779844,10.4157657269836));
#5285=CARTESIAN_POINT('',(-18.1445315020382,-9.5316793496028,10.4160182343629));
#5286=CARTESIAN_POINT('Ctrl Pts',(-18.143452009416,-8.48491397779844,10.4157657269836));
#5287=CARTESIAN_POINT('Ctrl Pts',(-18.1444944560592,-8.5042752949328,10.6616571505993));
#5288=CARTESIAN_POINT('Ctrl Pts',(-18.2643558479784,-8.52363661206715,10.9084323336773));
#5289=CARTESIAN_POINT('Ctrl Pts',(-18.4587735956697,-8.54299792920151,11.0588278344834));
#5290=CARTESIAN_POINT('Ctrl Pts',(-18.6656048398166,-8.5635954587932,11.2188260286566));
#5291=CARTESIAN_POINT('Ctrl Pts',(-18.9568171767856,-8.5841929883849,11.2697440132122));
#5292=CARTESIAN_POINT('Ctrl Pts',(-19.2056679972797,-8.60479051797659,11.1894207383934));
#5293=CARTESIAN_POINT('Ctrl Pts',(-19.4545188177738,-8.62538804756828,11.1090974635746));
#5294=CARTESIAN_POINT('Ctrl Pts',(-19.6610081217931,-8.64598557715997,10.8975329293815));
#5295=CARTESIAN_POINT('Ctrl Pts',(-19.7352664624052,-8.66658310675167,10.6468053624225));
#5296=CARTESIAN_POINT('Ctrl Pts',(-19.8095248030174,-8.68718063634336,10.3960777954634));
#5297=CARTESIAN_POINT('Ctrl Pts',(-19.7515521802225,-8.70777816593506,10.1061871957383));
#5298=CARTESIAN_POINT('Ctrl Pts',(-19.5865798174183,-8.72837569552675,9.90330131932255));
#5299=CARTESIAN_POINT('Ctrl Pts',(-19.421607454614,-8.74897322511845,9.7004154429068));
#5300=CARTESIAN_POINT('Ctrl Pts',(-19.1496353518003,-8.76957075471014,9.58453428980036));
#5301=CARTESIAN_POINT('Ctrl Pts',(-18.8890324795303,-8.79016828430183,9.60609185595793));
#5302=CARTESIAN_POINT('Ctrl Pts',(-18.6284296072602,-8.81076581389352,9.62764942211551));
#5303=CARTESIAN_POINT('Ctrl Pts',(-18.3791959655338,-8.83136334348522,9.78664570753711));
#5304=CARTESIAN_POINT('Ctrl Pts',(-18.2498043730617,-8.85196087307691,10.0138823734461));
#5305=CARTESIAN_POINT('Ctrl Pts',(-18.1808016855009,-8.86294524131742,10.1350644406924));
#5306=CARTESIAN_POINT('Ctrl Pts',(-18.1458813158678,-8.87392960955793,10.2756536388894));
#5307=CARTESIAN_POINT('Ctrl Pts',(-18.1456735754263,-8.88491397779844,10.4161459972398));
#5308=CARTESIAN_POINT('Ctrl Pts',(-18.1449612694438,-8.77844472140716,10.4166235889515));
#5309=CARTESIAN_POINT('Ctrl Pts',(-18.1463498994551,-8.76395748216439,10.231741405895));
#5310=CARTESIAN_POINT('Ctrl Pts',(-18.2094502741541,-8.74947024292162,10.0460008389656));
#5311=CARTESIAN_POINT('Ctrl Pts',(-18.3254832990366,-8.73498300367885,9.90330141044424));
#5312=CARTESIAN_POINT('Ctrl Pts',(-18.4904556325214,-8.71438547408716,9.70041557053847));
#5313=CARTESIAN_POINT('Ctrl Pts',(-18.7624276869533,-8.69378794449547,9.58453443912472));
#5314=CARTESIAN_POINT('Ctrl Pts',(-19.0230305126644,-8.67319041490377,9.60609200088367));
#5315=CARTESIAN_POINT('Ctrl Pts',(-19.2836333383754,-8.65259288531208,9.62764956264262));
#5316=CARTESIAN_POINT('Ctrl Pts',(-19.5328669353656,-8.63199535572038,9.78664581757427));
#5317=CARTESIAN_POINT('Ctrl Pts',(-19.662258504993,-8.61139782612869,10.0138824439593));
#5318=CARTESIAN_POINT('Ctrl Pts',(-19.7916500746203,-8.59080029653699,10.2411190703444));
#5319=CARTESIAN_POINT('Ctrl Pts',(-19.8011996168848,-8.5702027669453,10.5365960681829));
#5320=CARTESIAN_POINT('Ctrl Pts',(-19.6867511338274,-8.54960523735361,10.7717127927227));
#5321=CARTESIAN_POINT('Ctrl Pts',(-19.57230265077,-8.52900770776192,11.0068295172625));
#5322=CARTESIAN_POINT('Ctrl Pts',(-19.3338561423908,-8.50841017817022,11.1815859685036));
#5323=CARTESIAN_POINT('Ctrl Pts',(-19.0751890923486,-8.48781264857853,11.2199271549547));
#5324=CARTESIAN_POINT('Ctrl Pts',(-18.8165220423064,-8.46721511898683,11.2582683414057));
#5325=CARTESIAN_POINT('Ctrl Pts',(-18.5376344506013,-8.44661758939514,11.1601942630666));
#5326=CARTESIAN_POINT('Ctrl Pts',(-18.3599059434961,-8.42602005980345,10.9683824109756));
#5327=CARTESIAN_POINT('Ctrl Pts',(-18.2230692445358,-8.41016161367135,10.8207026656769));
#5328=CARTESIAN_POINT('Ctrl Pts',(-18.1461972755587,-8.39430316753926,10.617457369202));
#5329=CARTESIAN_POINT('Ctrl Pts',(-18.1444984973508,-8.37844472140716,10.4153721883095));
#5330=CARTESIAN_POINT('Origin',(-18.9560315020382,-9.5316793496028,10.4160182343629));
#5331=CARTESIAN_POINT('',(-18.144724871245,-7.97844472140716,10.4169481929498));
#5332=CARTESIAN_POINT('',(-18.1455619308173,-8.08491397779844,10.4163242862832));
#5333=CARTESIAN_POINT('',(-18.1445315020382,-9.5316793496028,10.4160182343629));
#5334=CARTESIAN_POINT('',(-18.3538120978615,-7.9316793496028,9.87208437879491));
#5335=CARTESIAN_POINT('Ctrl Pts',(-18.144724871245,-7.97844472140716,10.4169481929498));
#5336=CARTESIAN_POINT('Ctrl Pts',(-18.1464396534043,-7.96285626413904,10.2187481123523));
#5337=CARTESIAN_POINT('Ctrl Pts',(-18.2206228688706,-7.94726780687092,10.0195455770723));
#5338=CARTESIAN_POINT('Ctrl Pts',(-18.3538120978615,-7.9316793496028,9.87208437879491));
#5339=CARTESIAN_POINT('',(-19.5592692678706,-7.9316793496028,9.87170453514945));
#5340=CARTESIAN_POINT('Origin',(-18.9560315020382,-7.9316793496028,10.4160182343629));
#5341=CARTESIAN_POINT('Ctrl Pts',(-19.5592692678706,-7.9316793496028,9.87170453514945));
#5342=CARTESIAN_POINT('Ctrl Pts',(-19.4014749585405,-7.95007444314379,9.69918512528122));
#5343=CARTESIAN_POINT('Ctrl Pts',(-19.1645530152355,-7.96846953668479,9.59655573419048));
#5344=CARTESIAN_POINT('Ctrl Pts',(-18.9310949272565,-7.98686463022578,9.60375346456263));
#5345=CARTESIAN_POINT('Ctrl Pts',(-18.6696850102668,-8.00746215981748,9.61181297586671));
#5346=CARTESIAN_POINT('Ctrl Pts',(-18.4126180551269,-8.02805968940917,9.75757309926098));
#5347=CARTESIAN_POINT('Ctrl Pts',(-18.2716334582852,-8.04865721900086,9.97776822535574));
#5348=CARTESIAN_POINT('Ctrl Pts',(-18.1889108434345,-8.06074280526672,10.1069675635528));
#5349=CARTESIAN_POINT('Ctrl Pts',(-18.1461524537251,-8.07282839153258,10.2617929938616));
#5350=CARTESIAN_POINT('Ctrl Pts',(-18.1455619308173,-8.08491397779844,10.4163242862832));
#5351=CARTESIAN_POINT('Origin',(-18.9560315020382,-10.4151064635007,10.4160182343629));
#5352=CARTESIAN_POINT('',(-17.9189893259927,-8.2482522357049,10.4151926647297));
#5353=CARTESIAN_POINT('',(-17.920348266849,-8.2151064635007,10.4164093321341));
#5354=CARTESIAN_POINT('',(-17.9190315020382,-10.4151064635007,10.4160182343629));
#5355=CARTESIAN_POINT('',(-19.2229510066321,-7.9316793496028,11.4180776028972));
#5356=CARTESIAN_POINT('Ctrl Pts',(-17.920348266849,-8.2151064635007,10.4164093321341));
#5357=CARTESIAN_POINT('Ctrl Pts',(-17.9211028845389,-8.20302087723484,10.2189368118123));
#5358=CARTESIAN_POINT('Ctrl Pts',(-18.0688664303942,-8.17033776137729,9.68389433882663));
#5359=CARTESIAN_POINT('Ctrl Pts',(-18.9186157540568,-8.11705711592804,9.20207602731372));
#5360=CARTESIAN_POINT('Ctrl Pts',(-19.9374169938221,-8.05526452715296,9.69907351905192));
#5361=CARTESIAN_POINT('Ctrl Pts',(-20.1004874246312,-7.99347193837788,10.8219704484002));
#5362=CARTESIAN_POINT('Ctrl Pts',(-19.547162543752,-7.95227687919449,11.3317170681933));
#5363=CARTESIAN_POINT('Ctrl Pts',(-19.2229510066321,-7.9316793496028,11.4180776028972));
#5364=CARTESIAN_POINT('',(-18.6882851127493,-7.9316793496028,11.4191934299431));
#5365=CARTESIAN_POINT('Origin',(-18.9560315020382,-7.9316793496028,10.4160182343629));
#5366=CARTESIAN_POINT('Ctrl Pts',(-17.9189893259927,-8.2482522357049,10.4151926647297));
#5367=CARTESIAN_POINT('Ctrl Pts',(-17.9183406009861,-8.2435131522453,10.3380209010993));
#5368=CARTESIAN_POINT('Ctrl Pts',(-17.9607366260912,-8.21817653919401,9.92614447246607));
#5369=CARTESIAN_POINT('Ctrl Pts',(-18.5090205885075,-8.17224239655103,9.28653733354967));
#5370=CARTESIAN_POINT('Ctrl Pts',(-19.6357125244272,-8.11044980777594,9.40912643223007));
#5371=CARTESIAN_POINT('Ctrl Pts',(-20.1707438482188,-8.04865721900086,10.4084464603363));
#5372=CARTESIAN_POINT('Ctrl Pts',(-19.6671078828117,-7.98906706627648,11.3779577406756));
#5373=CARTESIAN_POINT('Ctrl Pts',(-18.977461488309,-7.95007444314379,11.4942862486078));
#5374=CARTESIAN_POINT('Ctrl Pts',(-18.6882851127493,-7.9316793496028,11.4191934299431));
#5375=CARTESIAN_POINT('Origin',(-18.9560315020382,-10.4151064635007,10.4160182343629));
#5376=CARTESIAN_POINT('',(-17.9195806934117,-8.6482522357049,10.416791805168));
#5377=CARTESIAN_POINT('',(-17.9176520395007,-8.6151064635007,10.4156955601148));
#5378=CARTESIAN_POINT('',(-17.9190315020382,-10.4151064635007,10.4160182343629));
#5379=CARTESIAN_POINT('Ctrl Pts',(-17.9176520395007,-8.6151064635007,10.4156955601148));
#5380=CARTESIAN_POINT('Ctrl Pts',(-17.9175669840237,-8.61387025104336,10.3956327468675));
#5381=CARTESIAN_POINT('Ctrl Pts',(-17.9269974505541,-8.59203650899433,10.0413685887812));
#5382=CARTESIAN_POINT('Ctrl Pts',(-18.3294995750178,-8.54960523735361,9.3753024703136));
#5383=CARTESIAN_POINT('Ctrl Pts',(-19.4610219009856,-8.48781264857853,9.31120913053244));
#5384=CARTESIAN_POINT('Ctrl Pts',(-20.1529864412871,-8.42602005980344,10.208783446636));
#5385=CARTESIAN_POINT('Ctrl Pts',(-19.8030393516313,-8.36422747102837,11.2867721674663));
#5386=CARTESIAN_POINT('Ctrl Pts',(-18.7158590509488,-8.30243488225328,11.6067591227658));
#5387=CARTESIAN_POINT('Ctrl Pts',(-18.009410420692,-8.25272787974406,11.0304870927515));
#5388=CARTESIAN_POINT('Ctrl Pts',(-17.9198167855565,-8.22361840682654,10.5554902889378));
#5389=CARTESIAN_POINT('Ctrl Pts',(-17.920348266849,-8.2151064635007,10.4164093321341));
#5390=CARTESIAN_POINT('Ctrl Pts',(-17.9195806934117,-8.6482522357049,10.416791805168));
#5391=CARTESIAN_POINT('Ctrl Pts',(-17.9213551965808,-8.63376499646213,10.1805344745093));
#5392=CARTESIAN_POINT('Ctrl Pts',(-18.1166340235611,-8.59868022762766,9.60571696818487));
#5393=CARTESIAN_POINT('Ctrl Pts',(-19.0561767444324,-8.54299792920151,9.20539909827166));
#5394=CARTESIAN_POINT('Ctrl Pts',(-20.0116489813227,-8.48120534042642,9.8149337243867));
#5395=CARTESIAN_POINT('Ctrl Pts',(-20.0482585019447,-8.41941275165135,10.9476865774681));
#5396=CARTESIAN_POINT('Ctrl Pts',(-19.1341400945907,-8.35762016287626,11.617640144703));
#5397=CARTESIAN_POINT('Ctrl Pts',(-18.1469822046224,-8.30056665756078,11.2704945451378));
#5398=CARTESIAN_POINT('Ctrl Pts',(-17.9211601614845,-8.26411068183699,10.6734333703188));
#5399=CARTESIAN_POINT('Ctrl Pts',(-17.9189893259927,-8.2482522357049,10.4151926647297));
#5400=CARTESIAN_POINT('Origin',(-18.9560315020382,-10.4151064635007,10.4160182343629));
#5401=CARTESIAN_POINT('',(-17.9184963402263,-9.0482522357049,10.415263319761));
#5402=CARTESIAN_POINT('',(-17.9204909353142,-9.0151064635007,10.4161815000478));
#5403=CARTESIAN_POINT('',(-17.9190315020382,-10.4151064635007,10.4160182343629));
#5404=CARTESIAN_POINT('Ctrl Pts',(-17.9204909353142,-9.0151064635007,10.4161815000478));
#5405=CARTESIAN_POINT('Ctrl Pts',(-17.9207564027668,-9.00412209526019,10.2366490593709));
#5406=CARTESIAN_POINT('Ctrl Pts',(-18.0490580418959,-8.97254019742799,9.72010743160433));
#5407=CARTESIAN_POINT('Ctrl Pts',(-18.8558862421313,-8.92036077000409,9.2053988797323));
#5408=CARTESIAN_POINT('Ctrl Pts',(-19.8985297564298,-8.85856818122901,9.64964566631779));
#5409=CARTESIAN_POINT('Ctrl Pts',(-20.1207760035216,-8.79677559245393,10.7609822722879));
#5410=CARTESIAN_POINT('Ctrl Pts',(-19.3291700579838,-8.73498300367885,11.5720448303589));
#5411=CARTESIAN_POINT('Ctrl Pts',(-18.2351009752621,-8.6744266273611,11.3807487017796));
#5412=CARTESIAN_POINT('Ctrl Pts',(-17.9189841617052,-8.63446778063506,10.7299154076681));
#5413=CARTESIAN_POINT('Ctrl Pts',(-17.9176520395007,-8.6151064635007,10.4156955601148));
#5414=CARTESIAN_POINT('Ctrl Pts',(-17.9184963402263,-9.0482522357049,10.415263319761));
#5415=CARTESIAN_POINT('Ctrl Pts',(-17.9180101628462,-9.04461437027065,10.3560962115617));
#5416=CARTESIAN_POINT('Ctrl Pts',(-17.9489941103209,-9.02037897524471,9.9624342409372));
#5417=CARTESIAN_POINT('Ctrl Pts',(-18.4510411998054,-8.97554605062708,9.31120934554942));
#5418=CARTESIAN_POINT('Ctrl Pts',(-19.5825633134814,-8.91375346185199,9.37530264610899));
#5419=CARTESIAN_POINT('Ctrl Pts',(-20.1687263749441,-8.85196087307692,10.3452934442823));
#5420=CARTESIAN_POINT('Ctrl Pts',(-19.6992964849882,-8.79016828430182,11.3768433627629));
#5421=CARTESIAN_POINT('Ctrl Pts',(-18.5828930132442,-8.72837569552676,11.5720446253466));
#5422=CARTESIAN_POINT('Ctrl Pts',(-17.9768787636617,-8.68107034599444,10.9511353582529));
#5423=CARTESIAN_POINT('Ctrl Pts',(-17.9188322602971,-8.65436252605382,10.5164381810713));
#5424=CARTESIAN_POINT('Ctrl Pts',(-17.9195806934117,-8.6482522357049,10.416791805168));
#5425=CARTESIAN_POINT('Origin',(-18.9560315020382,-10.4151064635007,10.4160182343629));
#5426=CARTESIAN_POINT('',(-17.9202187974203,-9.4482522357049,10.4169152520854));
#5427=CARTESIAN_POINT('',(-17.9175134035571,-9.41510646350071,10.4160196752154));
#5428=CARTESIAN_POINT('',(-17.9190315020382,-10.4151064635007,10.4160182343629));
#5429=CARTESIAN_POINT('',(-18.6891119974443,-9.5316793496028,11.4180776028972));
#5430=CARTESIAN_POINT('Ctrl Pts',(-18.6891119974443,-9.5316793496028,11.4180776028972));
#5431=CARTESIAN_POINT('Ctrl Pts',(-18.3649004603245,-9.51108182001111,11.3317170681933));
#5432=CARTESIAN_POINT('Ctrl Pts',(-17.9913740192251,-9.48327278204514,10.9876104832406));
#5433=CARTESIAN_POINT('Ctrl Pts',(-17.9195407690015,-9.45546374407918,10.5346564109806));
#5434=CARTESIAN_POINT('Ctrl Pts',(-17.9202187974203,-9.4482522357049,10.4169152520854));
#5435=CARTESIAN_POINT('',(-19.2229510066321,-9.5316793496028,11.4180776028972));
#5436=CARTESIAN_POINT('Origin',(-18.9560315020382,-9.5316793496028,10.4160182343629));
#5437=CARTESIAN_POINT('Ctrl Pts',(-19.2237781273093,-9.5316793496028,11.4191933882267));
#5438=CARTESIAN_POINT('Ctrl Pts',(-18.9346018242034,-9.51328425606181,11.4942861378507));
#5439=CARTESIAN_POINT('Ctrl Pts',(-18.2473422430072,-9.4744266273611,11.3783611451592));
#5440=CARTESIAN_POINT('Ctrl Pts',(-17.9176885392022,-9.43556899866041,10.7479476213811));
#5441=CARTESIAN_POINT('Ctrl Pts',(-17.9175134035571,-9.41510646350071,10.4160196752154));
#5442=CARTESIAN_POINT('Origin',(-18.9560315020382,-10.4151064635007,10.4160182343629));
#5443=CARTESIAN_POINT('Ctrl Pts',(-17.9175134035571,-9.41510646350071,10.4160196752154));
#5444=CARTESIAN_POINT('Ctrl Pts',(-17.9175122481608,-9.41497146906872,10.4138298964708));
#5445=CARTESIAN_POINT('Ctrl Pts',(-17.9184939844311,-9.39423894504504,10.0775227241231));
#5446=CARTESIAN_POINT('Ctrl Pts',(-18.2763502756257,-9.35290889142965,9.40912644216841));
#5447=CARTESIAN_POINT('Ctrl Pts',(-19.4030425347939,-9.29111630265458,9.28653702328781));
#5448=CARTESIAN_POINT('Ctrl Pts',(-20.140617829056,-9.22932371387949,10.1469644421024));
#5449=CARTESIAN_POINT('Ctrl Pts',(-19.8470780960844,-9.16753112510442,11.2416594101017));
#5450=CARTESIAN_POINT('Ctrl Pts',(-18.7779228735088,-9.10573853632933,11.6176403777087));
#5451=CARTESIAN_POINT('Ctrl Pts',(-18.0262997659887,-9.05493031579477,11.0667789101445));
#5452=CARTESIAN_POINT('Ctrl Pts',(-17.9202586068452,-9.02471962485189,10.5733024452138));
#5453=CARTESIAN_POINT('Ctrl Pts',(-17.9204909353142,-9.0151064635007,10.4161815000478));
#5454=CARTESIAN_POINT('Ctrl Pts',(-17.9202187974203,-9.4482522357049,10.4169152520854));
#5455=CARTESIAN_POINT('Ctrl Pts',(-17.9214773555926,-9.43486621448748,10.1983637966428));
#5456=CARTESIAN_POINT('Ctrl Pts',(-18.0935455847024,-9.40088266367836,9.64107059775856));
#5457=CARTESIAN_POINT('Ctrl Pts',(-18.9934472271565,-9.34630158327756,9.20207688724813));
#5458=CARTESIAN_POINT('Ctrl Pts',(-19.9789495612284,-9.28450899450248,9.76086782422183));
#5459=CARTESIAN_POINT('Ctrl Pts',(-20.0744158600994,-9.22271640572739,10.8903744518219));
#5460=CARTESIAN_POINT('Ctrl Pts',(-19.1962038841625,-9.16092381695232,11.6067587976185));
#5461=CARTESIAN_POINT('Ctrl Pts',(-18.1730284995172,-9.10276909361148,11.3056103954732));
#5462=CARTESIAN_POINT('Ctrl Pts',(-17.9207628905528,-9.06521189986234,10.6910993291916));
#5463=CARTESIAN_POINT('Ctrl Pts',(-17.9184963402263,-9.0482522357049,10.415263319761));
#5464=CARTESIAN_POINT('Ctrl Pts',(-19.558250906215,-9.5316793496028,9.87208437879492));
#5465=CARTESIAN_POINT('Ctrl Pts',(-19.7342381150998,-9.51108182001111,10.0669295993901));
#5466=CARTESIAN_POINT('Ctrl Pts',(-19.8801717692726,-9.46988676082772,10.6372938947777));
#5467=CARTESIAN_POINT('Ctrl Pts',(-19.2946163053023,-9.40809417205264,11.3047929211465));
#5468=CARTESIAN_POINT('Ctrl Pts',(-18.4141477849487,-9.34630158327756,11.1968213819032));
#5469=CARTESIAN_POINT('Ctrl Pts',(-18.0054634173656,-9.28450899450248,10.4100927217767));
#5470=CARTESIAN_POINT('Ctrl Pts',(-18.4241498094309,-9.2227164057274,9.62807928608341));
#5471=CARTESIAN_POINT('Ctrl Pts',(-19.3058381106026,-9.16092381695231,9.53214745057559));
#5472=CARTESIAN_POINT('Ctrl Pts',(-19.883024563152,-9.09913122817724,10.2054713178543));
#5473=CARTESIAN_POINT('Ctrl Pts',(-19.6533162764534,-9.03733863940215,11.0621202730437));
#5474=CARTESIAN_POINT('Ctrl Pts',(-18.8166533419113,-8.97554605062708,11.3563426020824));
#5475=CARTESIAN_POINT('Ctrl Pts',(-18.1013136941543,-8.91375346185199,10.8320731321476));
#5476=CARTESIAN_POINT('Ctrl Pts',(-18.1299623238073,-8.85196087307691,9.94564199295871));
#5477=CARTESIAN_POINT('Ctrl Pts',(-18.8776632489867,-8.79016828430183,9.46865313669391));
#5478=CARTESIAN_POINT('Ctrl Pts',(-19.6935795574276,-8.72837569552675,9.81629659601323));
#5479=CARTESIAN_POINT('Ctrl Pts',(-19.8674974258123,-8.66658310675167,10.6859683951884));
#5480=CARTESIAN_POINT('Ctrl Pts',(-19.2480295137546,-8.60479051797659,11.3206619977677));
#5481=CARTESIAN_POINT('Ctrl Pts',(-18.3743925028475,-8.54299792920151,11.1679080441011));
#5482=CARTESIAN_POINT('Ctrl Pts',(-18.0070420488731,-8.48120534042643,10.3606728327285));
#5483=CARTESIAN_POINT('Ctrl Pts',(-18.46574157072,-8.41941275165135,9.60161047879298));
#5484=CARTESIAN_POINT('Ctrl Pts',(-19.3512096204045,-8.35762016287627,9.5514545046055));
#5485=CARTESIAN_POINT('Ctrl Pts',(-19.8927035687697,-8.29582757410119,10.2538475205341));
#5486=CARTESIAN_POINT('Ctrl Pts',(-19.618853941715,-8.2340349853261,11.0974230720808));
#5487=CARTESIAN_POINT('Ctrl Pts',(-18.7680855579119,-8.17224239655103,11.3478275216715));
#5488=CARTESIAN_POINT('Ctrl Pts',(-18.0808443843562,-8.11044980777594,10.787223609041));
#5489=CARTESIAN_POINT('Ctrl Pts',(-18.1555510999871,-8.04865721900086,9.90333322265525));
#5490=CARTESIAN_POINT('Ctrl Pts',(-18.9267519654067,-7.98686463022578,9.46605285247245));
#5491=CARTESIAN_POINT('Ctrl Pts',(-19.724010601925,-7.9250720414507,9.85497615483072));
#5492=CARTESIAN_POINT('Ctrl Pts',(-19.851620683508,-7.86327945267562,10.7336944365724));
#5493=CARTESIAN_POINT('Ctrl Pts',(-19.4186186190592,-7.82208439349223,11.1325945156101));
#5494=CARTESIAN_POINT('Ctrl Pts',(-19.1649082406862,-7.80148686390054,11.2001755897781));
#5495=CARTESIAN_POINT('Ctrl Pts',(-19.614032576226,-9.57507684483689,9.82170151396412));
#5496=CARTESIAN_POINT('Ctrl Pts',(-19.8063209211155,-9.55447931524519,10.0345946282723));
#5497=CARTESIAN_POINT('Ctrl Pts',(-19.9657719460076,-9.51328425606181,10.6577899561552));
#5498=CARTESIAN_POINT('Ctrl Pts',(-19.3259783398622,-9.45149166728673,11.3871172965294));
#5499=CARTESIAN_POINT('Ctrl Pts',(-18.3639548179313,-9.38969907851165,11.2691446966579));
#5500=CARTESIAN_POINT('Ctrl Pts',(-17.9174153158689,-9.32790648973656,10.4095438603726));
#5501=CARTESIAN_POINT('Ctrl Pts',(-18.3748832981625,-9.26611390096149,9.55509500477841));
#5502=CARTESIAN_POINT('Ctrl Pts',(-19.338239585333,-9.20432131218639,9.45027730814633));
#5503=CARTESIAN_POINT('Ctrl Pts',(-19.96888898512,-9.14252872341133,10.185969025937));
#5504=CARTESIAN_POINT('Ctrl Pts',(-19.7179035496637,-9.08073613463624,11.1219666520631));
#5505=CARTESIAN_POINT('Ctrl Pts',(-18.8037431857771,-9.01894354586116,11.4434418606245));
#5506=CARTESIAN_POINT('Ctrl Pts',(-18.0221438992569,-8.95715095708608,10.8706109754216));
#5507=CARTESIAN_POINT('Ctrl Pts',(-18.0534461604509,-8.895358368311,9.90207253621743));
#5508=CARTESIAN_POINT('Ctrl Pts',(-18.8704042467016,-8.83356577953592,9.3809017177067));
#5509=CARTESIAN_POINT('Ctrl Pts',(-19.7618962904284,-8.77177319076084,9.76074628611476));
#5510=CARTESIAN_POINT('Ctrl Pts',(-19.9519236183821,-8.70998060198576,10.7109730208882));
#5511=CARTESIAN_POINT('Ctrl Pts',(-19.275076361831,-8.64818801321067,11.4044562752981));
#5512=CARTESIAN_POINT('Ctrl Pts',(-18.3205171303614,-8.58639542443559,11.2375532082399));
#5513=CARTESIAN_POINT('Ctrl Pts',(-17.9191401709973,-8.52460283566052,10.355546364021));
#5514=CARTESIAN_POINT('Ctrl Pts',(-18.4203275721526,-8.46281024688543,9.52617447596651));
#5515=CARTESIAN_POINT('Ctrl Pts',(-19.3878137139315,-8.40101765811037,9.47137271324783));
#5516=CARTESIAN_POINT('Ctrl Pts',(-19.9794645262755,-8.33922506933526,10.2388261625681));
#5517=CARTESIAN_POINT('Ctrl Pts',(-19.6802490783538,-8.2774324805602,11.1605394372093));
#5518=CARTESIAN_POINT('Ctrl Pts',(-18.7506767222575,-8.21563989178511,11.4341380553696));
#5519=CARTESIAN_POINT('Ctrl Pts',(-17.9997785823281,-8.15384730301003,10.8216071834875));
#5520=CARTESIAN_POINT('Ctrl Pts',(-18.0814051436664,-8.09205471423495,9.85584483894604));
#5521=CARTESIAN_POINT('Ctrl Pts',(-18.9240398949567,-8.03026212545987,9.37806057741954));
#5522=CARTESIAN_POINT('Ctrl Pts',(-19.7951460658907,-7.96846953668479,9.80300860957112));
#5523=CARTESIAN_POINT('Ctrl Pts',(-19.9345762638824,-7.90667694790971,10.7631197738484));
#5524=CARTESIAN_POINT('Ctrl Pts',(-19.4614665939568,-7.86548188872632,11.1989686998045));
#5525=CARTESIAN_POINT('Ctrl Pts',(-19.1842558293348,-7.84488435913462,11.2728095941511));
#5526=CARTESIAN_POINT('Ctrl Pts',(-19.669814246237,-9.61847434007097,9.77131864913332));
#5527=CARTESIAN_POINT('Ctrl Pts',(-19.8784037271313,-9.59787681047928,10.0022596571544));
#5528=CARTESIAN_POINT('Ctrl Pts',(-20.0513721227426,-9.5566817512959,10.6782860175327));
#5529=CARTESIAN_POINT('Ctrl Pts',(-19.3573403744221,-9.49488916252081,11.4694416719123));
#5530=CARTESIAN_POINT('Ctrl Pts',(-18.313761850914,-9.43309657374574,11.3414680114126));
#5531=CARTESIAN_POINT('Ctrl Pts',(-17.8293672143722,-9.37130398497065,10.4089949989686));
#5532=CARTESIAN_POINT('Ctrl Pts',(-18.3256167868941,-9.30951139619557,9.48211072347342));
#5533=CARTESIAN_POINT('Ctrl Pts',(-19.3706410600634,-9.24771880742049,9.36840716571707));
#5534=CARTESIAN_POINT('Ctrl Pts',(-20.054753407088,-9.18592621864541,10.1664667340197));
#5535=CARTESIAN_POINT('Ctrl Pts',(-19.782490822874,-9.12413362987033,11.1818130310824));
#5536=CARTESIAN_POINT('Ctrl Pts',(-18.790833029643,-9.06234104109524,11.5305411191666));
#5537=CARTESIAN_POINT('Ctrl Pts',(-17.9429741043594,-9.00054845232017,10.9091488186955));
#5538=CARTESIAN_POINT('Ctrl Pts',(-17.9769299970946,-8.93875586354509,9.85850307947615));
#5539=CARTESIAN_POINT('Ctrl Pts',(-18.8631452444165,-8.87696327477,9.29315029871951));
#5540=CARTESIAN_POINT('Ctrl Pts',(-19.8302130234291,-8.81517068599493,9.70519597621626));
#5541=CARTESIAN_POINT('Ctrl Pts',(-20.0363498109518,-8.75337809721984,10.7359776465881));
#5542=CARTESIAN_POINT('Ctrl Pts',(-19.3021232099074,-8.69158550844475,11.4882505528285));
#5543=CARTESIAN_POINT('Ctrl Pts',(-18.2666417578753,-8.62979291966969,11.3071983723788));
#5544=CARTESIAN_POINT('Ctrl Pts',(-17.8312382931215,-8.56800033089459,10.3504198953134));
#5545=CARTESIAN_POINT('Ctrl Pts',(-18.3749135735852,-8.50620774211952,9.45073847314006));
#5546=CARTESIAN_POINT('Ctrl Pts',(-19.4244178074586,-8.44441515334444,9.39129092189013));
#5547=CARTESIAN_POINT('Ctrl Pts',(-20.0662254837813,-8.38262256456936,10.223804804602));
#5548=CARTESIAN_POINT('Ctrl Pts',(-19.7416442149926,-8.32082997579428,11.2236558023378));
#5549=CARTESIAN_POINT('Ctrl Pts',(-18.7332678866032,-8.25903738701921,11.5204485890677));
#5550=CARTESIAN_POINT('Ctrl Pts',(-17.9187127803,-8.19724479824411,10.8559907579339));
#5551=CARTESIAN_POINT('Ctrl Pts',(-18.0072591873458,-8.13545220946904,9.80835645523682));
#5552=CARTESIAN_POINT('Ctrl Pts',(-18.9213278245068,-8.07365962069396,9.29006830236664));
#5553=CARTESIAN_POINT('Ctrl Pts',(-19.8662815298564,-8.01186703191888,9.75104106431151));
#5554=CARTESIAN_POINT('Ctrl Pts',(-20.0175318442568,-7.95007444314379,10.7925451111243));
#5555=CARTESIAN_POINT('Ctrl Pts',(-19.5043145688544,-7.90887938396041,11.2653428839989));
#5556=CARTESIAN_POINT('Ctrl Pts',(-19.2036034179835,-7.88828185436871,11.3454435985242));
#5557=CARTESIAN_POINT('Ctrl Pts',(-19.725595916248,-9.66187183530506,9.72093578430252));
#5558=CARTESIAN_POINT('Ctrl Pts',(-19.9504865331471,-9.64127430571337,9.96992468603661));
#5559=CARTESIAN_POINT('Ctrl Pts',(-20.1369722994776,-9.60007924652998,10.6987820789102));
#5560=CARTESIAN_POINT('Ctrl Pts',(-19.388702408982,-9.5382866577549,11.5517660472953));
#5561=CARTESIAN_POINT('Ctrl Pts',(-18.2635688838967,-9.47649406897982,11.4137913261673));
#5562=CARTESIAN_POINT('Ctrl Pts',(-17.7413191128755,-9.41470148020475,10.4084461375645));
#5563=CARTESIAN_POINT('Ctrl Pts',(-18.2763502756257,-9.35290889142965,9.40912644216841));
#5564=CARTESIAN_POINT('Ctrl Pts',(-19.4030425347939,-9.29111630265458,9.28653702328781));
#5565=CARTESIAN_POINT('Ctrl Pts',(-20.140617829056,-9.22932371387949,10.1469644421024));
#5566=CARTESIAN_POINT('Ctrl Pts',(-19.8470780960844,-9.16753112510442,11.2416594101017));
#5567=CARTESIAN_POINT('Ctrl Pts',(-18.7779228735088,-9.10573853632933,11.6176403777087));
#5568=CARTESIAN_POINT('Ctrl Pts',(-17.863804309462,-9.04394594755426,10.9476866619695));
#5569=CARTESIAN_POINT('Ctrl Pts',(-17.9004138337382,-8.98215335877917,9.81493362273486));
#5570=CARTESIAN_POINT('Ctrl Pts',(-18.8558862421313,-8.92036077000409,9.2053988797323));
#5571=CARTESIAN_POINT('Ctrl Pts',(-19.8985297564298,-8.85856818122901,9.64964566631779));
#5572=CARTESIAN_POINT('Ctrl Pts',(-20.1207760035216,-8.79677559245393,10.7609822722879));
#5573=CARTESIAN_POINT('Ctrl Pts',(-19.3291700579838,-8.73498300367885,11.5720448303589));
#5574=CARTESIAN_POINT('Ctrl Pts',(-18.2127663853892,-8.67319041490377,11.3768435365176));
#5575=CARTESIAN_POINT('Ctrl Pts',(-17.7433364152456,-8.61139782612869,10.3452934266059));
#5576=CARTESIAN_POINT('Ctrl Pts',(-18.3294995750178,-8.54960523735361,9.3753024703136));
#5577=CARTESIAN_POINT('Ctrl Pts',(-19.4610219009856,-8.48781264857853,9.31120913053244));
#5578=CARTESIAN_POINT('Ctrl Pts',(-20.1529864412871,-8.42602005980344,10.208783446636));
#5579=CARTESIAN_POINT('Ctrl Pts',(-19.8030393516313,-8.36422747102837,11.2867721674663));
#5580=CARTESIAN_POINT('Ctrl Pts',(-18.7158590509488,-8.30243488225328,11.6067591227658));
#5581=CARTESIAN_POINT('Ctrl Pts',(-17.837646978272,-8.2406422934782,10.8903743323804));
#5582=CARTESIAN_POINT('Ctrl Pts',(-17.9331132310252,-8.17884970470312,9.76086807152763));
#5583=CARTESIAN_POINT('Ctrl Pts',(-18.9186157540568,-8.11705711592804,9.20207602731372));
#5584=CARTESIAN_POINT('Ctrl Pts',(-19.9374169938221,-8.05526452715296,9.69907351905192));
#5585=CARTESIAN_POINT('Ctrl Pts',(-20.1004874246312,-7.99347193837788,10.8219704484002));
#5586=CARTESIAN_POINT('Ctrl Pts',(-19.547162543752,-7.95227687919449,11.3317170681933));
#5587=CARTESIAN_POINT('Ctrl Pts',(-19.2229510066321,-7.9316793496028,11.4180776028972));
#5588=CARTESIAN_POINT('Ctrl Pts',(-19.2229510066321,-7.9316793496028,11.4180776028972));
#5589=CARTESIAN_POINT('Ctrl Pts',(-19.2644242562241,-7.9316793496028,11.4021698555924));
#5590=CARTESIAN_POINT('Ctrl Pts',(-19.3046301942549,-7.9316793496028,11.3834484802595));
#5591=CARTESIAN_POINT('Ctrl Pts',(-19.3433968645186,-7.9316793496028,11.3621620152829));
#5592=CARTESIAN_POINT('Ctrl Pts',(-19.382534637944,-7.9316793496028,11.3406717805628));
#5593=CARTESIAN_POINT('Ctrl Pts',(-19.4202062666586,-7.9316793496028,11.3165660842658));
#5594=CARTESIAN_POINT('Ctrl Pts',(-19.4561995701332,-7.9316793496028,11.2900605702266));
#5595=CARTESIAN_POINT('Ctrl Pts',(-19.479508797565,-7.9316793496028,11.2728956257704));
#5596=CARTESIAN_POINT('Ctrl Pts',(-19.5021134128341,-7.9316793496028,11.2547234619008));
#5597=CARTESIAN_POINT('Ctrl Pts',(-19.5239456082624,-7.9316793496028,11.2355968784837));
#5598=CARTESIAN_POINT('Ctrl Pts',(-19.5319960407793,-7.9316793496028,11.2285441169057));
#5599=CARTESIAN_POINT('Ctrl Pts',(-19.539941360477,-7.9316793496028,11.2213615503974));
#5600=CARTESIAN_POINT('Ctrl Pts',(-19.5477778507133,-7.9316793496028,11.2140517311475));
#5601=CARTESIAN_POINT('Ctrl Pts',(-19.5539231213389,-7.9316793496028,11.2083194688513));
#5602=CARTESIAN_POINT('Ctrl Pts',(-19.5600010389169,-7.9316793496028,11.2025091987448));
#5603=CARTESIAN_POINT('Ctrl Pts',(-19.5660004263206,-7.9316793496028,11.196631762425));
#5604=CARTESIAN_POINT('Ctrl Pts',(-19.5970153666682,-7.9316793496028,11.1662472707112));
#5605=CARTESIAN_POINT('Ctrl Pts',(-19.6260038531245,-7.9316793496028,11.1340067363453));
#5606=CARTESIAN_POINT('Ctrl Pts',(-19.6527754460818,-7.9316793496028,11.1001174936839));
#5607=CARTESIAN_POINT('Ctrl Pts',(-19.6788739893002,-7.9316793496028,11.0670802416366));
#5608=CARTESIAN_POINT('Ctrl Pts',(-19.7028661143254,-7.9316793496028,11.0324751087186));
#5609=CARTESIAN_POINT('Ctrl Pts',(-19.7245302484892,-7.9316793496028,10.996476360603));
#5610=CARTESIAN_POINT('Ctrl Pts',(-19.7371289049231,-7.9316793496028,10.9755414893486));
#5611=CARTESIAN_POINT('Ctrl Pts',(-19.7489393707822,-7.9316793496028,10.9541350517316));
#5612=CARTESIAN_POINT('Ctrl Pts',(-19.7599099616227,-7.9316793496028,10.9322904433147));
#5613=CARTESIAN_POINT('Ctrl Pts',(-19.764053622418,-7.9316793496028,10.9240395980503));
#5614=CARTESIAN_POINT('Ctrl Pts',(-19.7680774000628,-7.9316793496028,10.9157262424125));
#5615=CARTESIAN_POINT('Ctrl Pts',(-19.7719782670528,-7.9316793496028,10.9073521856958));
#5616=CARTESIAN_POINT('Ctrl Pts',(-19.7756927897353,-7.9316793496028,10.8993781574356));
#5617=CARTESIAN_POINT('Ctrl Pts',(-19.77929239146,-7.9316793496028,10.891356412678));
#5618=CARTESIAN_POINT('Ctrl Pts',(-19.7827729094971,-7.9316793496028,10.8832939992681));
#5619=CARTESIAN_POINT('Ctrl Pts',(-19.7988562628524,-7.9316793496028,10.8460378660186));
#5620=CARTESIAN_POINT('Ctrl Pts',(-19.8124175746963,-7.9316793496028,10.8078780471645));
#5621=CARTESIAN_POINT('Ctrl Pts',(-19.8232616059539,-7.9316793496028,10.7689789148884));
#5622=CARTESIAN_POINT('Ctrl Pts',(-19.8271806091383,-7.9316793496028,10.7549208750653));
#5623=CARTESIAN_POINT('Ctrl Pts',(-19.830744234198,-7.9316793496028,10.7407662037287));
#5624=CARTESIAN_POINT('Ctrl Pts',(-19.8339415701284,-7.9316793496028,10.7265225380176));
#5625=CARTESIAN_POINT('Ctrl Pts',(-19.8417148383774,-7.9316793496028,10.6918937605502));
#5626=CARTESIAN_POINT('Ctrl Pts',(-19.8473248942067,-7.9316793496028,10.6567383305915));
#5627=CARTESIAN_POINT('Ctrl Pts',(-19.8508008216186,-7.9316793496028,10.6212506042678));
#5628=CARTESIAN_POINT('Ctrl Pts',(-19.8527297935004,-7.9316793496028,10.6015566296489));
#5629=CARTESIAN_POINT('Ctrl Pts',(-19.8540010328335,-7.9316793496028,10.5817604447015));
#5630=CARTESIAN_POINT('Ctrl Pts',(-19.8546161519696,-7.9316793496028,10.5618968853633));
#5631=CARTESIAN_POINT('Ctrl Pts',(-19.8548630551001,-7.9316793496028,10.5539238364093));
#5632=CARTESIAN_POINT('Ctrl Pts',(-19.8550039976458,-7.9316793496028,10.5459451377369));
#5633=CARTESIAN_POINT('Ctrl Pts',(-19.8550395560091,-7.9316793496028,10.5379704174849));
#5634=CARTESIAN_POINT('Ctrl Pts',(-19.8552198451632,-7.9316793496028,10.4975367351793));
#5635=CARTESIAN_POINT('Ctrl Pts',(-19.8526970797371,-7.9316793496028,10.4571454265207));
#5636=CARTESIAN_POINT('Ctrl Pts',(-19.8475470439116,-7.9316793496028,10.4170805008332));
#5637=CARTESIAN_POINT('Ctrl Pts',(-19.8424425472553,-7.9316793496028,10.3773698490743));
#5638=CARTESIAN_POINT('Ctrl Pts',(-19.8347564499823,-7.9316793496028,10.3379786370941));
#5639=CARTESIAN_POINT('Ctrl Pts',(-19.8245172424134,-7.9316793496028,10.2992057479738));
#5640=CARTESIAN_POINT('Ctrl Pts',(-19.8195037546227,-7.9316793496028,10.2802211336953));
#5641=CARTESIAN_POINT('Ctrl Pts',(-19.8138775381089,-7.9316793496028,10.2613852111053));
#5642=CARTESIAN_POINT('Ctrl Pts',(-19.8076385606201,-7.9316793496028,10.2427363391501));
#5643=CARTESIAN_POINT('Ctrl Pts',(-19.8047470263437,-7.9316793496028,10.2340932798395));
#5644=CARTESIAN_POINT('Ctrl Pts',(-19.801723012071,-7.9316793496028,10.2254881964252));
#5645=CARTESIAN_POINT('Ctrl Pts',(-19.7985690714804,-7.9316793496028,10.216932379157));
#5646=CARTESIAN_POINT('Ctrl Pts',(-19.7852161337238,-7.9316793496028,10.1807093457308));
#5647=CARTESIAN_POINT('Ctrl Pts',(-19.7695746062833,-7.9316793496028,10.1454637845632));
#5648=CARTESIAN_POINT('Ctrl Pts',(-19.7516752687622,-7.9316793496028,10.1114722850062));
#5649=CARTESIAN_POINT('Ctrl Pts',(-19.7402976767464,-7.9316793496028,10.0898658197664));
#5650=CARTESIAN_POINT('Ctrl Pts',(-19.7280070380824,-7.9316793496028,10.0687666392276));
#5651=CARTESIAN_POINT('Ctrl Pts',(-19.7148040862066,-7.9316793496028,10.0482543343072));
#5652=CARTESIAN_POINT('Ctrl Pts',(-19.7098907176228,-7.9316793496028,10.0406208508616));
#5653=CARTESIAN_POINT('Ctrl Pts',(-19.7048504366666,-7.9316793496028,10.0330679754055));
#5654=CARTESIAN_POINT('Ctrl Pts',(-19.6996847043029,-7.9316793496028,10.0256023976049));
#5655=CARTESIAN_POINT('Ctrl Pts',(-19.6787478650889,-7.9316793496028,9.99534422876328));
#5656=CARTESIAN_POINT('Ctrl Pts',(-19.6558237779933,-7.9316793496028,9.96661880863405));
#5657=CARTESIAN_POINT('Ctrl Pts',(-19.6309265659093,-7.9316793496028,9.93969190379712));
#5658=CARTESIAN_POINT('Ctrl Pts',(-19.6278672048004,-7.9316793496028,9.93638313472035));
#5659=CARTESIAN_POINT('Ctrl Pts',(-19.6247780149042,-7.9316793496028,9.93310157630403));
#5660=CARTESIAN_POINT('Ctrl Pts',(-19.6216589934338,-7.9316793496028,9.92984776908381));
#5661=CARTESIAN_POINT('Ctrl Pts',(-19.6020078485836,-7.9316793496028,9.90934741741702));
#5662=CARTESIAN_POINT('Ctrl Pts',(-19.5811727979945,-7.9316793496028,9.88994736436833));
#5663=CARTESIAN_POINT('Ctrl Pts',(-19.5592692678706,-7.9316793496028,9.87170453514947));
#5664=CARTESIAN_POINT('Ctrl Pts',(-19.558250906215,-9.5316793496028,9.87208437879492));
#5665=CARTESIAN_POINT('Ctrl Pts',(-19.5863068582501,-9.5316793496028,9.89577106411607));
#5666=CARTESIAN_POINT('Ctrl Pts',(-19.6124979922146,-9.5316793496028,9.92139974570254));
#5667=CARTESIAN_POINT('Ctrl Pts',(-19.636807091992,-9.5316793496028,9.948671434447));
#5668=CARTESIAN_POINT('Ctrl Pts',(-19.6617938940533,-9.5316793496028,9.97670341813937));
#5669=CARTESIAN_POINT('Ctrl Pts',(-19.6847929568609,-9.5316793496028,10.0064719041361));
#5670=CARTESIAN_POINT('Ctrl Pts',(-19.7057623886622,-9.5316793496028,10.0377043110198));
#5671=CARTESIAN_POINT('Ctrl Pts',(-19.7203069492133,-9.5316793496028,10.0593673506951));
#5672=CARTESIAN_POINT('Ctrl Pts',(-19.733874590599,-9.5316793496028,10.0817357875425));
#5673=CARTESIAN_POINT('Ctrl Pts',(-19.7464423343571,-9.5316793496028,10.1047301471861));
#5674=CARTESIAN_POINT('Ctrl Pts',(-19.7501724106427,-9.5316793496028,10.1115548181263));
#5675=CARTESIAN_POINT('Ctrl Pts',(-19.7538153770421,-9.5316793496028,10.1184366919621));
#5676=CARTESIAN_POINT('Ctrl Pts',(-19.7573671441834,-9.5316793496028,10.1253672640986));
#5677=CARTESIAN_POINT('Ctrl Pts',(-19.7751585307232,-9.5316793496028,10.1600836413044));
#5678=CARTESIAN_POINT('Ctrl Pts',(-19.7906031918157,-9.5316793496028,10.1958965129026));
#5679=CARTESIAN_POINT('Ctrl Pts',(-19.8036679348884,-9.5316793496028,10.2325108360616));
#5680=CARTESIAN_POINT('Ctrl Pts',(-19.8166191014752,-9.5316793496028,10.2688068578088));
#5681=CARTESIAN_POINT('Ctrl Pts',(-19.827232069213,-9.5316793496028,10.3058914722955));
#5682=CARTESIAN_POINT('Ctrl Pts',(-19.83544223283,-9.5316793496028,10.3435126998391));
#5683=CARTESIAN_POINT('Ctrl Pts',(-19.8405888686795,-9.5316793496028,10.3670960006611));
#5684=CARTESIAN_POINT('Ctrl Pts',(-19.8447906421544,-9.5316793496028,10.3908908198383));
#5685=CARTESIAN_POINT('Ctrl Pts',(-19.8480236874194,-9.5316793496028,10.4148395639046));
#5686=CARTESIAN_POINT('Ctrl Pts',(-19.8491801583959,-9.5316793496028,10.4234061088071));
#5687=CARTESIAN_POINT('Ctrl Pts',(-19.8502126165718,-9.5316793496028,10.4319923713316));
#5688=CARTESIAN_POINT('Ctrl Pts',(-19.8511197533725,-9.5316793496028,10.4405957780015));
#5689=CARTESIAN_POINT('Ctrl Pts',(-19.8519081660111,-9.5316793496028,10.4480731888498));
#5690=CARTESIAN_POINT('Ctrl Pts',(-19.8526014878382,-9.5316793496028,10.4555602251984));
#5691=CARTESIAN_POINT('Ctrl Pts',(-19.8531985742715,-9.5316793496028,10.4630465629487));
#5692=CARTESIAN_POINT('Ctrl Pts',(-19.8564781228166,-9.5316793496028,10.5041659163802));
#5693=CARTESIAN_POINT('Ctrl Pts',(-19.8568660367437,-9.5316793496028,10.5453367413488));
#5694=CARTESIAN_POINT('Ctrl Pts',(-19.8542990381661,-9.5316793496028,10.5862613821374));
#5695=CARTESIAN_POINT('Ctrl Pts',(-19.8533612349431,-9.5316793496028,10.6012124071851));
#5696=CARTESIAN_POINT('Ctrl Pts',(-19.8520286227733,-9.5316793496028,10.6161308423094));
#5697=CARTESIAN_POINT('Ctrl Pts',(-19.8502965460697,-9.5316793496028,10.6310029152146));
#5698=CARTESIAN_POINT('Ctrl Pts',(-19.8457605907133,-9.5316793496028,10.6699498386472));
#5699=CARTESIAN_POINT('Ctrl Pts',(-19.8384886914606,-9.5316793496028,10.7085786845826));
#5700=CARTESIAN_POINT('Ctrl Pts',(-19.8286639205945,-9.5316793496028,10.7467080867002));
#5701=CARTESIAN_POINT('Ctrl Pts',(-19.8252645005312,-9.5316793496028,10.7599010513329));
#5702=CARTESIAN_POINT('Ctrl Pts',(-19.8215590215056,-9.5316793496028,10.7730342370889));
#5703=CARTESIAN_POINT('Ctrl Pts',(-19.8175537429169,-9.5316793496028,10.7861000758483));
#5704=CARTESIAN_POINT('Ctrl Pts',(-19.8151513268079,-9.5316793496028,10.7939371290818));
#5705=CARTESIAN_POINT('Ctrl Pts',(-19.812641086977,-9.5316793496028,10.8017493751535));
#5706=CARTESIAN_POINT('Ctrl Pts',(-19.8100290276273,-9.5316793496028,10.8095222706481));
#5707=CARTESIAN_POINT('Ctrl Pts',(-19.7968414642566,-9.5316793496028,10.8487654646898));
#5708=CARTESIAN_POINT('Ctrl Pts',(-19.781037401128,-9.5316793496028,10.8870906480695));
#5709=CARTESIAN_POINT('Ctrl Pts',(-19.7628569779965,-9.5316793496028,10.92429568041));
#5710=CARTESIAN_POINT('Ctrl Pts',(-19.7441521777012,-9.5316793496028,10.9625738159012));
#5711=CARTESIAN_POINT('Ctrl Pts',(-19.7229317055309,-9.5316793496028,10.9996673076404));
#5712=CARTESIAN_POINT('Ctrl Pts',(-19.6994013829931,-9.5316793496028,11.0353546587581));
#5713=CARTESIAN_POINT('Ctrl Pts',(-19.6876129393324,-9.5316793496028,11.053233645643));
#5714=CARTESIAN_POINT('Ctrl Pts',(-19.6752439090499,-9.5316793496028,11.0707595833432));
#5715=CARTESIAN_POINT('Ctrl Pts',(-19.6623154896291,-9.5316793496028,11.0879031669312));
#5716=CARTESIAN_POINT('Ctrl Pts',(-19.6548150498763,-9.5316793496028,11.0978490397919));
#5717=CARTESIAN_POINT('Ctrl Pts',(-19.6471262780422,-9.5316793496028,11.1076661978294));
#5718=CARTESIAN_POINT('Ctrl Pts',(-19.6392528790232,-9.5316793496028,11.1173486709862));
#5719=CARTESIAN_POINT('Ctrl Pts',(-19.6334647880212,-9.5316793496028,11.1244666940436));
#5720=CARTESIAN_POINT('Ctrl Pts',(-19.627583079669,-9.5316793496028,11.1315043132771));
#5721=CARTESIAN_POINT('Ctrl Pts',(-19.6216109022841,-9.5316793496028,11.1384582931804));
#5722=CARTESIAN_POINT('Ctrl Pts',(-19.5927249217023,-9.5316793496028,11.1720930155794));
#5723=CARTESIAN_POINT('Ctrl Pts',(-19.5617190203814,-9.5316793496028,11.2037815835007));
#5724=CARTESIAN_POINT('Ctrl Pts',(-19.5288085864449,-9.5316793496028,11.2332845575187));
#5725=CARTESIAN_POINT('Ctrl Pts',(-19.5114271156278,-9.5316793496028,11.2488663964851));
#5726=CARTESIAN_POINT('Ctrl Pts',(-19.4935135519602,-9.5316793496028,11.2638383287181));
#5727=CARTESIAN_POINT('Ctrl Pts',(-19.4750944645399,-9.5316793496028,11.2781623061267));
#5728=CARTESIAN_POINT('Ctrl Pts',(-19.4668722690323,-9.5316793496028,11.2845564634491));
#5729=CARTESIAN_POINT('Ctrl Pts',(-19.4585474330884,-9.5316793496028,11.290822818674));
#5730=CARTESIAN_POINT('Ctrl Pts',(-19.4501281914878,-9.5316793496028,11.2969534129226));
#5731=CARTESIAN_POINT('Ctrl Pts',(-19.4137132865103,-9.5316793496028,11.3234694600453));
#5732=CARTESIAN_POINT('Ctrl Pts',(-19.3756165457287,-9.5316793496028,11.3473908747758));
#5733=CARTESIAN_POINT('Ctrl Pts',(-19.3360461638983,-9.5316793496028,11.3684678715998));
#5734=CARTESIAN_POINT('Ctrl Pts',(-19.3313217517268,-9.5316793496028,11.3709843097975));
#5735=CARTESIAN_POINT('Ctrl Pts',(-19.3265762834987,-9.5316793496028,11.3734601666585));
#5736=CARTESIAN_POINT('Ctrl Pts',(-19.3218100743594,-9.5316793496028,11.3758949859002));
#5737=CARTESIAN_POINT('Ctrl Pts',(-19.2900044326949,-9.5316793496028,11.392142906639));
#5738=CARTESIAN_POINT('Ctrl Pts',(-19.2572763170004,-9.5316793496028,11.4065649749478));
#5739=CARTESIAN_POINT('Ctrl Pts',(-19.2237781273093,-9.5316793496028,11.4191933882267));
#5740=CARTESIAN_POINT('Ctrl Pts',(-18.1455619308173,-8.08491397779844,10.4163242862832));
#5741=CARTESIAN_POINT('Ctrl Pts',(-18.1451460223613,-8.09342592112428,10.5251615056141));
#5742=CARTESIAN_POINT('Ctrl Pts',(-18.1656473179411,-8.10193786445011,10.633852819006));
#5743=CARTESIAN_POINT('Ctrl Pts',(-18.2078356992206,-8.11044980777594,10.7333425300818));
#5744=CARTESIAN_POINT('Ctrl Pts',(-18.3099247755414,-8.13104733736764,10.9740915799178));
#5745=CARTESIAN_POINT('Ctrl Pts',(-18.5390051667266,-8.15164486695933,11.1609595507946));
#5746=CARTESIAN_POINT('Ctrl Pts',(-18.7953400929531,-8.17224239655103,11.2126594613013));
#5747=CARTESIAN_POINT('Ctrl Pts',(-19.0516750191796,-8.19283992614272,11.2643593718079));
#5748=CARTESIAN_POINT('Ctrl Pts',(-19.3352644804473,-8.21343745573441,11.1808912219443));
#5749=CARTESIAN_POINT('Ctrl Pts',(-19.5227008155902,-8.2340349853261,10.9985612217548));
#5750=CARTESIAN_POINT('Ctrl Pts',(-19.7101371507332,-8.25463251491779,10.8162312215652));
#5751=CARTESIAN_POINT('Ctrl Pts',(-19.8014203597514,-8.27523004450949,10.5350393710497));
#5752=CARTESIAN_POINT('Ctrl Pts',(-19.7568129728663,-8.29582757410119,10.2773779431371));
#5753=CARTESIAN_POINT('Ctrl Pts',(-19.7122055859813,-8.31642510369288,10.0197165152246));
#5754=CARTESIAN_POINT('Ctrl Pts',(-19.5317076031929,-8.33702263328457,9.78558550991505));
#5755=CARTESIAN_POINT('Ctrl Pts',(-19.2938806035179,-8.35762016287627,9.67687933629153));
#5756=CARTESIAN_POINT('Ctrl Pts',(-19.056053603843,-8.37821769246796,9.568173162668));
#5757=CARTESIAN_POINT('Ctrl Pts',(-18.7608975872815,-8.39881522205966,9.58489182073049));
#5758=CARTESIAN_POINT('Ctrl Pts',(-18.5368696586929,-8.41941275165135,9.71976154208433));
#5759=CARTESIAN_POINT('Ctrl Pts',(-18.3128417301044,-8.44001028124304,9.85463126343817));
#5760=CARTESIAN_POINT('Ctrl Pts',(-18.1599418894887,-8.46060781083473,10.1076520480834));
#5761=CARTESIAN_POINT('Ctrl Pts',(-18.1447170448433,-8.48120534042643,10.3687016423014));
#5762=CARTESIAN_POINT('Ctrl Pts',(-18.1438032875635,-8.48244155288376,10.3843691891748));
#5763=CARTESIAN_POINT('Ctrl Pts',(-18.1433854496093,-8.4836777653411,10.4000656566362));
#5764=CARTESIAN_POINT('Ctrl Pts',(-18.143452009416,-8.48491397779844,10.4157657269836));
#5765=CARTESIAN_POINT('Ctrl Pts',(-18.6891119974443,-9.5316793496028,11.4180776028972));
#5766=CARTESIAN_POINT('Ctrl Pts',(-18.3649004603245,-9.51108182001111,11.3317170681933));
#5767=CARTESIAN_POINT('Ctrl Pts',(-17.8115751757001,-9.46988676082773,10.8219730364195));
#5768=CARTESIAN_POINT('Ctrl Pts',(-17.9746463583968,-9.40809417205263,9.69907250604531));
#5769=CARTESIAN_POINT('Ctrl Pts',(-18.9934472271565,-9.34630158327756,9.20207688724813));
#5770=CARTESIAN_POINT('Ctrl Pts',(-19.9789495612284,-9.28450899450248,9.76086782422183));
#5771=CARTESIAN_POINT('Ctrl Pts',(-20.0744158600994,-9.22271640572739,10.8903744518219));
#5772=CARTESIAN_POINT('Ctrl Pts',(-19.1962038841625,-9.16092381695232,11.6067587976185));
#5773=CARTESIAN_POINT('Ctrl Pts',(-18.1090238211154,-9.09913122817723,11.2867720741846));
#5774=CARTESIAN_POINT('Ctrl Pts',(-17.7590767649437,-9.03733863940215,10.2087834499379));
#5775=CARTESIAN_POINT('Ctrl Pts',(-18.4510411998054,-8.97554605062708,9.31120934554942));
#5776=CARTESIAN_POINT('Ctrl Pts',(-19.5825633134814,-8.91375346185199,9.37530264610899));
#5777=CARTESIAN_POINT('Ctrl Pts',(-20.1687263749441,-8.85196087307692,10.3452934442823));
#5778=CARTESIAN_POINT('Ctrl Pts',(-19.6992964849882,-8.79016828430182,11.3768433627629));
#5779=CARTESIAN_POINT('Ctrl Pts',(-18.5828930132442,-8.72837569552676,11.5720446253466));
#5780=CARTESIAN_POINT('Ctrl Pts',(-17.7912872078434,-8.66658310675167,10.7609822108949));
#5781=CARTESIAN_POINT('Ctrl Pts',(-18.0135334156119,-8.60479051797658,9.64964580169514));
#5782=CARTESIAN_POINT('Ctrl Pts',(-19.0561767444324,-8.54299792920151,9.20539909827166));
#5783=CARTESIAN_POINT('Ctrl Pts',(-20.0116489813227,-8.48120534042642,9.8149337243867));
#5784=CARTESIAN_POINT('Ctrl Pts',(-20.0482585019447,-8.41941275165135,10.9476865774681));
#5785=CARTESIAN_POINT('Ctrl Pts',(-19.1341400945907,-8.35762016287626,11.617640144703));
#5786=CARTESIAN_POINT('Ctrl Pts',(-18.0649850757433,-8.29582757410118,11.2416592972442));
#5787=CARTESIAN_POINT('Ctrl Pts',(-17.7714453672851,-8.23403498532611,10.1469644284854));
#5788=CARTESIAN_POINT('Ctrl Pts',(-18.5090205885075,-8.17224239655103,9.28653733354967));
#5789=CARTESIAN_POINT('Ctrl Pts',(-19.6357125244272,-8.11044980777594,9.40912643223007));
#5790=CARTESIAN_POINT('Ctrl Pts',(-20.1707438482188,-8.04865721900086,10.4084464603363));
#5791=CARTESIAN_POINT('Ctrl Pts',(-19.6484936327061,-7.98686463022578,11.4137906173802));
#5792=CARTESIAN_POINT('Ctrl Pts',(-18.5233614387431,-7.9250720414507,11.5517667073274));
#5793=CARTESIAN_POINT('Ctrl Pts',(-17.7750889566043,-7.86327945267562,10.6987801281747));
#5794=CARTESIAN_POINT('Ctrl Pts',(-17.9615764709294,-7.82208439349223,9.96992468603658));
#5795=CARTESIAN_POINT('Ctrl Pts',(-18.1864670878285,-7.80148686390054,9.72093578430251));
#5796=CARTESIAN_POINT('Ctrl Pts',(-18.708459586093,-9.57507684483689,11.3454435985242));
#5797=CARTESIAN_POINT('Ctrl Pts',(-18.4077484352221,-9.55447931524519,11.2653428839989));
#5798=CARTESIAN_POINT('Ctrl Pts',(-17.8945307853398,-9.51328425606182,10.7925475115517));
#5799=CARTESIAN_POINT('Ctrl Pts',(-18.0457817971275,-9.45149166728671,9.75104012473243));
#5800=CARTESIAN_POINT('Ctrl Pts',(-18.9907351583637,-9.38969907851165,9.29006909996892));
#5801=CARTESIAN_POINT('Ctrl Pts',(-19.9048036202617,-9.32790648973656,9.80835622585694));
#5802=CARTESIAN_POINT('Ctrl Pts',(-19.9933500700825,-9.26611390096149,10.8559908687177));
#5803=CARTESIAN_POINT('Ctrl Pts',(-19.178795053507,-9.2043213121864,11.5204482874886));
#5804=CARTESIAN_POINT('Ctrl Pts',(-18.1704189455282,-9.14252872341133,11.2236557158176));
#5805=CARTESIAN_POINT('Ctrl Pts',(-17.8458377077964,-9.08073613463623,10.2238048076646));
#5806=CARTESIAN_POINT('Ctrl Pts',(-18.4876452863222,-9.01894354586117,9.39129112132167));
#5807=CARTESIAN_POINT('Ctrl Pts',(-19.5371493232916,-8.95715095708607,9.45073863619298));
#5808=CARTESIAN_POINT('Ctrl Pts',(-20.0808245125718,-8.895358368311,10.3504199117086));
#5809=CARTESIAN_POINT('Ctrl Pts',(-19.6454211221932,-8.83356577953592,11.3071982112186));
#5810=CARTESIAN_POINT('Ctrl Pts',(-18.6099398564531,-8.77177319076084,11.4882503626765));
#5811=CARTESIAN_POINT('Ctrl Pts',(-17.8757133853879,-8.70998060198576,10.7359775896451));
#5812=CARTESIAN_POINT('Ctrl Pts',(-18.0818501364378,-8.64818801321068,9.70519610178083));
#5813=CARTESIAN_POINT('Ctrl Pts',(-19.0489177434167,-8.58639542443559,9.29315050141809));
#5814=CARTESIAN_POINT('Ctrl Pts',(-19.9351328316671,-8.52460283566051,9.85850317375978));
#5815=CARTESIAN_POINT('Ctrl Pts',(-19.9690887210129,-8.46281024688543,10.9091487403192));
#5816=CARTESIAN_POINT('Ctrl Pts',(-19.1212299410643,-8.40101765811036,11.5305409030503));
#5817=CARTESIAN_POINT('Ctrl Pts',(-18.1295723367942,-8.33922506933526,11.1818129264053));
#5818=CARTESIAN_POINT('Ctrl Pts',(-17.8573097753169,-8.2774324805602,10.1664667213897));
#5819=CARTESIAN_POINT('Ctrl Pts',(-18.541422054596,-8.21563989178511,9.3684074534897));
#5820=CARTESIAN_POINT('Ctrl Pts',(-19.5864460279473,-8.15384730301003,9.48211071425544));
#5821=CARTESIAN_POINT('Ctrl Pts',(-20.0826957498376,-8.09205471423494,10.4089952983444));
#5822=CARTESIAN_POINT('Ctrl Pts',(-19.5983007010231,-8.03026212545987,11.3414673540017));
#5823=CARTESIAN_POINT('Ctrl Pts',(-18.5547234121513,-7.96846953668479,11.4694422841022));
#5824=CARTESIAN_POINT('Ctrl Pts',(-17.8606892600422,-7.90667694790971,10.6782842081958));
#5825=CARTESIAN_POINT('Ctrl Pts',(-18.0336592769452,-7.86548188872632,10.0022596571544));
#5826=CARTESIAN_POINT('Ctrl Pts',(-18.2422487578395,-7.84488435913462,9.77131864913331));
#5827=CARTESIAN_POINT('Ctrl Pts',(-18.7278071747416,-9.61847434007097,11.2728095941511));
#5828=CARTESIAN_POINT('Ctrl Pts',(-18.4505964101197,-9.59787681047928,11.1989686998045));
#5829=CARTESIAN_POINT('Ctrl Pts',(-17.9774863949796,-9.55668175129589,10.7631219866839));
#5830=CARTESIAN_POINT('Ctrl Pts',(-18.1169172358581,-9.49488916252081,9.80300774341954));
#5831=CARTESIAN_POINT('Ctrl Pts',(-18.988023089571,-9.43309657374574,9.37806131268971));
#5832=CARTESIAN_POINT('Ctrl Pts',(-19.830657679295,-9.37130398497065,9.85584462749205));
#5833=CARTESIAN_POINT('Ctrl Pts',(-19.9122842800655,-9.30951139619557,10.8216072856136));
#5834=CARTESIAN_POINT('Ctrl Pts',(-19.1613862228516,-9.24771880742049,11.4341377773587));
#5835=CARTESIAN_POINT('Ctrl Pts',(-18.2318140699409,-9.18592621864541,11.1605393574506));
#5836=CARTESIAN_POINT('Ctrl Pts',(-17.9325986506491,-9.12413362987032,10.2388261653914));
#5837=CARTESIAN_POINT('Ctrl Pts',(-18.5242493728389,-9.06234104109525,9.4713728970939));
#5838=CARTESIAN_POINT('Ctrl Pts',(-19.4917353331018,-9.00054845232017,9.52617462627695));
#5839=CARTESIAN_POINT('Ctrl Pts',(-19.9929226501995,-8.93875586354508,10.3555463791348));
#5840=CARTESIAN_POINT('Ctrl Pts',(-19.5915457593982,-8.87696327477001,11.2375530596744));
#5841=CARTESIAN_POINT('Ctrl Pts',(-18.6369866996621,-8.81517068599493,11.4044561000063));
#5842=CARTESIAN_POINT('Ctrl Pts',(-17.9601395629324,-8.75337809721984,10.7109729683954));
#5843=CARTESIAN_POINT('Ctrl Pts',(-18.1501668572636,-8.69158550844477,9.76074640186652));
#5844=CARTESIAN_POINT('Ctrl Pts',(-19.041658742401,-8.62979291966968,9.38090190456453));
#5845=CARTESIAN_POINT('Ctrl Pts',(-19.8586166820114,-8.56800033089461,9.90207262313285));
#5846=CARTESIAN_POINT('Ctrl Pts',(-19.8899189400811,-8.50620774211952,10.8706109031703));
#5847=CARTESIAN_POINT('Ctrl Pts',(-19.1083197875379,-8.44441515334444,11.4434416613975));
#5848=CARTESIAN_POINT('Ctrl Pts',(-18.1941595978452,-8.38262256456936,11.1219665555664));
#5849=CARTESIAN_POINT('Ctrl Pts',(-17.9431741833487,-8.32082997579428,10.1859690142941));
#5850=CARTESIAN_POINT('Ctrl Pts',(-18.5738235206844,-8.2590373870192,9.4502775734297));
#5851=CARTESIAN_POINT('Ctrl Pts',(-19.5371795314675,-8.19724479824412,9.55509499628083));
#5852=CARTESIAN_POINT('Ctrl Pts',(-19.9946476514565,-8.13545220946904,10.4095441363524));
#5853=CARTESIAN_POINT('Ctrl Pts',(-19.5481077693402,-8.07365962069395,11.2691440906232));
#5854=CARTESIAN_POINT('Ctrl Pts',(-18.5860853855596,-8.01186703191887,11.3871178608771));
#5855=CARTESIAN_POINT('Ctrl Pts',(-17.9462895634801,-7.9500744431438,10.6577882882168));
#5856=CARTESIAN_POINT('Ctrl Pts',(-18.105742082961,-7.90887938396041,10.0345946282723));
#5857=CARTESIAN_POINT('Ctrl Pts',(-18.2980304278505,-7.88828185436871,9.8217015139641));
#5858=CARTESIAN_POINT('Ctrl Pts',(-18.7471547633903,-9.66187183530506,11.2001755897781));
#5859=CARTESIAN_POINT('Ctrl Pts',(-18.4934443850173,-9.64127430571337,11.1325945156101));
#5860=CARTESIAN_POINT('Ctrl Pts',(-18.0604420046193,-9.60007924652998,10.7336964618161));
#5861=CARTESIAN_POINT('Ctrl Pts',(-18.1880526745888,-9.53828665775489,9.85497536210666));
#5862=CARTESIAN_POINT('Ctrl Pts',(-18.9853110207783,-9.47649406897982,9.4660535254105));
#5863=CARTESIAN_POINT('Ctrl Pts',(-19.7565117383283,-9.41470148020474,9.90333302912715));
#5864=CARTESIAN_POINT('Ctrl Pts',(-19.8312184900486,-9.35290889142965,10.7872237025094));
#5865=CARTESIAN_POINT('Ctrl Pts',(-19.1439773921962,-9.29111630265458,11.3478272672288));
#5866=CARTESIAN_POINT('Ctrl Pts',(-18.2932091943537,-9.2293237138795,11.0974229990836));
#5867=CARTESIAN_POINT('Ctrl Pts',(-18.0193595935019,-9.16753112510441,10.2538475231181));
#5868=CARTESIAN_POINT('Ctrl Pts',(-18.5608534593556,-9.10573853632933,9.55145467286613));
#5869=CARTESIAN_POINT('Ctrl Pts',(-19.446321342912,-9.04394594755425,9.60161061636094));
#5870=CARTESIAN_POINT('Ctrl Pts',(-19.9050207878272,-8.98215335877917,10.3606728465611));
#5871=CARTESIAN_POINT('Ctrl Pts',(-19.5376703966033,-8.92036077000409,11.1679079081301));
#5872=CARTESIAN_POINT('Ctrl Pts',(-18.6640335428711,-8.85856818122901,11.3206618373362));
#5873=CARTESIAN_POINT('Ctrl Pts',(-18.0445657404769,-8.79677559245393,10.6859683471457));
#5874=CARTESIAN_POINT('Ctrl Pts',(-18.2184835780894,-8.73498300367885,9.81629670195221));
#5875=CARTESIAN_POINT('Ctrl Pts',(-19.0343997413853,-8.67319041490378,9.46865330771097));
#5876=CARTESIAN_POINT('Ctrl Pts',(-19.7821005323558,-8.61139782612869,9.94564207250592));
#5877=CARTESIAN_POINT('Ctrl Pts',(-19.8107491591492,-8.54960523735361,10.8320730660214));
#5878=CARTESIAN_POINT('Ctrl Pts',(-19.0954096340115,-8.48781264857852,11.3563424197448));
#5879=CARTESIAN_POINT('Ctrl Pts',(-18.2587468588962,-8.42602005980345,11.0621201847276));
#5880=CARTESIAN_POINT('Ctrl Pts',(-18.0290385913804,-8.36422747102836,10.2054713071984));
#5881=CARTESIAN_POINT('Ctrl Pts',(-18.6062249867729,-8.30243488225328,9.53214769336972));
#5882=CARTESIAN_POINT('Ctrl Pts',(-19.4879130349877,-8.2406422934782,9.62807927830621));
#5883=CARTESIAN_POINT('Ctrl Pts',(-19.9065995530754,-8.17884970470313,10.4100929743604));
#5884=CARTESIAN_POINT('Ctrl Pts',(-19.4979148376573,-8.11705711592803,11.1968208272448));
#5885=CARTESIAN_POINT('Ctrl Pts',(-18.6174473589678,-8.05526452715297,11.3047934376519));
#5886=CARTESIAN_POINT('Ctrl Pts',(-18.031889866918,-7.99347193837787,10.6372923682378));
#5887=CARTESIAN_POINT('Ctrl Pts',(-18.1778248889767,-7.95227687919449,10.0669295993901));
#5888=CARTESIAN_POINT('Ctrl Pts',(-18.3538120978615,-7.9316793496028,9.87208437879491));
#5889=CARTESIAN_POINT('Ctrl Pts',(-18.3538120978615,-7.9316793496028,9.87208437879491));
#5890=CARTESIAN_POINT('Ctrl Pts',(-18.3257560858822,-7.9316793496028,9.89577111472489));
#5891=CARTESIAN_POINT('Ctrl Pts',(-18.2995648868349,-7.9316793496028,9.92139984057926));
#5892=CARTESIAN_POINT('Ctrl Pts',(-18.27525572061,-7.9316793496028,9.94867156936203));
#5893=CARTESIAN_POINT('Ctrl Pts',(-18.2502688637499,-7.9316793496028,9.97670357906227));
#5894=CARTESIAN_POINT('Ctrl Pts',(-18.2272697425402,-7.9316793496028,10.0064720847237));
#5895=CARTESIAN_POINT('Ctrl Pts',(-18.2063002526332,-7.9316793496028,10.0377045076924));
#5896=CARTESIAN_POINT('Ctrl Pts',(-18.1917556225959,-7.9316793496028,10.059367601991));
#5897=CARTESIAN_POINT('Ctrl Pts',(-18.1781879157802,-7.9316793496028,10.081736094566));
#5898=CARTESIAN_POINT('Ctrl Pts',(-18.1656201121064,-7.9316793496028,10.1047305114887));
#5899=CARTESIAN_POINT('Ctrl Pts',(-18.161890081171,-7.9316793496028,10.1115550839192));
#5900=CARTESIAN_POINT('Ctrl Pts',(-18.158247157546,-7.9316793496028,10.1184368576643));
#5901=CARTESIAN_POINT('Ctrl Pts',(-18.1546954309069,-7.9316793496028,10.1253673276654));
#5902=CARTESIAN_POINT('Ctrl Pts',(-18.1369039784697,-7.9316793496028,10.160083717726));
#5903=CARTESIAN_POINT('Ctrl Pts',(-18.1214592567515,-7.9316793496028,10.1958966011946));
#5904=CARTESIAN_POINT('Ctrl Pts',(-18.1083944623862,-7.9316793496028,10.2325109379394));
#5905=CARTESIAN_POINT('Ctrl Pts',(-18.0954433056079,-7.9316793496028,10.2688068031671));
#5906=CARTESIAN_POINT('Ctrl Pts',(-18.0848303349616,-7.9316793496028,10.3058912554508));
#5907=CARTESIAN_POINT('Ctrl Pts',(-18.076620158799,-7.9316793496028,10.3435123212187));
#5908=CARTESIAN_POINT('Ctrl Pts',(-18.0714735048009,-7.9316793496028,10.3670955677542));
#5909=CARTESIAN_POINT('Ctrl Pts',(-18.0672717131549,-7.9316793496028,10.3908903336455));
#5910=CARTESIAN_POINT('Ctrl Pts',(-18.0640386505161,-7.9316793496028,10.414839026527));
#5911=CARTESIAN_POINT('Ctrl Pts',(-18.0628821333204,-7.9316793496028,10.4234058494523));
#5912=CARTESIAN_POINT('Ctrl Pts',(-18.0618496376062,-7.9316793496028,10.4319923916324));
#5913=CARTESIAN_POINT('Ctrl Pts',(-18.0609424721236,-7.9316793496028,10.4405960793747));
#5914=CARTESIAN_POINT('Ctrl Pts',(-18.0601540344631,-7.9316793496028,10.4480737353978));
#5915=CARTESIAN_POINT('Ctrl Pts',(-18.0594606944938,-7.9316793496028,10.4555610163282));
#5916=CARTESIAN_POINT('Ctrl Pts',(-18.0588635966978,-7.9316793496028,10.4630475992166));
#5917=CARTESIAN_POINT('Ctrl Pts',(-18.0555840966299,-7.9316793496028,10.5041669087396));
#5918=CARTESIAN_POINT('Ctrl Pts',(-18.0551962409141,-7.9316793496028,10.5453376947039));
#5919=CARTESIAN_POINT('Ctrl Pts',(-18.0577633120986,-7.9316793496028,10.5862623061689));
#5920=CARTESIAN_POINT('Ctrl Pts',(-18.0587011038752,-7.9316793496028,10.6012127151496));
#5921=CARTESIAN_POINT('Ctrl Pts',(-18.0600336745566,-7.9316793496028,10.6161305381365));
#5922=CARTESIAN_POINT('Ctrl Pts',(-18.061765679379,-7.9316793496028,10.6310020047261));
#5923=CARTESIAN_POINT('Ctrl Pts',(-18.0663016301616,-7.9316793496028,10.6699489173684));
#5924=CARTESIAN_POINT('Ctrl Pts',(-18.0735735381983,-7.9316793496028,10.7085777666584));
#5925=CARTESIAN_POINT('Ctrl Pts',(-18.0833983282774,-7.9316793496028,10.7467071832155));
#5926=CARTESIAN_POINT('Ctrl Pts',(-18.0867977500306,-7.9316793496028,10.7599001336028));
#5927=CARTESIAN_POINT('Ctrl Pts',(-18.090503231104,-7.9316793496028,10.7730333066171));
#5928=CARTESIAN_POINT('Ctrl Pts',(-18.0945085120099,-7.9316793496028,10.786099134051));
#5929=CARTESIAN_POINT('Ctrl Pts',(-18.0969109343025,-7.9316793496028,10.7939361961284));
#5930=CARTESIAN_POINT('Ctrl Pts',(-18.09942118086,-7.9316793496028,10.8017484515062));
#5931=CARTESIAN_POINT('Ctrl Pts',(-18.1020332474212,-7.9316793496028,10.8095213566627));
#5932=CARTESIAN_POINT('Ctrl Pts',(-18.1152208228891,-7.9316793496028,10.8487645271392));
#5933=CARTESIAN_POINT('Ctrl Pts',(-18.1310249009054,-7.9316793496028,10.8870896996192));
#5934=CARTESIAN_POINT('Ctrl Pts',(-18.1492053392273,-7.9316793496028,10.9242947309867));
#5935=CARTESIAN_POINT('Ctrl Pts',(-18.1679101622512,-7.9316793496028,10.9625728800064));
#5936=CARTESIAN_POINT('Ctrl Pts',(-18.1891306593838,-7.9316793496028,10.9996663948851));
#5937=CARTESIAN_POINT('Ctrl Pts',(-18.2126610061563,-7.9316793496028,11.0353537758147));
#5938=CARTESIAN_POINT('Ctrl Pts',(-18.2244494804233,-7.9316793496028,11.05323280564));
#5939=CARTESIAN_POINT('Ctrl Pts',(-18.2368185429477,-7.9316793496028,11.0707587868538));
#5940=CARTESIAN_POINT('Ctrl Pts',(-18.2497469957724,-7.9316793496028,11.0879024140419));
#5941=CARTESIAN_POINT('Ctrl Pts',(-18.2572472427326,-7.9316793496028,11.0978480308491));
#5942=CARTESIAN_POINT('Ctrl Pts',(-18.264935811512,-7.9316793496028,11.1076649401434));
#5943=CARTESIAN_POINT('Ctrl Pts',(-18.2728089974332,-7.9316793496028,11.1173471722818));
#5944=CARTESIAN_POINT('Ctrl Pts',(-18.2785972969854,-7.9316793496028,11.1244654672785));
#5945=CARTESIAN_POINT('Ctrl Pts',(-18.2844792218803,-7.9316793496028,11.1315033544006));
#5946=CARTESIAN_POINT('Ctrl Pts',(-18.2904516216234,-7.9316793496028,11.1384575955369));
#5947=CARTESIAN_POINT('Ctrl Pts',(-18.3193376498684,-7.9316793496028,11.1720923846546));
#5948=CARTESIAN_POINT('Ctrl Pts',(-18.350343598276,-7.9316793496028,11.203781020066));
#5949=CARTESIAN_POINT('Ctrl Pts',(-18.3832540750705,-7.9316793496028,11.2332840587256));
#5950=CARTESIAN_POINT('Ctrl Pts',(-18.4006355501794,-7.9316793496028,11.2488659153878));
#5951=CARTESIAN_POINT('Ctrl Pts',(-18.4185491158389,-7.9316793496028,11.2638378658121));
#5952=CARTESIAN_POINT('Ctrl Pts',(-18.4369682024998,-7.9316793496028,11.2781618615081));
#5953=CARTESIAN_POINT('Ctrl Pts',(-18.4451904368227,-7.9316793496028,11.284556057443));
#5954=CARTESIAN_POINT('Ctrl Pts',(-18.4535153118964,-7.9316793496028,11.2908224500021));
#5955=CARTESIAN_POINT('Ctrl Pts',(-18.4619345932348,-7.9316793496028,11.296953080478));
#5956=CARTESIAN_POINT('Ctrl Pts',(-18.4983495412831,-7.9316793496028,11.3234691905008));
#5957=CARTESIAN_POINT('Ctrl Pts',(-18.5364463183566,-7.9316793496028,11.3473906610771));
#5958=CARTESIAN_POINT('Ctrl Pts',(-18.5760167259291,-7.9316793496028,11.3684677029364));
#5959=CARTESIAN_POINT('Ctrl Pts',(-18.5807412380653,-7.9316793496028,11.3709841981197));
#5960=CARTESIAN_POINT('Ctrl Pts',(-18.5854868069714,-7.9316793496028,11.3734601101479));
#5961=CARTESIAN_POINT('Ctrl Pts',(-18.5902531174762,-7.9316793496028,11.3758949827035));
#5962=CARTESIAN_POINT('Ctrl Pts',(-18.6220587821626,-7.9316793496028,11.3921429254217));
#5963=CARTESIAN_POINT('Ctrl Pts',(-18.6547869135549,-7.9316793496028,11.4065650082796));
#5964=CARTESIAN_POINT('Ctrl Pts',(-18.6882851127493,-7.9316793496028,11.4191934299431));
#5965=CARTESIAN_POINT('Ctrl Pts',(-18.1444984973508,-8.37844472140716,10.4153721883095));
#5966=CARTESIAN_POINT('Ctrl Pts',(-18.1439908403181,-8.37370563794756,10.3549817484001));
#5967=CARTESIAN_POINT('Ctrl Pts',(-18.1501963964267,-8.36896655448796,10.2946949106272));
#5968=CARTESIAN_POINT('Ctrl Pts',(-18.1635210351985,-8.36422747102836,10.2360255178151));
#5969=CARTESIAN_POINT('Ctrl Pts',(-18.2214340565112,-8.34362994143667,9.98103010258882));
#5970=CARTESIAN_POINT('Ctrl Pts',(-18.4138295216421,-8.32303241184498,9.75658889797927));
#5971=CARTESIAN_POINT('Ctrl Pts',(-18.6569752622433,-8.30243488225329,9.66035689316391));
#5972=CARTESIAN_POINT('Ctrl Pts',(-18.9001210028445,-8.28183735266159,9.56412488834855));
#5973=CARTESIAN_POINT('Ctrl Pts',(-19.1940170189161,-8.2612398230699,9.59610208332738));
#5974=CARTESIAN_POINT('Ctrl Pts',(-19.4107461132999,-8.24064229347821,9.74242629682583));
#5975=CARTESIAN_POINT('Ctrl Pts',(-19.6274752076836,-8.22004476388651,9.88875051032429));
#5976=CARTESIAN_POINT('Ctrl Pts',(-19.7670373803795,-8.19944723429482,10.1494217423424));
#5977=CARTESIAN_POINT('Ctrl Pts',(-19.7687043474911,-8.17884970470313,10.4108786671655));
#5978=CARTESIAN_POINT('Ctrl Pts',(-19.7703713146027,-8.15825217511143,10.6723355919885));
#5979=CARTESIAN_POINT('Ctrl Pts',(-19.63414307613,-8.13765464551973,10.9345782096166));
#5980=CARTESIAN_POINT('Ctrl Pts',(-19.4192843771121,-8.11705711592804,11.0836949534986));
#5981=CARTESIAN_POINT('Ctrl Pts',(-19.2044256780941,-8.09645958633635,11.2328116973805));
#5982=CARTESIAN_POINT('Ctrl Pts',(-18.910936518531,-8.07586205674466,11.2688025675162));
#5983=CARTESIAN_POINT('Ctrl Pts',(-18.6665990234078,-8.05526452715296,11.1755478243484));
#5984=CARTESIAN_POINT('Ctrl Pts',(-18.4222615282846,-8.03466699756127,11.0822930811805));
#5985=CARTESIAN_POINT('Ctrl Pts',(-18.2270756976013,-8.01406946796957,10.8597927247092));
#5986=CARTESIAN_POINT('Ctrl Pts',(-18.1659665377743,-7.99347193837788,10.6059518542616));
#5987=CARTESIAN_POINT('Ctrl Pts',(-18.1511055225325,-7.98846286605431,10.5442207969962));
#5988=CARTESIAN_POINT('Ctrl Pts',(-18.1441738566252,-7.98345379373073,10.4806362488732));
#5989=CARTESIAN_POINT('Ctrl Pts',(-18.144724871245,-7.97844472140716,10.4169481929498));
#5990=CARTESIAN_POINT('Ctrl Pts',(-18.6891119974443,-9.5316793496028,11.4180776028972));
#5991=CARTESIAN_POINT('Ctrl Pts',(-18.6476387075007,-9.5316793496028,11.4021698401148));
#5992=CARTESIAN_POINT('Ctrl Pts',(-18.6074327280857,-9.5316793496028,11.3834484662319));
#5993=CARTESIAN_POINT('Ctrl Pts',(-18.5686660169407,-9.5316793496028,11.3621620142671));
#5994=CARTESIAN_POINT('Ctrl Pts',(-18.529528243738,-9.5316793496028,11.3406718154681));
#5995=CARTESIAN_POINT('Ctrl Pts',(-18.49185661265,-9.5316793496028,11.3165661724322));
#5996=CARTESIAN_POINT('Ctrl Pts',(-18.4558633052057,-9.5316793496028,11.2900607228747));
#5997=CARTESIAN_POINT('Ctrl Pts',(-18.432554077112,-9.5316793496028,11.2728958215824));
#5998=CARTESIAN_POINT('Ctrl Pts',(-18.4099494603958,-9.5316793496028,11.2547237057514));
#5999=CARTESIAN_POINT('Ctrl Pts',(-18.3881172629915,-9.5316793496028,11.2355971735655));
#6000=CARTESIAN_POINT('Ctrl Pts',(-18.3800665317278,-9.5316793496028,11.2285441697938));
#6001=CARTESIAN_POINT('Ctrl Pts',(-18.3721209209926,-9.5316793496028,11.2213613519152));
#6002=CARTESIAN_POINT('Ctrl Pts',(-18.3642841478576,-9.5316793496028,11.2140512723154));
#6003=CARTESIAN_POINT('Ctrl Pts',(-18.3581390096946,-9.5316793496028,11.2083191363523));
#6004=CARTESIAN_POINT('Ctrl Pts',(-18.3520612225684,-9.5316793496028,11.2025089967551));
#6005=CARTESIAN_POINT('Ctrl Pts',(-18.346061962323,-9.5316793496028,11.1966316938713));
#6006=CARTESIAN_POINT('Ctrl Pts',(-18.3150470384408,-9.5316793496028,11.1662472641047));
#6007=CARTESIAN_POINT('Ctrl Pts',(-18.2860585685725,-9.5316793496028,11.1340067967756));
#6008=CARTESIAN_POINT('Ctrl Pts',(-18.2592869934719,-9.5316793496028,11.1001176202425));
#6009=CARTESIAN_POINT('Ctrl Pts',(-18.2331884807197,-9.5316793496028,11.0670804491912));
#6010=CARTESIAN_POINT('Ctrl Pts',(-18.2091963852607,-9.5316793496028,11.0324753979914));
#6011=CARTESIAN_POINT('Ctrl Pts',(-18.1875322805352,-9.5316793496028,10.996476726441));
#6012=CARTESIAN_POINT('Ctrl Pts',(-18.1749336614163,-9.5316793496028,10.9755419332706));
#6013=CARTESIAN_POINT('Ctrl Pts',(-18.1631232303031,-9.5316793496028,10.9541355735045));
#6014=CARTESIAN_POINT('Ctrl Pts',(-18.1521526715339,-9.5316793496028,10.9322910413466));
#6015=CARTESIAN_POINT('Ctrl Pts',(-18.1480088743285,-9.5316793496028,10.924039929146));
#6016=CARTESIAN_POINT('Ctrl Pts',(-18.1439849684849,-9.5316793496028,10.915726301863));
#6017=CARTESIAN_POINT('Ctrl Pts',(-18.1400839818282,-9.5316793496028,10.9073519689118));
#6018=CARTESIAN_POINT('Ctrl Pts',(-18.1363696339203,-9.5316793496028,10.8993782974245));
#6019=CARTESIAN_POINT('Ctrl Pts',(-18.1327701979204,-9.5316793496028,10.8913569150897));
#6020=CARTESIAN_POINT('Ctrl Pts',(-18.1292898348481,-9.5316793496028,10.8832948662884));
#6021=CARTESIAN_POINT('Ctrl Pts',(-18.1132064960784,-9.5316793496028,10.846038792897));
#6022=CARTESIAN_POINT('Ctrl Pts',(-18.0996451990224,-9.5316793496028,10.8078790221221));
#6023=CARTESIAN_POINT('Ctrl Pts',(-18.0888011834187,-9.5316793496028,10.7689799207384));
#6024=CARTESIAN_POINT('Ctrl Pts',(-18.084882201494,-9.5316793496028,10.7549219480479));
#6025=CARTESIAN_POINT('Ctrl Pts',(-18.0813185949777,-9.5316793496028,10.740767342366));
#6026=CARTESIAN_POINT('Ctrl Pts',(-18.0781212747728,-9.5316793496028,10.7265237404737));
#6027=CARTESIAN_POINT('Ctrl Pts',(-18.0703480098177,-9.5316793496028,10.69189496252));
#6028=CARTESIAN_POINT('Ctrl Pts',(-18.0647379600832,-9.5316793496028,10.6567395164967));
#6029=CARTESIAN_POINT('Ctrl Pts',(-18.0612620409719,-9.5316793496028,10.6212517616536));
#6030=CARTESIAN_POINT('Ctrl Pts',(-18.0593330747409,-9.5316793496028,10.6015577818701));
#6031=CARTESIAN_POINT('Ctrl Pts',(-18.0580618410261,-9.5316793496028,10.5817615880317));
#6032=CARTESIAN_POINT('Ctrl Pts',(-18.0574467273762,-9.5316793496028,10.5618980165522));
#6033=CARTESIAN_POINT('Ctrl Pts',(-18.0571998266368,-9.5316793496028,10.553924968831));
#6034=CARTESIAN_POINT('Ctrl Pts',(-18.0570588862961,-9.5316793496028,10.5459462708266));
#6035=CARTESIAN_POINT('Ctrl Pts',(-18.0570233299472,-9.5316793496028,10.5379715507652));
#6036=CARTESIAN_POINT('Ctrl Pts',(-18.0568430507554,-9.5316793496028,10.4975378130857));
#6037=CARTESIAN_POINT('Ctrl Pts',(-18.0593658287886,-9.5316793496028,10.4571464365278));
#6038=CARTESIAN_POINT('Ctrl Pts',(-18.064515878899,-9.5316793496028,10.4170814353461));
#6039=CARTESIAN_POINT('Ctrl Pts',(-18.0696203879172,-9.5316793496028,10.3773707227386));
#6040=CARTESIAN_POINT('Ctrl Pts',(-18.0773064973887,-9.5316793496028,10.3379794422081));
#6041=CARTESIAN_POINT('Ctrl Pts',(-18.0875457160909,-9.5316793496028,10.2992064813028));
#6042=CARTESIAN_POINT('Ctrl Pts',(-18.0925592052932,-9.5316793496028,10.2802218471725));
#6043=CARTESIAN_POINT('Ctrl Pts',(-18.0981854219753,-9.5316793496028,10.2613859037165));
#6044=CARTESIAN_POINT('Ctrl Pts',(-18.1044243982753,-9.5316793496028,10.2427370103247));
#6045=CARTESIAN_POINT('Ctrl Pts',(-18.1073159317674,-9.5316793496028,10.2340939417759));
#6046=CARTESIAN_POINT('Ctrl Pts',(-18.1103399449115,-9.5316793496028,10.2254888490749));
#6047=CARTESIAN_POINT('Ctrl Pts',(-18.1134938841318,-9.5316793496028,10.2169330222195));
#6048=CARTESIAN_POINT('Ctrl Pts',(-18.126846823559,-9.5316793496028,10.180709927934));
#6049=CARTESIAN_POINT('Ctrl Pts',(-18.1424883495927,-9.5316793496028,10.1454643055246));
#6050=CARTESIAN_POINT('Ctrl Pts',(-18.1603876817693,-9.5316793496028,10.1114727482292));
#6051=CARTESIAN_POINT('Ctrl Pts',(-18.1717653196056,-9.5316793496028,10.0898661528223));
#6052=CARTESIAN_POINT('Ctrl Pts',(-18.1840560103926,-9.5316793496028,10.068766847915));
#6053=CARTESIAN_POINT('Ctrl Pts',(-18.1972590204495,-9.5316793496028,10.0482544264994));
#6054=CARTESIAN_POINT('Ctrl Pts',(-18.2021723878798,-9.5316793496028,10.0406209351314));
#6055=CARTESIAN_POINT('Ctrl Pts',(-18.207212667349,-9.5316793496028,10.0330680520887));
#6056=CARTESIAN_POINT('Ctrl Pts',(-18.2123783978791,-9.5316793496028,10.0256024670931));
#6057=CARTESIAN_POINT('Ctrl Pts',(-18.2333152265827,-9.5316793496028,9.99534427353915));
#6058=CARTESIAN_POINT('Ctrl Pts',(-18.2562392970231,-9.5316793496028,9.96661883463112));
#6059=CARTESIAN_POINT('Ctrl Pts',(-18.281136485542,-9.5316793496028,9.93969192024688));
#6060=CARTESIAN_POINT('Ctrl Pts',(-18.2841958729816,-9.5316793496028,9.93638311838789));
#6061=CARTESIAN_POINT('Ctrl Pts',(-18.2872850896739,-9.5316793496028,9.93310152784878));
#6062=CARTESIAN_POINT('Ctrl Pts',(-18.2904041384042,-9.5316793496028,9.92984768918698));
#6063=CARTESIAN_POINT('Ctrl Pts',(-18.3100552880127,-9.5316793496028,9.90934731363218));
#6064=CARTESIAN_POINT('Ctrl Pts',(-18.330890341648,-9.5316793496028,9.88994724501316));
#6065=CARTESIAN_POINT('Ctrl Pts',(-18.3527938733107,-9.5316793496028,9.87170440720486));
#6066=CARTESIAN_POINT('Origin',(-18.9560315020382,-9.5316793496028,10.4160182343629));
#6067=CARTESIAN_POINT('',(-17.2560315020382,-9.5316793496028,10.4160182343629));
#6068=CARTESIAN_POINT('Origin',(-18.9560315020382,-9.5316793496028,10.4160182343629));
#6069=CARTESIAN_POINT('Origin',(-18.9560315020382,-9.5316793496028,10.4160182343629));
#6070=CARTESIAN_POINT('Origin',(-18.9560315020382,-9.5316793496028,10.4160182343629));
#6071=CARTESIAN_POINT('',(-17.2560315020382,-7.9316793496028,10.4160182343629));
#6072=CARTESIAN_POINT('Origin',(-18.9560315020382,-7.9316793496028,10.4160182343629));
#6073=CARTESIAN_POINT('',(-17.2560315020382,-9.5316793496028,10.4160182343629));
#6074=CARTESIAN_POINT('Origin',(-7.25603150203824,-7.9316793496028,22.4760182343629));
#6075=CARTESIAN_POINT('Origin',(4.44396849796176,-9.5316793496028,34.5360182343629));
#6076=CARTESIAN_POINT('',(5.25589095674252,-9.17844472140716,34.5354275344397));
#6077=CARTESIAN_POINT('',(5.25665933486189,-9.28491397779844,34.5360177302265));
#6078=CARTESIAN_POINT('',(5.25546849796176,-9.5316793496028,34.5360182343629));
#6079=CARTESIAN_POINT('',(3.84174909378505,-9.5316793496028,33.9920843787949));
#6080=CARTESIAN_POINT('Ctrl Pts',(5.25665933486189,-9.28491397779844,34.5360177302265));
#6081=CARTESIAN_POINT('Ctrl Pts',(5.25652313336308,-9.30537651295815,34.7957687446806));
#6082=CARTESIAN_POINT('Ctrl Pts',(5.12067836259996,-9.32583904811785,35.0555624312875));
#6083=CARTESIAN_POINT('Ctrl Pts',(4.90722505440869,-9.34630158327756,35.2037008986277));
#6084=CARTESIAN_POINT('Ctrl Pts',(4.69236356253587,-9.36689911286925,35.3528166577892));
#6085=CARTESIAN_POINT('Ctrl Pts',(4.39886616506196,-9.38749664246095,35.3887991255233));
#6086=CARTESIAN_POINT('Ctrl Pts',(4.15453274272982,-9.40809417205264,35.2955484178544));
#6087=CARTESIAN_POINT('Ctrl Pts',(3.91019932039768,-9.42869170164434,35.2022977101855));
#6088=CARTESIAN_POINT('Ctrl Pts',(3.71502987320731,-9.44928923123603,34.9798138271137));
#6089=CARTESIAN_POINT('Ctrl Pts',(3.65392051433295,-9.46988676082772,34.7259717994148));
#6090=CARTESIAN_POINT('Ctrl Pts',(3.59281115545859,-9.49048429041941,34.472129771716));
#6091=CARTESIAN_POINT('Ctrl Pts',(3.66576188490024,-9.51108182001111,34.1869295993901));
#6092=CARTESIAN_POINT('Ctrl Pts',(3.84174909378505,-9.5316793496028,33.9920843787949));
#6093=CARTESIAN_POINT('',(5.04720948681155,-9.5316793496028,33.9917069437431));
#6094=CARTESIAN_POINT('Origin',(4.44396849796176,-9.5316793496028,34.5360182343629));
#6095=CARTESIAN_POINT('Ctrl Pts',(5.04720948681155,-9.5316793496028,33.9917069437431));
#6096=CARTESIAN_POINT('Ctrl Pts',(4.88941561270087,-9.51328425606181,33.8191894667248));
#6097=CARTESIAN_POINT('Ctrl Pts',(4.65249171099586,-9.49488916252081,33.7165510116669));
#6098=CARTESIAN_POINT('Ctrl Pts',(4.41903206796368,-9.47649406897982,33.72374672645));
#6099=CARTESIAN_POINT('Ctrl Pts',(4.15762040973507,-9.45589653938812,33.7318039808395));
#6100=CARTESIAN_POINT('Ctrl Pts',(3.90055221907015,-9.43529900979643,33.877570684535));
#6101=CARTESIAN_POINT('Ctrl Pts',(3.75956714561617,-9.41470148020474,34.0977680825245));
#6102=CARTESIAN_POINT('Ctrl Pts',(3.6185820721622,-9.39410395061305,34.317965480514));
#6103=CARTESIAN_POINT('Ctrl Pts',(3.59368011591917,-9.37350642102135,34.6125935727974));
#6104=CARTESIAN_POINT('Ctrl Pts',(3.69576965425565,-9.35290889142966,34.8533429364349));
#6105=CARTESIAN_POINT('Ctrl Pts',(3.79785919259212,-9.33231136183796,35.0940923000725));
#6106=CARTESIAN_POINT('Ctrl Pts',(4.02694022550809,-9.31171383224627,35.2809629350643));
#6107=CARTESIAN_POINT('Ctrl Pts',(4.28327622537607,-9.29111630265458,35.3326634887317));
#6108=CARTESIAN_POINT('Ctrl Pts',(4.53961222524405,-9.27051877306289,35.3843640423992));
#6109=CARTESIAN_POINT('Ctrl Pts',(4.82320319206404,-9.24992124347119,35.3008945147423));
#6110=CARTESIAN_POINT('Ctrl Pts',(5.01064039418107,-9.2293237138795,35.11856348449));
#6111=CARTESIAN_POINT('Ctrl Pts',(5.16497307686346,-9.21236404972205,34.9684351390108));
#6112=CARTESIAN_POINT('Ctrl Pts',(5.25411733012825,-9.19540438556461,34.7512826254819));
#6113=CARTESIAN_POINT('Ctrl Pts',(5.25589095674252,-9.17844472140716,34.5354275344397));
#6114=CARTESIAN_POINT('Origin',(4.44396849796176,-9.5316793496028,34.5360182343629));
#6115=CARTESIAN_POINT('',(5.25504242688694,-8.77844472140716,34.536623596915));
#6116=CARTESIAN_POINT('',(5.25432995067577,-8.88491397779844,34.536145960358));
#6117=CARTESIAN_POINT('',(5.25546849796176,-9.5316793496028,34.5360182343629));
#6118=CARTESIAN_POINT('Ctrl Pts',(5.25432995067577,-8.88491397779844,34.536145960358));
#6119=CARTESIAN_POINT('Ctrl Pts',(5.25451175634378,-8.89452713914963,34.6591008153026));
#6120=CARTESIAN_POINT('Ctrl Pts',(5.2281064190724,-8.90414030050081,34.781981506456));
#6121=CARTESIAN_POINT('Ctrl Pts',(5.17469143886493,-8.91375346185199,34.8917143578987));
#6122=CARTESIAN_POINT('Ctrl Pts',(5.06024244594051,-8.93435099144368,35.1268321898172));
#6123=CARTESIAN_POINT('Ctrl Pts',(4.82179489055175,-8.95494852103538,35.3015896079572));
#6124=CARTESIAN_POINT('Ctrl Pts',(4.56312664605424,-8.97554605062708,35.3399308960219));
#6125=CARTESIAN_POINT('Ctrl Pts',(4.30445840155673,-8.99614358021877,35.3782721840867));
#6126=CARTESIAN_POINT('Ctrl Pts',(4.02556946795046,-9.01674110981046,35.2801973420764));
#6127=CARTESIAN_POINT('Ctrl Pts',(3.84784019716539,-9.03733863940216,35.0883847486747));
#6128=CARTESIAN_POINT('Ctrl Pts',(3.67011092638032,-9.05793616899385,34.896572155273));
#6129=CARTESIAN_POINT('Ctrl Pts',(3.59354131841644,-9.07853369858554,34.6110218104801));
#6130=CARTESIAN_POINT('Ctrl Pts',(3.65145451141289,-9.09913122817724,34.3560250103383));
#6131=CARTESIAN_POINT('Ctrl Pts',(3.70936770440935,-9.11972875776893,34.1010282101966));
#6132=CARTESIAN_POINT('Ctrl Pts',(3.90176369836613,-9.14032628736062,33.876584954706));
#6133=CARTESIAN_POINT('Ctrl Pts',(4.14491073545673,-9.16092381695232,33.7803529045194));
#6134=CARTESIAN_POINT('Ctrl Pts',(4.38805777254733,-9.18152134654401,33.6841208543328));
#6135=CARTESIAN_POINT('Ctrl Pts',(4.68195585277175,-9.2021188761357,33.7161000094501));
#6136=CARTESIAN_POINT('Ctrl Pts',(4.89868552385544,-9.2227164057274,33.8624242326289));
#6137=CARTESIAN_POINT('Ctrl Pts',(5.11541519493912,-9.24331393531909,34.0087484558077));
#6138=CARTESIAN_POINT('Ctrl Pts',(5.25497645688207,-9.26391146491078,34.269417747048));
#6139=CARTESIAN_POINT('Ctrl Pts',(5.25664429471767,-9.28450899450248,34.5308769179626));
#6140=CARTESIAN_POINT('Ctrl Pts',(5.25665522558295,-9.28464398893446,34.5325904988126));
#6141=CARTESIAN_POINT('Ctrl Pts',(5.25666023340373,-9.28477898336645,34.5343041135909));
#6142=CARTESIAN_POINT('Ctrl Pts',(5.25665933486189,-9.28491397779844,34.5360177302265));
#6143=CARTESIAN_POINT('Ctrl Pts',(5.25589095674252,-9.17844472140716,34.5354275344397));
#6144=CARTESIAN_POINT('Ctrl Pts',(5.25627140147853,-9.17480685597291,34.4891263950292));
#6145=CARTESIAN_POINT('Ctrl Pts',(5.25263186322426,-9.17116899053867,34.4428849509251));
#6146=CARTESIAN_POINT('Ctrl Pts',(5.24475341831485,-9.16753112510442,34.3973774911905));
#6147=CARTESIAN_POINT('Ctrl Pts',(5.20014580291754,-9.14693359551272,34.1397150609909));
#6148=CARTESIAN_POINT('Ctrl Pts',(5.01964713470885,-9.12633606592103,33.9055827334394));
#6149=CARTESIAN_POINT('Ctrl Pts',(4.78181911442464,-9.10573853632933,33.7968760144823));
#6150=CARTESIAN_POINT('Ctrl Pts',(4.54399109414043,-9.08514100673764,33.6881692955252));
#6151=CARTESIAN_POINT('Ctrl Pts',(4.24883372178069,-9.06454347714595,33.7048881851625));
#6152=CARTESIAN_POINT('Ctrl Pts',(4.0248047982474,-9.04394594755425,33.8397585348894));
#6153=CARTESIAN_POINT('Ctrl Pts',(3.80077587471411,-9.02334841796256,33.9746288846163));
#6154=CARTESIAN_POINT('Ctrl Pts',(3.64787540000727,-9.00275088837087,34.2276506944328));
#6155=CARTESIAN_POINT('Ctrl Pts',(3.6326504965154,-8.98215335877917,34.4887014122053));
#6156=CARTESIAN_POINT('Ctrl Pts',(3.61742559302352,-8.96155582918748,34.7497521299778));
#6157=CARTESIAN_POINT('Ctrl Pts',(3.73987626074661,-8.94095829959578,35.0188317557062));
#6158=CARTESIAN_POINT('Ctrl Pts',(3.94670840663059,-8.92036077000409,35.1788306624976));
#6159=CARTESIAN_POINT('Ctrl Pts',(4.15354055251457,-8.8997632404124,35.338829569289));
#6160=CARTESIAN_POINT('Ctrl Pts',(4.44475417655945,-8.87916571082071,35.3897477571432));
#6161=CARTESIAN_POINT('Ctrl Pts',(4.69360609025975,-8.85856818122902,35.3094241230037));
#6162=CARTESIAN_POINT('Ctrl Pts',(4.94245800396005,-8.83797065163732,35.2291004888641));
#6163=CARTESIAN_POINT('Ctrl Pts',(5.14894820731579,-8.81737312204563,35.0175350327307));
#6164=CARTESIAN_POINT('Ctrl Pts',(5.22320687148618,-8.79677559245394,34.7668063733022));
#6165=CARTESIAN_POINT('Ctrl Pts',(5.24523582388965,-8.79066530210501,34.6924273124015));
#6166=CARTESIAN_POINT('Ctrl Pts',(5.25562811275443,-8.78455501175608,34.6146018042867));
#6167=CARTESIAN_POINT('Ctrl Pts',(5.25504242688694,-8.77844472140716,34.536623596915));
#6168=CARTESIAN_POINT('Origin',(4.44396849796176,-9.5316793496028,34.5360182343629));
#6169=CARTESIAN_POINT('',(5.25550509810272,-8.37844472140716,34.5353725408483));
#6170=CARTESIAN_POINT('',(5.25655152220963,-8.48491397779844,34.5357657002325));
#6171=CARTESIAN_POINT('',(5.25546849796176,-9.5316793496028,34.5360182343629));
#6172=CARTESIAN_POINT('Ctrl Pts',(5.25655152220963,-8.48491397779844,34.5357657002325));
#6173=CARTESIAN_POINT('Ctrl Pts',(5.25550906666014,-8.5042752949328,34.7816581838917));
#6174=CARTESIAN_POINT('Ctrl Pts',(5.13564717003971,-8.52363661206715,35.0284344814802));
#6175=CARTESIAN_POINT('Ctrl Pts',(4.94122857880344,-8.54299792920151,35.1788306489242));
#6176=CARTESIAN_POINT('Ctrl Pts',(4.73439643725155,-8.56359545879321,35.3388295522998));
#6177=CARTESIAN_POINT('Ctrl Pts',(4.44318281938238,-8.5841929883849,35.3897477391663));
#6178=CARTESIAN_POINT('Ctrl Pts',(4.19433091093035,-8.6047905179766,35.309424106748));
#6179=CARTESIAN_POINT('Ctrl Pts',(3.94547900247831,-8.62538804756829,35.2291004743297));
#6180=CARTESIAN_POINT('Ctrl Pts',(3.73898880344342,-8.64598557715998,35.0175350226266));
#6181=CARTESIAN_POINT('Ctrl Pts',(3.66473014082781,-8.66658310675167,34.7668063684477));
#6182=CARTESIAN_POINT('Ctrl Pts',(3.5904714782122,-8.68718063634336,34.5160777142688));
#6183=CARTESIAN_POINT('Ctrl Pts',(3.64844435201588,-8.70777816593506,34.226185857614));
#6184=CARTESIAN_POINT('Ctrl Pts',(3.81341743256483,-8.72837569552675,34.0232990888013));
#6185=CARTESIAN_POINT('Ctrl Pts',(3.97839051311378,-8.74897322511845,33.8204123199885));
#6186=CARTESIAN_POINT('Ctrl Pts',(4.25036380040799,-8.76957075471014,33.7045306390178));
#6187=CARTESIAN_POINT('Ctrl Pts',(4.51096781155631,-8.79016828430183,33.7260883112889));
#6188=CARTESIAN_POINT('Ctrl Pts',(4.77157182270463,-8.81076581389353,33.74764598356));
#6189=CARTESIAN_POINT('Ctrl Pts',(5.02080655770707,-8.83136334348523,33.9066430090731));
#6190=CARTESIAN_POINT('Ctrl Pts',(5.15019870997825,-8.85196087307692,34.1338806446781));
#6191=CARTESIAN_POINT('Ctrl Pts',(5.21920169607187,-8.86294524131743,34.2550632290496));
#6192=CARTESIAN_POINT('Ctrl Pts',(5.25412221252047,-8.87392960955794,34.3956530096697));
#6193=CARTESIAN_POINT('Ctrl Pts',(5.25432995067577,-8.88491397779844,34.536145960358));
#6194=CARTESIAN_POINT('Ctrl Pts',(5.25504242688694,-8.77844472140716,34.536623596915));
#6195=CARTESIAN_POINT('Ctrl Pts',(5.25365379053763,-8.76395748216439,34.3517405747663));
#6196=CARTESIAN_POINT('Ctrl Pts',(5.1905531293939,-8.74947024292162,34.1659991629278));
#6197=CARTESIAN_POINT('Ctrl Pts',(5.07451957662831,-8.73498300367885,34.0232990780356));
#6198=CARTESIAN_POINT('Ctrl Pts',(4.90954649261498,-8.71438547408716,33.8204123049211));
#6199=CARTESIAN_POINT('Ctrl Pts',(4.63757319960325,-8.69378794449546,33.7045306214156));
#6200=CARTESIAN_POINT('Ctrl Pts',(4.37696918296141,-8.67319041490377,33.7260882941924));
#6201=CARTESIAN_POINT('Ctrl Pts',(4.11636516631959,-8.65259288531207,33.7476459669692));
#6202=CARTESIAN_POINT('Ctrl Pts',(3.86713042604766,-8.63199535572038,33.9066429960282));
#6203=CARTESIAN_POINT('Ctrl Pts',(3.73773827107214,-8.61139782612869,34.1338806363228));
#6204=CARTESIAN_POINT('Ctrl Pts',(3.60834611609663,-8.590800296537,34.3611182766174));
#6205=CARTESIAN_POINT('Ctrl Pts',(3.59879654641753,-8.5702027669453,34.6565965281476));
#6206=CARTESIAN_POINT('Ctrl Pts',(3.71324554171191,-8.54960523735361,34.8917143651805));
#6207=CARTESIAN_POINT('Ctrl Pts',(3.82769453700628,-8.52900770776192,35.1268322022134));
#6208=CARTESIAN_POINT('Ctrl Pts',(4.06614209727413,-8.50841017817022,35.3015896247491));
#6209=CARTESIAN_POINT('Ctrl Pts',(4.32481034729648,-8.48781264857853,35.3399309133178));
#6210=CARTESIAN_POINT('Ctrl Pts',(4.58347859731882,-8.46721511898683,35.3782722018864));
#6211=CARTESIAN_POINT('Ctrl Pts',(4.86236753709565,-8.44661758939514,35.2801973564879));
#6212=CARTESIAN_POINT('Ctrl Pts',(5.04009681144483,-8.42602005980345,35.0883847595943));
#6213=CARTESIAN_POINT('Ctrl Pts',(5.17693410112154,-8.41016161367135,34.9407044408573));
#6214=CARTESIAN_POINT('Ctrl Pts',(5.25380631651396,-8.39430316753926,34.7374585841374));
#6215=CARTESIAN_POINT('Ctrl Pts',(5.25550509810272,-8.37844472140716,34.5353725408483));
#6216=CARTESIAN_POINT('Origin',(4.44396849796176,-9.5316793496028,34.5360182343629));
#6217=CARTESIAN_POINT('',(5.25526069126375,-7.97844472140716,34.5369647636751));
#6218=CARTESIAN_POINT('',(5.2544415331443,-8.08491397779844,34.536325034446));
#6219=CARTESIAN_POINT('',(5.25546849796176,-9.5316793496028,34.5360182343629));
#6220=CARTESIAN_POINT('',(5.04618790213851,-7.9316793496028,33.992084378795));
#6221=CARTESIAN_POINT('Ctrl Pts',(5.25526069126375,-7.97844472140716,34.5369647636751));
#6222=CARTESIAN_POINT('Ctrl Pts',(5.25355069182821,-7.96285626413904,34.3387589215577));
#6223=CARTESIAN_POINT('Ctrl Pts',(5.17937713112947,-7.94726780687092,34.1395455770724));
#6224=CARTESIAN_POINT('Ctrl Pts',(5.04618790213851,-7.9316793496028,33.992084378795));
#6225=CARTESIAN_POINT('',(3.8407275239395,-7.93167934960281,33.9917069353884));
#6226=CARTESIAN_POINT('Origin',(4.44396849796176,-7.9316793496028,34.5360182343629));
#6227=CARTESIAN_POINT('Ctrl Pts',(3.8407275239395,-7.93167934960281,33.9917069353884));
#6228=CARTESIAN_POINT('Ctrl Pts',(3.99852140008928,-7.9500744431438,33.8191894488542));
#6229=CARTESIAN_POINT('Ctrl Pts',(4.23544529286771,-7.96846953668479,33.7165510340928));
#6230=CARTESIAN_POINT('Ctrl Pts',(4.46890492864596,-7.98686463022579,33.7237467577767));
#6231=CARTESIAN_POINT('Ctrl Pts',(4.73031657875212,-8.00746215981748,33.7318040221327));
#6232=CARTESIAN_POINT('Ctrl Pts',(4.98738476339175,-8.02805968940917,33.877570696431));
#6233=CARTESIAN_POINT('Ctrl Pts',(5.12836983447957,-8.04865721900087,34.0977680839467));
#6234=CARTESIAN_POINT('Ctrl Pts',(5.21109272759375,-8.06074280526673,34.2269687490309));
#6235=CARTESIAN_POINT('Ctrl Pts',(5.25385113555195,-8.07282839153259,34.3817940294663));
#6236=CARTESIAN_POINT('Ctrl Pts',(5.2544415331443,-8.08491397779844,34.536325034446));
#6237=CARTESIAN_POINT('Origin',(4.44396849796176,-10.4151064635007,34.5360182343629));
#6238=CARTESIAN_POINT('',(5.48101526856702,-8.2482522357049,34.5351931152321));
#6239=CARTESIAN_POINT('',(5.47965615967993,-8.2151064635007,34.5364102881968));
#6240=CARTESIAN_POINT('',(5.48096849796176,-10.4151064635007,34.5360182343629));
#6241=CARTESIAN_POINT('',(4.17704899336778,-7.9316793496028,35.5380776028972));
#6242=CARTESIAN_POINT('Ctrl Pts',(5.47965615967993,-8.2151064635007,34.5364102881968));
#6243=CARTESIAN_POINT('Ctrl Pts',(5.47890170212815,-8.20302087723484,34.3389381351913));
#6244=CARTESIAN_POINT('Ctrl Pts',(5.33113809320908,-8.1703377613773,33.8038961801353));
#6245=CARTESIAN_POINT('Ctrl Pts',(4.48138470536572,-8.11705711592805,33.3220562142396));
#6246=CARTESIAN_POINT('Ctrl Pts',(3.46257489076721,-8.05526452715297,33.8190960477812));
#6247=CARTESIAN_POINT('Ctrl Pts',(3.29952199475405,-7.99347193837789,34.9419094069916));
#6248=CARTESIAN_POINT('Ctrl Pts',(3.85283745624793,-7.9522768791945,35.4517170681933));
#6249=CARTESIAN_POINT('Ctrl Pts',(4.17704899336778,-7.9316793496028,35.5380776028972));
#6250=CARTESIAN_POINT('',(4.71172025372281,-7.9316793496028,35.5391930496573));
#6251=CARTESIAN_POINT('Origin',(4.44396849796176,-7.9316793496028,34.5360182343629));
#6252=CARTESIAN_POINT('Ctrl Pts',(5.48101526856702,-8.2482522357049,34.5351931152321));
#6253=CARTESIAN_POINT('Ctrl Pts',(5.48166399486476,-8.2435131522453,34.4580210222719));
#6254=CARTESIAN_POINT('Ctrl Pts',(5.43926782838302,-8.21817653919401,34.046142648592));
#6255=CARTESIAN_POINT('Ctrl Pts',(4.89098235140344,-8.17224239655103,33.4065296393054));
#6256=CARTESIAN_POINT('Ctrl Pts',(3.76428246698503,-8.11044980777595,33.5291262844354));
#6257=CARTESIAN_POINT('Ctrl Pts',(3.22925464817689,-8.04865721900087,34.528438842427));
#6258=CARTESIAN_POINT('Ctrl Pts',(3.73288076789117,-7.98906706627649,35.497974008714));
#6259=CARTESIAN_POINT('Ctrl Pts',(4.42254576214558,-7.9500744431438,35.6142840305714));
#6260=CARTESIAN_POINT('Ctrl Pts',(4.71172025372281,-7.9316793496028,35.5391930496573));
#6261=CARTESIAN_POINT('Origin',(4.44396849796176,-10.4151064635007,34.5360182343629));
#6262=CARTESIAN_POINT('',(5.48042403005715,-8.6482522357049,34.5367918153445));
#6263=CARTESIAN_POINT('',(5.48235247349478,-8.6151064635007,34.5356955259301));
#6264=CARTESIAN_POINT('',(5.48096849796176,-10.4151064635007,34.5360182343629));
#6265=CARTESIAN_POINT('Ctrl Pts',(5.48235247349477,-8.6151064635007,34.5356955259301));
#6266=CARTESIAN_POINT('Ctrl Pts',(5.48243752969845,-8.61387025104336,34.5156326261916));
#6267=CARTESIAN_POINT('Ctrl Pts',(5.47300703038386,-8.59203650899433,34.1613669455258));
#6268=CARTESIAN_POINT('Ctrl Pts',(5.07050324475777,-8.54960523735361,33.4952981414178));
#6269=CARTESIAN_POINT('Ctrl Pts',(3.93897574601069,-8.48781264857853,33.4312039178095));
#6270=CARTESIAN_POINT('Ctrl Pts',(3.24700859082047,-8.42602005980345,34.3287832791382));
#6271=CARTESIAN_POINT('Ctrl Pts',(3.59695655163576,-8.36422747102837,35.4067746022239));
#6272=CARTESIAN_POINT('Ctrl Pts',(4.68414259665782,-8.30243488225329,35.726766815873));
#6273=CARTESIAN_POINT('Ctrl Pts',(5.39059319612282,-8.25272787974406,35.1504866071696));
#6274=CARTESIAN_POINT('Ctrl Pts',(5.48018752818629,-8.22361840682653,34.6754909862976));
#6275=CARTESIAN_POINT('Ctrl Pts',(5.47965615967993,-8.2151064635007,34.5364102881968));
#6276=CARTESIAN_POINT('Ctrl Pts',(5.48042403005715,-8.6482522357049,34.5367918153445));
#6277=CARTESIAN_POINT('Ctrl Pts',(5.47864951878884,-8.63376499646213,34.3005334124261));
#6278=CARTESIAN_POINT('Ctrl Pts',(5.28336980533866,-8.59868022762767,33.7257132913336));
#6279=CARTESIAN_POINT('Ctrl Pts',(4.343822805724,-8.5429979292015,33.3253935141885));
#6280=CARTESIAN_POINT('Ctrl Pts',(3.38834618590149,-8.48120534042644,33.9349311080304));
#6281=CARTESIAN_POINT('Ctrl Pts',(3.3517365601816,-8.41941275165134,35.067688767316));
#6282=CARTESIAN_POINT('Ctrl Pts',(4.26585900009942,-8.35762016287627,35.7376460581461));
#6283=CARTESIAN_POINT('Ctrl Pts',(5.25302166173787,-8.30056665756079,35.3904977434771));
#6284=CARTESIAN_POINT('Ctrl Pts',(5.4788444287549,-8.26411068183699,34.7934349228609));
#6285=CARTESIAN_POINT('Ctrl Pts',(5.48101526856702,-8.2482522357049,34.5351931152321));
#6286=CARTESIAN_POINT('Origin',(4.44396849796176,-10.4151064635007,34.5360182343629));
#6287=CARTESIAN_POINT('',(5.48150834978633,-9.0482522357049,34.5352633904684));
#6288=CARTESIAN_POINT('',(5.47951357062279,-9.01510646350071,34.5361814529173));
#6289=CARTESIAN_POINT('',(5.48096849796176,-10.4151064635007,34.5360182343629));
#6290=CARTESIAN_POINT('Ctrl Pts',(5.47951357062279,-9.01510646350071,34.5361814529173));
#6291=CARTESIAN_POINT('Ctrl Pts',(5.47924810609161,-9.0041220952602,34.3566482553033));
#6292=CARTESIAN_POINT('Ctrl Pts',(5.35094592754492,-8.97254019742799,33.8401044876439));
#6293=CARTESIAN_POINT('Ctrl Pts',(4.54411418811682,-8.92036077000409,33.3253935399211));
#6294=CARTESIAN_POINT('Ctrl Pts',(3.50146613294456,-8.85856818122901,33.769642350149));
#6295=CARTESIAN_POINT('Ctrl Pts',(3.27921892357518,-8.79677559245393,34.8809837747368));
#6296=CARTESIAN_POINT('Ctrl Pts',(4.07082830028198,-8.73498300367885,35.6920498502122));
#6297=CARTESIAN_POINT('Ctrl Pts',(5.16490219527672,-8.6744266273611,35.5007529615614));
#6298=CARTESIAN_POINT('Ctrl Pts',(5.48102033990904,-8.63446778063506,34.8499167280922));
#6299=CARTESIAN_POINT('Ctrl Pts',(5.48235247349477,-8.6151064635007,34.5356955259301));
#6300=CARTESIAN_POINT('Ctrl Pts',(5.48150834978633,-9.0482522357049,34.5352633904684));
#6301=CARTESIAN_POINT('Ctrl Pts',(5.48199451268374,-9.04461437027065,34.4760960687572));
#6302=CARTESIAN_POINT('Ctrl Pts',(5.45101033365942,-9.02037897524471,34.082432619614));
#6303=CARTESIAN_POINT('Ctrl Pts',(4.94896126120801,-8.97554605062708,33.4312038928613));
#6304=CARTESIAN_POINT('Ctrl Pts',(3.81743373759599,-8.91375346185199,33.4952981204172));
#6305=CARTESIAN_POINT('Ctrl Pts',(3.23126814694538,-8.85196087307691,34.4652930068486));
#6306=CARTESIAN_POINT('Ctrl Pts',(3.70070009677474,-8.79016828430183,35.496847801231));
#6307=CARTESIAN_POINT('Ctrl Pts',(4.81710870355676,-8.72837569552676,35.6920498744468));
#6308=CARTESIAN_POINT('Ctrl Pts',(5.42312569983547,-8.68107034599444,35.071137791652));
#6309=CARTESIAN_POINT('Ctrl Pts',(5.48117246658775,-8.65436252605382,34.6364386434953));
#6310=CARTESIAN_POINT('Ctrl Pts',(5.48042403005715,-8.6482522357049,34.5367918153445));
#6311=CARTESIAN_POINT('Origin',(4.44396849796176,-10.4151064635007,34.5360182343629));
#6312=CARTESIAN_POINT('',(5.47977908840789,-9.4482522357049,34.5368894395214));
#6313=CARTESIAN_POINT('',(5.48249024510925,-9.4151064635007,34.5360175901368));
#6314=CARTESIAN_POINT('',(5.48096849796176,-10.4151064635007,34.5360182343629));
#6315=CARTESIAN_POINT('',(4.71088800255567,-9.5316793496028,35.5380776028972));
#6316=CARTESIAN_POINT('Ctrl Pts',(4.71088800255567,-9.5316793496028,35.5380776028972));
#6317=CARTESIAN_POINT('Ctrl Pts',(5.03509953967552,-9.51108182001111,35.4517170681933));
#6318=CARTESIAN_POINT('Ctrl Pts',(5.40861932029292,-9.48327278204514,35.1075673377045));
#6319=CARTESIAN_POINT('Ctrl Pts',(5.48045598631386,-9.45546374407917,34.6546258448112));
#6320=CARTESIAN_POINT('Ctrl Pts',(5.47977908840789,-9.4482522357049,34.5368894395214));
#6321=CARTESIAN_POINT('',(4.17621676390636,-9.5316793496028,35.5391930482932));
#6322=CARTESIAN_POINT('Origin',(4.44396849796176,-9.5316793496028,34.5360182343629));
#6323=CARTESIAN_POINT('Ctrl Pts',(4.17621676390636,-9.5316793496028,35.5391930482932));
#6324=CARTESIAN_POINT('Ctrl Pts',(4.46539126429115,-9.51328425606181,35.6142840379871));
#6325=CARTESIAN_POINT('Ctrl Pts',(5.15266852403327,-9.4744266273611,35.4983766091944));
#6326=CARTESIAN_POINT('Ctrl Pts',(5.48231619594225,-9.43556899866041,34.8679483381207));
#6327=CARTESIAN_POINT('Ctrl Pts',(5.48249024517733,-9.4151064635007,34.5360175901368));
#6328=CARTESIAN_POINT('Origin',(4.44396849796176,-10.4151064635007,34.5360182343629));
#6329=CARTESIAN_POINT('Ctrl Pts',(5.48249024517733,-9.4151064635007,34.5360175901368));
#6330=CARTESIAN_POINT('Ctrl Pts',(5.4824913934064,-9.41497146906871,34.5338277929082));
#6331=CARTESIAN_POINT('Ctrl Pts',(5.4815085703617,-9.39423894504503,34.1975178149556));
#6332=CARTESIAN_POINT('Ctrl Pts',(5.1236545067488,-9.35290889142965,33.5291262868855));
#6333=CARTESIAN_POINT('Ctrl Pts',(3.99695465760748,-9.29111630265459,33.4065296737371));
#6334=CARTESIAN_POINT('Ctrl Pts',(3.25937740905599,-9.22932371387949,34.266964631015));
#6335=CARTESIAN_POINT('Ctrl Pts',(3.55291782849607,-9.16753112510443,35.36166225597));
#6336=CARTESIAN_POINT('Ctrl Pts',(4.62207799171121,-9.10573853632932,35.7376460310706));
#6337=CARTESIAN_POINT('Ctrl Pts',(5.37370427074035,-9.05493031579477,35.1867816377868));
#6338=CARTESIAN_POINT('Ctrl Pts',(5.47974589653497,-9.02471962485189,34.6933030605298));
#6339=CARTESIAN_POINT('Ctrl Pts',(5.47951357062279,-9.01510646350071,34.5361814529173));
#6340=CARTESIAN_POINT('Ctrl Pts',(5.47977908840789,-9.4482522357049,34.5368894395214));
#6341=CARTESIAN_POINT('Ctrl Pts',(5.47852262869641,-9.43486621448748,34.3183468077336));
#6342=CARTESIAN_POINT('Ctrl Pts',(5.30646186762876,-9.40088266367837,33.7610890561194));
#6343=CARTESIAN_POINT('Ctrl Pts',(4.40655228875467,-9.34630158327755,33.3220561239057));
#6344=CARTESIAN_POINT('Ctrl Pts',(3.42104502916309,-9.28450899450248,33.8808733946349));
#6345=CARTESIAN_POINT('Ctrl Pts',(3.32557985864916,-9.22271640572739,35.0103718482316));
#6346=CARTESIAN_POINT('Ctrl Pts',(4.20379439149152,-9.16092381695232,35.7267668518783));
#6347=CARTESIAN_POINT('Ctrl Pts',(5.22697543173423,-9.10276909361148,35.4256132605133));
#6348=CARTESIAN_POINT('Ctrl Pts',(5.47924186697796,-9.06521189986235,34.8111003952877));
#6349=CARTESIAN_POINT('Ctrl Pts',(5.48150834978633,-9.0482522357049,34.5352633904684));
#6350=CARTESIAN_POINT('Ctrl Pts',(3.84174909378505,-9.5316793496028,33.9920843787949));
#6351=CARTESIAN_POINT('Ctrl Pts',(3.66576188490024,-9.51108182001111,34.1869295993901));
#6352=CARTESIAN_POINT('Ctrl Pts',(3.51986042601694,-9.46988676082772,34.7573299440419));
#6353=CARTESIAN_POINT('Ctrl Pts',(4.10536876758806,-9.40809417205265,35.4247815932574));
#6354=CARTESIAN_POINT('Ctrl Pts',(4.98586096000977,-9.34630158327755,35.3168341900551));
#6355=CARTESIAN_POINT('Ctrl Pts',(5.39453771882501,-9.28450899450248,34.5300870382883));
#6356=CARTESIAN_POINT('Ctrl Pts',(4.97585393299618,-9.2227164057274,33.7480791645674));
#6357=CARTESIAN_POINT('Ctrl Pts',(4.09415969232291,-9.16092381695232,33.6521416992155));
#6358=CARTESIAN_POINT('Ctrl Pts',(3.51697171045257,-9.09913122817724,34.3254714656871));
#6359=CARTESIAN_POINT('Ctrl Pts',(3.7466805343442,-9.03733863940216,35.182122500066));
#6360=CARTESIAN_POINT('Ctrl Pts',(4.58334733516299,-8.97554605062708,35.4763470260971));
#6361=CARTESIAN_POINT('Ctrl Pts',(5.29869000132927,-8.91375346185199,34.9520747716773));
#6362=CARTESIAN_POINT('Ctrl Pts',(5.2700412927095,-8.85196087307692,34.0656400345861));
#6363=CARTESIAN_POINT('Ctrl Pts',(4.52233708770219,-8.79016828430183,33.588648958047));
#6364=CARTESIAN_POINT('Ctrl Pts',(3.70641722581956,-8.72837569552675,33.9362940009593));
#6365=CARTESIAN_POINT('Ctrl Pts',(3.53249860440852,-8.66658310675167,34.8059695709235));
#6366=CARTESIAN_POINT('Ctrl Pts',(4.15196920151321,-8.6047905179766,35.4406659260328));
#6367=CARTESIAN_POINT('Ctrl Pts',(5.02561005512072,-8.54299792920151,35.2879113654333));
#6368=CARTESIAN_POINT('Ctrl Pts',(5.39296205082457,-8.48120534042643,34.4806725057791));
#6369=CARTESIAN_POINT('Ctrl Pts',(4.93426063588362,-8.41941275165136,33.7216070912338));
#6370=CARTESIAN_POINT('Ctrl Pts',(4.04878853826235,-8.35762016287626,33.6714504254111));
#6371=CARTESIAN_POINT('Ctrl Pts',(3.50729254362699,-8.2958275741012,34.3738473894595));
#6372=CARTESIAN_POINT('Ctrl Pts',(3.78114285240386,-8.2340349853261,35.2174249773901));
#6373=CARTESIAN_POINT('Ctrl Pts',(4.63191573141581,-8.17224239655103,35.4678335418803));
#6374=CARTESIAN_POINT('Ctrl Pts',(5.31915882063939,-8.11044980777594,34.907221672929));
#6375=CARTESIAN_POINT('Ctrl Pts',(5.24445294803137,-8.04865721900087,34.0233373707292));
#6376=CARTESIAN_POINT('Ctrl Pts',(4.4732483941125,-7.98686463022578,33.5860373478344));
#6377=CARTESIAN_POINT('Ctrl Pts',(3.67598304739438,-7.92507204145071,33.9749937845933));
#6378=CARTESIAN_POINT('Ctrl Pts',(3.54838668759237,-7.86327945267562,34.8536466688741));
#6379=CARTESIAN_POINT('Ctrl Pts',(3.98138138094076,-7.82208439349224,35.2525945156101));
#6380=CARTESIAN_POINT('Ctrl Pts',(4.23509175931372,-7.80148686390054,35.3201755897781));
#6381=CARTESIAN_POINT('Ctrl Pts',(3.78596742377402,-9.57507684483689,33.9417015139641));
#6382=CARTESIAN_POINT('Ctrl Pts',(3.59367907888448,-9.55447931524519,34.1545946282723));
#6383=CARTESIAN_POINT('Ctrl Pts',(3.43426323142932,-9.5132842560618,34.7778293445481));
#6384=CARTESIAN_POINT('Ctrl Pts',(4.07400535037743,-9.45149166728673,35.5071049193739));
#6385=CARTESIAN_POINT('Ctrl Pts',(5.03605473704483,-9.38969907851164,35.3891586911883));
#6386=CARTESIAN_POINT('Ctrl Pts',(5.48258592556342,-9.32790648973656,34.5295376504407));
#6387=CARTESIAN_POINT('Ctrl Pts',(5.02512079091372,-9.2661139009615,33.6750948720068));
#6388=CARTESIAN_POINT('Ctrl Pts',(4.06175801408443,-9.2043213121864,33.570271024056));
#6389=CARTESIAN_POINT('Ctrl Pts',(3.43110694332038,-9.14252872341133,34.3059691874631));
#6390=CARTESIAN_POINT('Ctrl Pts',(3.68209296572816,-9.08073613463624,35.2419690853673));
#6391=CARTESIAN_POINT('Ctrl Pts',(4.5962575540124,-9.01894354586117,35.5634466944216));
#6392=CARTESIAN_POINT('Ctrl Pts',(5.37786013852762,-8.95715095708607,34.9906127668157));
#6393=CARTESIAN_POINT('Ctrl Pts',(5.34655779105233,-8.89535836831101,34.022070396447));
#6394=CARTESIAN_POINT('Ctrl Pts',(4.52959612117374,-8.83356577953591,33.500897152005));
#6395=CARTESIAN_POINT('Ctrl Pts',(3.63810019486123,-8.77177319076084,33.8807434506892));
#6396=CARTESIAN_POINT('Ctrl Pts',(3.44807204413074,-8.70998060198575,34.8309743055279));
#6397=CARTESIAN_POINT('Ctrl Pts',(4.12492223443614,-8.64818801321069,35.524460567426));
#6398=CARTESIAN_POINT('Ctrl Pts',(5.07948566454332,-8.58639542443559,35.3575568372165));
#6399=CARTESIAN_POINT('Ctrl Pts',(5.48086430844238,-8.52460283566052,34.4755460067872));
#6400=CARTESIAN_POINT('Ctrl Pts',(4.97967483884166,-8.46281024688543,33.6461707746285));
#6401=CARTESIAN_POINT('Ctrl Pts',(4.01218427417847,-8.40101765811036,33.5913682562105));
#6402=CARTESIAN_POINT('Ctrl Pts',(3.42053122602482,-8.33922506933527,34.3588260193524));
#6403=CARTESIAN_POINT('Ctrl Pts',(3.71974741881449,-8.2774324805602,35.2805415190014));
#6404=CARTESIAN_POINT('Ctrl Pts',(4.64932468649649,-8.21563989178511,35.5541446332112));
#6405=CARTESIAN_POINT('Ctrl Pts',(5.40022491953601,-8.15384730301003,34.9416050680396));
#6406=CARTESIAN_POINT('Ctrl Pts',(5.31859927930708,-8.09205471423496,33.9758493712429));
#6407=CARTESIAN_POINT('Ctrl Pts',(4.47596049786357,-8.03026212545987,33.4980436366361));
#6408=CARTESIAN_POINT('Ctrl Pts',(3.60484699518532,-7.96846953668479,33.9230278723226));
#6409=CARTESIAN_POINT('Ctrl Pts',(3.46543178997959,-7.90667694790971,34.8830675815799));
#6410=CARTESIAN_POINT('Ctrl Pts',(3.93853340604315,-7.86548188872632,35.3189686998045));
#6411=CARTESIAN_POINT('Ctrl Pts',(4.21574417066507,-7.84488435913463,35.3928095941511));
#6412=CARTESIAN_POINT('Ctrl Pts',(3.73018575376299,-9.61847434007097,33.8913186491333));
#6413=CARTESIAN_POINT('Ctrl Pts',(3.52159627286871,-9.59787681047928,34.1222596571544));
#6414=CARTESIAN_POINT('Ctrl Pts',(3.34866603684171,-9.55668175129589,34.7983287450544));
#6415=CARTESIAN_POINT('Ctrl Pts',(4.0426419331668,-9.49488916252082,35.5894282454905));
#6416=CARTESIAN_POINT('Ctrl Pts',(5.08624851407988,-9.43309657374573,35.4614831923214));
#6417=CARTESIAN_POINT('Ctrl Pts',(5.57063413230183,-9.37130398497065,34.5289882625932));
#6418=CARTESIAN_POINT('Ctrl Pts',(5.07438764883127,-9.30951139619557,33.6021105794462));
#6419=CARTESIAN_POINT('Ctrl Pts',(4.02935633584596,-9.24771880742049,33.4884003488966));
#6420=CARTESIAN_POINT('Ctrl Pts',(3.34524217618818,-9.1859262186454,34.2864669092391));
#6421=CARTESIAN_POINT('Ctrl Pts',(3.61750539711211,-9.12413362987034,35.3018156706686));
#6422=CARTESIAN_POINT('Ctrl Pts',(4.6091677728618,-9.06234104109524,35.6505463627461));
#6423=CARTESIAN_POINT('Ctrl Pts',(5.45703027572597,-9.00054845232017,35.0291507619541));
#6424=CARTESIAN_POINT('Ctrl Pts',(5.42307428939516,-8.93875586354509,33.9785007583079));
#6425=CARTESIAN_POINT('Ctrl Pts',(4.53685515464528,-8.87696327477,33.413145345963));
#6426=CARTESIAN_POINT('Ctrl Pts',(3.5697831639029,-8.81517068599493,33.8251929004191));
#6427=CARTESIAN_POINT('Ctrl Pts',(3.36364548385296,-8.75337809721984,34.8559790401323));
#6428=CARTESIAN_POINT('Ctrl Pts',(4.09787526735906,-8.69158550844477,35.6082552088191));
#6429=CARTESIAN_POINT('Ctrl Pts',(5.13336127396594,-8.62979291966969,35.4272023089998));
#6430=CARTESIAN_POINT('Ctrl Pts',(5.56876656606019,-8.5680003308946,34.4704195077954));
#6431=CARTESIAN_POINT('Ctrl Pts',(5.02508904179972,-8.50620774211953,33.5707344580231));
#6432=CARTESIAN_POINT('Ctrl Pts',(3.97558001009458,-8.44441515334444,33.51128608701));
#6433=CARTESIAN_POINT('Ctrl Pts',(3.33376990842265,-8.38262256456936,34.3438046492453));
#6434=CARTESIAN_POINT('Ctrl Pts',(3.65835198522513,-8.32082997579428,35.3436580606126));
#6435=CARTESIAN_POINT('Ctrl Pts',(4.66673364157715,-8.2590373870192,35.6404557245421));
#6436=CARTESIAN_POINT('Ctrl Pts',(5.48129101843262,-8.19724479824412,34.9759884631501));
#6437=CARTESIAN_POINT('Ctrl Pts',(5.39274561058278,-8.13545220946904,33.9283613717566));
#6438=CARTESIAN_POINT('Ctrl Pts',(4.47867260161465,-8.07365962069396,33.4100499254379));
#6439=CARTESIAN_POINT('Ctrl Pts',(3.53371094297626,-8.01186703191889,33.8710619600518));
#6440=CARTESIAN_POINT('Ctrl Pts',(3.38247689236682,-7.95007444314379,34.9124884942858));
#6441=CARTESIAN_POINT('Ctrl Pts',(3.89568543114554,-7.90887938396041,35.3853428839989));
#6442=CARTESIAN_POINT('Ctrl Pts',(4.19639658201643,-7.88828185436872,35.4654435985242));
#6443=CARTESIAN_POINT('Ctrl Pts',(3.67440408375196,-9.66187183530506,33.8409357843025));
#6444=CARTESIAN_POINT('Ctrl Pts',(3.44951346685295,-9.64127430571337,34.0899246860366));
#6445=CARTESIAN_POINT('Ctrl Pts',(3.26306884225409,-9.60007924652998,34.8188281455607));
#6446=CARTESIAN_POINT('Ctrl Pts',(4.01127851595618,-9.53828665775491,35.671751571607));
#6447=CARTESIAN_POINT('Ctrl Pts',(5.13644229111492,-9.47649406897982,35.5338076934545));
#6448=CARTESIAN_POINT('Ctrl Pts',(5.65868233904025,-9.41470148020474,34.5284388747457));
#6449=CARTESIAN_POINT('Ctrl Pts',(5.1236545067488,-9.35290889142965,33.5291262868855));
#6450=CARTESIAN_POINT('Ctrl Pts',(3.99695465760748,-9.29111630265459,33.4065296737371));
#6451=CARTESIAN_POINT('Ctrl Pts',(3.25937740905599,-9.22932371387949,34.266964631015));
#6452=CARTESIAN_POINT('Ctrl Pts',(3.55291782849607,-9.16753112510443,35.36166225597));
#6453=CARTESIAN_POINT('Ctrl Pts',(4.62207799171121,-9.10573853632932,35.7376460310706));
#6454=CARTESIAN_POINT('Ctrl Pts',(5.53620041292431,-9.04394594755426,35.0676887570925));
#6455=CARTESIAN_POINT('Ctrl Pts',(5.49959078773798,-8.98215335877918,33.9349311201687));
#6456=CARTESIAN_POINT('Ctrl Pts',(4.54411418811682,-8.92036077000409,33.3253935399211));
#6457=CARTESIAN_POINT('Ctrl Pts',(3.50146613294456,-8.85856818122901,33.769642350149));
#6458=CARTESIAN_POINT('Ctrl Pts',(3.27921892357518,-8.79677559245393,34.8809837747368));
#6459=CARTESIAN_POINT('Ctrl Pts',(4.07082830028198,-8.73498300367885,35.6920498502122));
#6460=CARTESIAN_POINT('Ctrl Pts',(5.18723688338855,-8.67319041490377,35.4968477807831));
#6461=CARTESIAN_POINT('Ctrl Pts',(5.656668823678,-8.61139782612869,34.4652930088035));
#6462=CARTESIAN_POINT('Ctrl Pts',(5.07050324475777,-8.54960523735361,33.4952981414178));
#6463=CARTESIAN_POINT('Ctrl Pts',(3.93897574601069,-8.48781264857853,33.4312039178095));
#6464=CARTESIAN_POINT('Ctrl Pts',(3.24700859082047,-8.42602005980345,34.3287832791382));
#6465=CARTESIAN_POINT('Ctrl Pts',(3.59695655163576,-8.36422747102837,35.4067746022239));
#6466=CARTESIAN_POINT('Ctrl Pts',(4.68414259665782,-8.30243488225329,35.726766815873));
#6467=CARTESIAN_POINT('Ctrl Pts',(5.56235711732924,-8.2406422934782,35.0103718582607));
#6468=CARTESIAN_POINT('Ctrl Pts',(5.46689194185848,-8.17884970470313,33.8808733722703));
#6469=CARTESIAN_POINT('Ctrl Pts',(4.48138470536572,-8.11705711592805,33.3220562142396));
#6470=CARTESIAN_POINT('Ctrl Pts',(3.46257489076721,-8.05526452715297,33.8190960477812));
#6471=CARTESIAN_POINT('Ctrl Pts',(3.29952199475405,-7.99347193837789,34.9419094069916));
#6472=CARTESIAN_POINT('Ctrl Pts',(3.85283745624793,-7.9522768791945,35.4517170681933));
#6473=CARTESIAN_POINT('Ctrl Pts',(4.17704899336778,-7.9316793496028,35.5380776028972));
#6474=CARTESIAN_POINT('Ctrl Pts',(4.17704899336778,-7.9316793496028,35.5380776028972));
#6475=CARTESIAN_POINT('Ctrl Pts',(4.13557669643265,-7.9316793496028,35.5221702209995));
#6476=CARTESIAN_POINT('Ctrl Pts',(4.09537173445774,-7.9316793496028,35.5034488119695));
#6477=CARTESIAN_POINT('Ctrl Pts',(4.05660602768964,-7.9316793496028,35.4821620401966));
#6478=CARTESIAN_POINT('Ctrl Pts',(4.01746825123547,-7.9316793496028,35.4606709599472));
#6479=CARTESIAN_POINT('Ctrl Pts',(3.97979667979123,-7.9316793496028,35.4365640091147));
#6480=CARTESIAN_POINT('Ctrl Pts',(3.94380347049803,-7.9316793496028,35.4100569752535));
#6481=CARTESIAN_POINT('Ctrl Pts',(3.92049425621602,-7.9316793496028,35.3928910113291));
#6482=CARTESIAN_POINT('Ctrl Pts',(3.89788967247826,-7.9316793496028,35.374717712504));
#6483=CARTESIAN_POINT('Ctrl Pts',(3.87605752099165,-7.9316793496028,35.3555899181679));
#6484=CARTESIAN_POINT('Ctrl Pts',(3.8680141589568,-7.9316793496028,35.3485428905368));
#6485=CARTESIAN_POINT('Ctrl Pts',(3.86007572731936,-7.9316793496028,35.3413662750521));
#6486=CARTESIAN_POINT('Ctrl Pts',(3.85224593258008,-7.9316793496028,35.3340626192232));
#6487=CARTESIAN_POINT('Ctrl Pts',(3.84609749304335,-7.9316793496028,35.3283273365297));
#6488=CARTESIAN_POINT('Ctrl Pts',(3.84001645491666,-7.93167934960281,35.3225139463117));
#6489=CARTESIAN_POINT('Ctrl Pts',(3.83401402575161,-7.93167934960281,35.3166333198051));
#6490=CARTESIAN_POINT('Ctrl Pts',(3.80299869929705,-7.93167934960281,35.2862473634128));
#6491=CARTESIAN_POINT('Ctrl Pts',(3.77400982344036,-7.93167934960281,35.2540052432317));
#6492=CARTESIAN_POINT('Ctrl Pts',(3.74723781096829,-7.93167934960281,35.2201144344995));
#6493=CARTESIAN_POINT('Ctrl Pts',(3.72113855124388,-7.93167934960281,35.1870752664395));
#6494=CARTESIAN_POINT('Ctrl Pts',(3.69714573068446,-7.9316793496028,35.1524681989269));
#6495=CARTESIAN_POINT('Ctrl Pts',(3.67548090391793,-7.9316793496028,35.1164676356281));
#6496=CARTESIAN_POINT('Ctrl Pts',(3.66288136832097,-7.9316793496028,35.0955309171543));
#6497=CARTESIAN_POINT('Ctrl Pts',(3.65107008386913,-7.9316793496028,35.0741226370899));
#6498=CARTESIAN_POINT('Ctrl Pts',(3.6400987375323,-7.9316793496028,35.0522762229328));
#6499=CARTESIAN_POINT('Ctrl Pts',(3.63595828052633,-7.9316793496028,35.0440316433001));
#6500=CARTESIAN_POINT('Ctrl Pts',(3.63193751389191,-7.9316793496028,35.0357246637559));
#6501=CARTESIAN_POINT('Ctrl Pts',(3.62803945760953,-7.9316793496028,35.0273570907858));
#6502=CARTESIAN_POINT('Ctrl Pts',(3.62432082301574,-7.9316793496028,35.0193746646589));
#6503=CARTESIAN_POINT('Ctrl Pts',(3.62071732244394,-7.93167934960281,35.0113443890399));
#6504=CARTESIAN_POINT('Ctrl Pts',(3.6172331588239,-7.93167934960281,35.0032733931916));
#6505=CARTESIAN_POINT('Ctrl Pts',(3.60114946416424,-7.93167934960281,34.9660158338513));
#6506=CARTESIAN_POINT('Ctrl Pts',(3.58758780636117,-7.9316793496028,34.9278548642356));
#6507=CARTESIAN_POINT('Ctrl Pts',(3.5767434090073,-7.9316793496028,34.8889549835386));
#6508=CARTESIAN_POINT('Ctrl Pts',(3.57282390789094,-7.9316793496028,34.8748953617041));
#6509=CARTESIAN_POINT('Ctrl Pts',(3.56925984857248,-7.9316793496028,34.8607391429463));
#6510=CARTESIAN_POINT('Ctrl Pts',(3.5660621444446,-7.9316793496028,34.846493972808));
#6511=CARTESIAN_POINT('Ctrl Pts',(3.55828879946216,-7.93167934960281,34.8118651837174));
#6512=CARTESIAN_POINT('Ctrl Pts',(3.55267860156976,-7.93167934960281,34.7767101069087));
#6513=CARTESIAN_POINT('Ctrl Pts',(3.54920248062174,-7.93167934960281,34.7412230259262));
#6514=CARTESIAN_POINT('Ctrl Pts',(3.54727337714715,-7.93167934960281,34.7215291624934));
#6515=CARTESIAN_POINT('Ctrl Pts',(3.54600200685429,-7.93167934960281,34.701733176186));
#6516=CARTESIAN_POINT('Ctrl Pts',(3.54538675971662,-7.93167934960281,34.6818698918869));
#6517=CARTESIAN_POINT('Ctrl Pts',(3.54513980086882,-7.93167934960281,34.6738968132592));
#6518=CARTESIAN_POINT('Ctrl Pts',(3.54499880686661,-7.93167934960281,34.6659180981812));
#6519=CARTESIAN_POINT('Ctrl Pts',(3.54496320140844,-7.93167934960281,34.6579433727586));
#6520=CARTESIAN_POINT('Ctrl Pts',(3.54478267928729,-7.93167934960281,34.617510966522));
#6521=CARTESIAN_POINT('Ctrl Pts',(3.54730514952472,-7.93167934960281,34.5771212286006));
#6522=CARTESIAN_POINT('Ctrl Pts',(3.55245485047601,-7.93167934960281,34.5370580536157));
#6523=CARTESIAN_POINT('Ctrl Pts',(3.55755905654074,-7.93167934960281,34.4973488156104));
#6524=CARTESIAN_POINT('Ctrl Pts',(3.56524486589886,-7.93167934960281,34.457959199716));
#6525=CARTESIAN_POINT('Ctrl Pts',(3.57548380924248,-7.93167934960281,34.4191879850617));
#6526=CARTESIAN_POINT('Ctrl Pts',(3.58049726142231,-7.93167934960281,34.4002038356138));
#6527=CARTESIAN_POINT('Ctrl Pts',(3.5861234709398,-7.93167934960281,34.381368402183));
#6528=CARTESIAN_POINT('Ctrl Pts',(3.59236247269022,-7.93167934960281,34.3627200333995));
#6529=CARTESIAN_POINT('Ctrl Pts',(3.59525402463381,-7.93167934960281,34.3540771880922));
#6530=CARTESIAN_POINT('Ctrl Pts',(3.59827806460248,-7.93167934960281,34.3454723200199));
#6531=CARTESIAN_POINT('Ctrl Pts',(3.60143203655956,-7.93167934960281,34.3369167252074));
#6532=CARTESIAN_POINT('Ctrl Pts',(3.61478492897923,-7.93167934960281,34.3006951168123));
#6533=CARTESIAN_POINT('Ctrl Pts',(3.63042648164367,-7.93167934960281,34.2654509923678));
#6534=CARTESIAN_POINT('Ctrl Pts',(3.64832593499214,-7.93167934960281,34.231460850751));
#6535=CARTESIAN_POINT('Ctrl Pts',(3.65970247261219,-7.93167934960281,34.2098573907299));
#6536=CARTESIAN_POINT('Ctrl Pts',(3.67199191257497,-7.93167934960281,34.1887610831314));
#6537=CARTESIAN_POINT('Ctrl Pts',(3.68519352713269,-7.93167934960281,34.168251470977));
#6538=CARTESIAN_POINT('Ctrl Pts',(3.69010692090974,-7.93167934960281,34.1606181773151));
#6539=CARTESIAN_POINT('Ctrl Pts',(3.69514723474485,-7.93167934960281,34.1530654839875));
#6540=CARTESIAN_POINT('Ctrl Pts',(3.70031300797433,-7.93167934960281,34.1456000793677));
#6541=CARTESIAN_POINT('Ctrl Pts',(3.72125008540202,-7.93167934960281,34.1153425075364));
#6542=CARTESIAN_POINT('Ctrl Pts',(3.74417455270078,-7.93167934960281,34.0866175489419));
#6543=CARTESIAN_POINT('Ctrl Pts',(3.76907230480729,-7.9316793496028,34.0596908933859));
#6544=CARTESIAN_POINT('Ctrl Pts',(3.7721310574432,-7.9316793496028,34.056382884763));
#6545=CARTESIAN_POINT('Ctrl Pts',(3.77521962812645,-7.9316793496028,34.0531020715914));
#6546=CARTESIAN_POINT('Ctrl Pts',(3.77833801967885,-7.9316793496028,34.0498489939023));
#6547=CARTESIAN_POINT('Ctrl Pts',(3.79798905250739,-7.9316793496028,34.029349215286));
#6548=CARTESIAN_POINT('Ctrl Pts',(3.8188240308954,-7.9316793496028,34.0099495438451));
#6549=CARTESIAN_POINT('Ctrl Pts',(3.84072752393946,-7.9316793496028,33.9917069353885));
#6550=CARTESIAN_POINT('Ctrl Pts',(3.84174909378505,-9.5316793496028,33.9920843787949));
#6551=CARTESIAN_POINT('Ctrl Pts',(3.81369455413724,-9.5316793496028,34.0157698716855));
#6552=CARTESIAN_POINT('Ctrl Pts',(3.78750495327818,-9.5316793496028,34.0413975109945));
#6553=CARTESIAN_POINT('Ctrl Pts',(3.76319741877619,-9.5316793496028,34.0686682580436));
#6554=CARTESIAN_POINT('Ctrl Pts',(3.73821190909657,-9.5316793496028,34.0966996289056));
#6555=CARTESIAN_POINT('Ctrl Pts',(3.71521422333343,-9.5316793496028,34.1264676522909));
#6556=CARTESIAN_POINT('Ctrl Pts',(3.69424616173238,-9.5316793496028,34.1576996819187));
#6557=CARTESIAN_POINT('Ctrl Pts',(3.67970323975098,-9.5316793496028,34.1793614348666));
#6558=CARTESIAN_POINT('Ctrl Pts',(3.66613714135098,-9.5316793496028,34.2017285593893));
#6559=CARTESIAN_POINT('Ctrl Pts',(3.65357081075849,-9.5316793496028,34.2247215706721));
#6560=CARTESIAN_POINT('Ctrl Pts',(3.64983964036786,-9.5316793496028,34.2315486107741));
#6561=CARTESIAN_POINT('Ctrl Pts',(3.64619564176405,-9.5316793496028,34.2384328919319));
#6562=CARTESIAN_POINT('Ctrl Pts',(3.64264289733637,-9.5316793496028,34.2453659201392));
#6563=CARTESIAN_POINT('Ctrl Pts',(3.6248530706183,-9.5316793496028,34.2800820031422));
#6564=CARTESIAN_POINT('Ctrl Pts',(3.60940984587721,-9.5316793496028,34.3158946047238));
#6565=CARTESIAN_POINT('Ctrl Pts',(3.59634632041504,-9.5316793496028,34.3525086186939));
#6566=CARTESIAN_POINT('Ctrl Pts',(3.58339492772639,-9.5316793496028,34.3888083506619));
#6567=CARTESIAN_POINT('Ctrl Pts',(3.57278203612796,-9.5316793496028,34.4258968110068));
#6568=CARTESIAN_POINT('Ctrl Pts',(3.56457217879059,-9.5316793496028,34.4635218760541));
#6569=CARTESIAN_POINT('Ctrl Pts',(3.55942598193913,-9.5316793496028,34.4871064504657));
#6570=CARTESIAN_POINT('Ctrl Pts',(3.55522464747252,-9.5316793496028,34.5109025199445));
#6571=CARTESIAN_POINT('Ctrl Pts',(3.5519920219689,-9.5316793496028,34.5348524652595));
#6572=CARTESIAN_POINT('Ctrl Pts',(3.5508366182335,-9.5316793496028,34.5434126452892));
#6573=CARTESIAN_POINT('Ctrl Pts',(3.54980502822385,-9.5316793496028,34.5519925054138));
#6574=CARTESIAN_POINT('Ctrl Pts',(3.54889855648125,-9.5316793496028,34.5605894770856));
#6575=CARTESIAN_POINT('Ctrl Pts',(3.54811071702482,-9.5316793496028,34.5680613409846));
#6576=CARTESIAN_POINT('Ctrl Pts',(3.54741781229599,-9.5316793496028,34.5755428439373));
#6577=CARTESIAN_POINT('Ctrl Pts',(3.54682098916175,-9.5316793496028,34.5830236354486));
#6578=CARTESIAN_POINT('Ctrl Pts',(3.54354037297454,-9.5316793496028,34.6241440349727));
#6579=CARTESIAN_POINT('Ctrl Pts',(3.54315116359884,-9.5316793496028,34.6653157892204));
#6580=CARTESIAN_POINT('Ctrl Pts',(3.54571652995173,-9.5316793496028,34.7062411306099));
#6581=CARTESIAN_POINT('Ctrl Pts',(3.54665460326621,-9.5316793496028,34.7212062331965));
#6582=CARTESIAN_POINT('Ctrl Pts',(3.54798817062418,-9.5316793496028,34.7361386550297));
#6583=CARTESIAN_POINT('Ctrl Pts',(3.54972189549622,-9.5316793496028,34.7510245804252));
#6584=CARTESIAN_POINT('Ctrl Pts',(3.5542579742911,-9.5316793496028,34.789971781113));
#6585=CARTESIAN_POINT('Ctrl Pts',(3.56152968470213,-9.5316793496028,34.8286005732828));
#6586=CARTESIAN_POINT('Ctrl Pts',(3.57135402254905,-9.5316793496028,34.8667296617057));
#6587=CARTESIAN_POINT('Ctrl Pts',(3.57475340559898,-9.5316793496028,34.879922955637));
#6588=CARTESIAN_POINT('Ctrl Pts',(3.57845883863877,-9.5316793496028,34.8930564355519));
#6589=CARTESIAN_POINT('Ctrl Pts',(3.58246406434372,-9.5316793496028,34.9061225353781));
#6590=CARTESIAN_POINT('Ctrl Pts',(3.58486633952077,-9.5316793496028,34.9139593889253));
#6591=CARTESIAN_POINT('Ctrl Pts',(3.58737642577084,-9.5316793496028,34.9217714244881));
#6592=CARTESIAN_POINT('Ctrl Pts',(3.58998832023293,-9.5316793496028,34.9295441010782));
#6593=CARTESIAN_POINT('Ctrl Pts',(3.60317561541204,-9.5316793496028,34.9687878691599));
#6594=CARTESIAN_POINT('Ctrl Pts',(3.61897934426989,-9.5316793496028,35.0071133292859));
#6595=CARTESIAN_POINT('Ctrl Pts',(3.63715942481654,-9.5316793496028,35.044318404652));
#6596=CARTESIAN_POINT('Ctrl Pts',(3.65586370684084,-9.5316793496028,35.0825962450936));
#6597=CARTESIAN_POINT('Ctrl Pts',(3.6770836072627,-9.5316793496028,35.119689215332));
#6598=CARTESIAN_POINT('Ctrl Pts',(3.70061337336502,-9.5316793496028,35.15537588669));
#6599=CARTESIAN_POINT('Ctrl Pts',(3.71240110771617,-9.5316793496028,35.1732538800375));
#6600=CARTESIAN_POINT('Ctrl Pts',(3.72476939013617,-9.5316793496028,35.1907788101629));
#6601=CARTESIAN_POINT('Ctrl Pts',(3.73769703415162,-9.5316793496028,35.2079213834424));
#6602=CARTESIAN_POINT('Ctrl Pts',(3.74520196414498,-9.5316793496028,35.2178732209323));
#6603=CARTESIAN_POINT('Ctrl Pts',(3.75289546508065,-9.5316793496028,35.2276961730793));
#6604=CARTESIAN_POINT('Ctrl Pts',(3.76077382695442,-9.5316793496028,35.237384260161));
#6605=CARTESIAN_POINT('Ctrl Pts',(3.76655706758534,-9.5316793496028,35.2444959592355));
#6606=CARTESIAN_POINT('Ctrl Pts',(3.77243373960245,-9.5316793496028,35.2515273484919));
#6607=CARTESIAN_POINT('Ctrl Pts',(3.77840074536934,-9.5316793496028,35.2584752530692));
#6608=CARTESIAN_POINT('Ctrl Pts',(3.8072856208662,-9.5316793496028,35.292108429661));
#6609=CARTESIAN_POINT('Ctrl Pts',(3.83829042848253,-9.53167934960281,35.3237954303905));
#6610=CARTESIAN_POINT('Ctrl Pts',(3.87119986498013,-9.53167934960281,35.3532968998701));
#6611=CARTESIAN_POINT('Ctrl Pts',(3.88858123736224,-9.53167934960281,35.3688783282206));
#6612=CARTESIAN_POINT('Ctrl Pts',(3.90649475561403,-9.53167934960281,35.3838498371875));
#6613=CARTESIAN_POINT('Ctrl Pts',(3.9249138611122,-9.53167934960281,35.3981733879309));
#6614=CARTESIAN_POINT('Ctrl Pts',(3.93313516480442,-9.53167934960281,35.4045666549994));
#6615=CARTESIAN_POINT('Ctrl Pts',(3.94145910181024,-9.5316793496028,35.4108321491484));
#6616=CARTESIAN_POINT('Ctrl Pts',(3.94987743040322,-9.5316793496028,35.416961907418));
#6617=CARTESIAN_POINT('Ctrl Pts',(3.98629132888416,-9.5316793496028,35.4434764812882));
#6618=CARTESIAN_POINT('Ctrl Pts',(4.02438721831595,-9.5316793496028,35.4673965831467));
#6619=CARTESIAN_POINT('Ctrl Pts',(4.06395699163509,-9.5316793496028,35.4884725147005));
#6620=CARTESIAN_POINT('Ctrl Pts',(4.06867905091092,-9.5316793496028,35.4909876111932));
#6621=CARTESIAN_POINT('Ctrl Pts',(4.07342214938089,-9.5316793496028,35.4934621690382));
#6622=CARTESIAN_POINT('Ctrl Pts',(4.07818597250301,-9.5316793496028,35.4958957327634));
#6623=CARTESIAN_POINT('Ctrl Pts',(4.10999106876967,-9.5316793496028,35.5121431304028));
#6624=CARTESIAN_POINT('Ctrl Pts',(4.14271880787221,-9.5316793496028,35.5265648460993));
#6625=CARTESIAN_POINT('Ctrl Pts',(4.17621676390636,-9.5316793496028,35.5391930482932));
#6626=CARTESIAN_POINT('Ctrl Pts',(5.2544415331443,-8.08491397779844,34.536325034446));
#6627=CARTESIAN_POINT('Ctrl Pts',(5.25485735333997,-8.09342592112428,34.6451620513301));
#6628=CARTESIAN_POINT('Ctrl Pts',(5.23435589828541,-8.10193786445011,34.7538530940349));
#6629=CARTESIAN_POINT('Ctrl Pts',(5.19216732700079,-8.11044980777595,34.8533429340542));
#6630=CARTESIAN_POINT('Ctrl Pts',(5.0900777908982,-8.13104733736764,35.0940922959127));
#6631=CARTESIAN_POINT('Ctrl Pts',(4.86099676115701,-8.15164486695934,35.2809629188965));
#6632=CARTESIAN_POINT('Ctrl Pts',(4.60466076645108,-8.17224239655103,35.33266346964));
#6633=CARTESIAN_POINT('Ctrl Pts',(4.34832477174516,-8.19283992614272,35.3843640203835));
#6634=CARTESIAN_POINT('Ctrl Pts',(4.06473381207451,-8.21343745573441,35.3008944988868));
#6635=CARTESIAN_POINT('Ctrl Pts',(3.8772966141097,-8.23403498532611,35.1185634734833));
#6636=CARTESIAN_POINT('Ctrl Pts',(3.6898594161449,-8.2546325149178,34.9362324480799));
#6637=CARTESIAN_POINT('Ctrl Pts',(3.59857597988595,-8.2752300445095,34.6550399187697));
#6638=CARTESIAN_POINT('Ctrl Pts',(3.6431835941957,-8.29582757410119,34.3973774934398));
#6639=CARTESIAN_POINT('Ctrl Pts',(3.68779120850544,-8.31642510369289,34.13971506811));
#6640=CARTESIAN_POINT('Ctrl Pts',(3.8682898733839,-8.33702263328457,33.9055827467605));
#6641=CARTESIAN_POINT('Ctrl Pts',(4.10611788876,-8.35762016287626,33.7968760303896));
#6642=CARTESIAN_POINT('Ctrl Pts',(4.3439459041361,-8.37821769246796,33.6881693140186));
#6643=CARTESIAN_POINT('Ctrl Pts',(4.63910327000986,-8.39881522205966,33.7048882026262));
#6644=CARTESIAN_POINT('Ctrl Pts',(4.86313218877023,-8.41941275165135,33.8397585493542));
#6645=CARTESIAN_POINT('Ctrl Pts',(5.0871611075306,-8.44001028124305,33.9746288960822));
#6646=CARTESIAN_POINT('Ctrl Pts',(5.24006157917758,-8.46060781083474,34.2276507009306));
#6647=CARTESIAN_POINT('Ctrl Pts',(5.25528648238377,-8.48120534042643,34.4887014132972));
#6648=CARTESIAN_POINT('Ctrl Pts',(5.2562002431783,-8.48244155288377,34.5043690272792));
#6649=CARTESIAN_POINT('Ctrl Pts',(5.25661808258502,-8.48367776534111,34.5200655622019));
#6650=CARTESIAN_POINT('Ctrl Pts',(5.25655152220963,-8.48491397779844,34.5357657002325));
#6651=CARTESIAN_POINT('Ctrl Pts',(4.71088800255567,-9.5316793496028,35.5380776028972));
#6652=CARTESIAN_POINT('Ctrl Pts',(5.03509953967552,-9.51108182001111,35.4517170681933));
#6653=CARTESIAN_POINT('Ctrl Pts',(5.5884149577612,-9.46988676082771,34.9419091225612));
#6654=CARTESIAN_POINT('Ctrl Pts',(5.42536214253141,-9.40809417205265,33.8190961465616));
#6655=CARTESIAN_POINT('Ctrl Pts',(4.40655228875467,-9.34630158327755,33.3220561239057));
#6656=CARTESIAN_POINT('Ctrl Pts',(3.42104502916309,-9.28450899450248,33.8808733946349));
#6657=CARTESIAN_POINT('Ctrl Pts',(3.32557985864916,-9.22271640572739,35.0103718482316));
#6658=CARTESIAN_POINT('Ctrl Pts',(4.20379439149152,-9.16092381695232,35.7267668518783));
#6659=CARTESIAN_POINT('Ctrl Pts',(5.29098046392158,-9.09913122817724,35.4067746146133));
#6660=CARTESIAN_POINT('Ctrl Pts',(5.64092842916514,-9.03733863940216,34.3287832779662));
#6661=CARTESIAN_POINT('Ctrl Pts',(4.94896126120801,-8.97554605062708,33.4312038928613));
#6662=CARTESIAN_POINT('Ctrl Pts',(3.81743373759599,-8.91375346185199,33.4952981204172));
#6663=CARTESIAN_POINT('Ctrl Pts',(3.23126814694538,-8.85196087307691,34.4652930068486));
#6664=CARTESIAN_POINT('Ctrl Pts',(3.70070009677474,-8.79016828430183,35.496847801231));
#6665=CARTESIAN_POINT('Ctrl Pts',(4.81710870355676,-8.72837569552676,35.6920498744468));
#6666=CARTESIAN_POINT('Ctrl Pts',(5.60871809682807,-8.66658310675167,34.880983781987));
#6667=CARTESIAN_POINT('Ctrl Pts',(5.38647088281518,-8.6047905179766,33.7696423341338));
#6668=CARTESIAN_POINT('Ctrl Pts',(4.343822805724,-8.5429979292015,33.3253935141885));
#6669=CARTESIAN_POINT('Ctrl Pts',(3.38834618590149,-8.48120534042644,33.9349311080304));
#6670=CARTESIAN_POINT('Ctrl Pts',(3.3517365601816,-8.41941275165134,35.067688767316));
#6671=CARTESIAN_POINT('Ctrl Pts',(4.26585900009942,-8.35762016287627,35.7376460581461));
#6672=CARTESIAN_POINT('Ctrl Pts',(5.33501918697026,-8.29582757410119,35.3616622700566));
#6673=CARTESIAN_POINT('Ctrl Pts',(5.62855961008169,-8.2340349853261,34.2669646313162));
#6674=CARTESIAN_POINT('Ctrl Pts',(4.89098235140344,-8.17224239655103,33.4065296393054));
#6675=CARTESIAN_POINT('Ctrl Pts',(3.76428246698503,-8.11044980777595,33.5291262844354));
#6676=CARTESIAN_POINT('Ctrl Pts',(3.22925464817689,-8.04865721900087,34.528438842427));
#6677=CARTESIAN_POINT('Ctrl Pts',(3.7514946541026,-7.98686463022579,35.5338077682367));
#6678=CARTESIAN_POINT('Ctrl Pts',(4.87665856510744,-7.9250720414507,35.6717515091121));
#6679=CARTESIAN_POINT('Ctrl Pts',(5.62486796236888,-7.86327945267563,34.8188283604773));
#6680=CARTESIAN_POINT('Ctrl Pts',(5.4384235290706,-7.82208439349224,34.0899246860367));
#6681=CARTESIAN_POINT('Ctrl Pts',(5.21353291217161,-7.80148686390054,33.8409357843026));
#6682=CARTESIAN_POINT('Ctrl Pts',(4.69154041390702,-9.57507684483689,35.4654435985242));
#6683=CARTESIAN_POINT('Ctrl Pts',(4.99225156477792,-9.55447931524519,35.3853428839989));
#6684=CARTESIAN_POINT('Ctrl Pts',(5.50546006329486,-9.5132842560618,34.9124882304723));
#6685=CARTESIAN_POINT('Ctrl Pts',(5.35422608761323,-9.45149166728673,33.8710620516722));
#6686=CARTESIAN_POINT('Ctrl Pts',(4.40926439263644,-9.38969907851164,33.4100498416518));
#6687=CARTESIAN_POINT('Ctrl Pts',(3.4951913622438,-9.32790648973657,33.9283613925001));
#6688=CARTESIAN_POINT('Ctrl Pts',(3.40664595899149,-9.26611390096148,34.9759884538479));
#6689=CARTESIAN_POINT('Ctrl Pts',(4.2212033471357,-9.2043213121864,35.6404557579375));
#6690=CARTESIAN_POINT('Ctrl Pts',(5.22958502890907,-9.14252872341132,35.343658072104));
#6691=CARTESIAN_POINT('Ctrl Pts',(5.55416710981883,-9.08073613463624,34.3438046481582));
#6692=CARTESIAN_POINT('Ctrl Pts',(4.9123569963054,-9.01894354586116,33.5112860638702));
#6693=CARTESIAN_POINT('Ctrl Pts',(3.86284794153764,-8.95715095708608,33.5707344385448));
#6694=CARTESIAN_POINT('Ctrl Pts',(3.31917040639707,-8.895358368311,34.4704195059822));
#6695=CARTESIAN_POINT('Ctrl Pts',(3.75457570733972,-8.83356577953592,35.4272023279656));
#6696=CARTESIAN_POINT('Ctrl Pts',(4.79006173590594,-8.77177319076084,35.608255231297));
#6697=CARTESIAN_POINT('Ctrl Pts',(5.52429153477589,-8.70998060198576,34.8559790468571));
#6698=CARTESIAN_POINT('Ctrl Pts',(5.31815385041902,-8.64818801321069,33.8251928855647));
#6699=CARTESIAN_POINT('Ctrl Pts',(4.3510818393465,-8.58639542443559,33.4131453220957));
#6700=CARTESIAN_POINT('Ctrl Pts',(3.46486268585958,-8.52460283566052,33.9785007470493));
#6701=CARTESIAN_POINT('Ctrl Pts',(3.43090669903388,-8.46281024688544,35.0291507714366));
#6702=CARTESIAN_POINT('Ctrl Pts',(4.27876921924694,-8.40101765811035,35.650546387859));
#6703=CARTESIAN_POINT('Ctrl Pts',(5.27043161693767,-8.33922506933528,35.3018156837343));
#6704=CARTESIAN_POINT('Ctrl Pts',(5.54269484126682,-8.27743248056019,34.2864669095183));
#6705=CARTESIAN_POINT('Ctrl Pts',(4.85858067221633,-8.21563989178511,33.4884003169607));
#6706=CARTESIAN_POINT('Ctrl Pts',(3.81354932651099,-8.15384730301003,33.6021105771736));
#6707=CARTESIAN_POINT('Ctrl Pts',(3.31730285554638,-8.09205471423496,34.5289882326172));
#6708=CARTESIAN_POINT('Ctrl Pts',(3.80168843481305,-8.03026212545987,35.461483261683));
#6709=CARTESIAN_POINT('Ctrl Pts',(4.84529514172546,-7.9684695366848,35.5894281875255));
#6710=CARTESIAN_POINT('Ctrl Pts',(5.53927078164762,-7.90667694790971,34.7983289443928));
#6711=CARTESIAN_POINT('Ctrl Pts',(5.36634072305484,-7.86548188872632,34.1222596571545));
#6712=CARTESIAN_POINT('Ctrl Pts',(5.15775124216058,-7.84488435913463,33.8913186491334));
#6713=CARTESIAN_POINT('Ctrl Pts',(4.67219282525838,-9.61847434007097,35.3928095941511));
#6714=CARTESIAN_POINT('Ctrl Pts',(4.94940358988031,-9.59787681047928,35.3189686998045));
#6715=CARTESIAN_POINT('Ctrl Pts',(5.42250516882853,-9.55668175129589,34.8830673383833));
#6716=CARTESIAN_POINT('Ctrl Pts',(5.28309003269505,-9.49488916252082,33.9230279567829));
#6717=CARTESIAN_POINT('Ctrl Pts',(4.41197649651822,-9.43309657374572,33.4980435593978));
#6718=CARTESIAN_POINT('Ctrl Pts',(3.56933769532451,-9.37130398497067,33.9758493903654));
#6719=CARTESIAN_POINT('Ctrl Pts',(3.48771205933382,-9.30951139619556,34.9416050594643));
#6720=CARTESIAN_POINT('Ctrl Pts',(4.23861230277988,-9.2477188074205,35.5541446639968));
#6721=CARTESIAN_POINT('Ctrl Pts',(5.16818959389655,-9.18592621864541,35.2805415295947));
#6722=CARTESIAN_POINT('Ctrl Pts',(5.46740579047253,-9.12413362987033,34.3588260183503));
#6723=CARTESIAN_POINT('Ctrl Pts',(4.87575273140278,-9.06234104109525,33.5913682348791));
#6724=CARTESIAN_POINT('Ctrl Pts',(3.9082621454793,-9.00054845232017,33.6461707566723));
#6725=CARTESIAN_POINT('Ctrl Pts',(3.40707266584876,-8.93875586354509,34.4755460051157));
#6726=CARTESIAN_POINT('Ctrl Pts',(3.80845131790471,-8.87696327477001,35.3575568547001));
#6727=CARTESIAN_POINT('Ctrl Pts',(4.76301476825513,-8.81517068599493,35.5244605881472));
#6728=CARTESIAN_POINT('Ctrl Pts',(5.4398649727237,-8.75337809721984,34.8309743117272));
#6729=CARTESIAN_POINT('Ctrl Pts',(5.24983681802287,-8.69158550844477,33.8807434369957));
#6730=CARTESIAN_POINT('Ctrl Pts',(4.35834087296901,-8.62979291966969,33.5008971300029));
#6731=CARTESIAN_POINT('Ctrl Pts',(3.54137918581766,-8.5680003308946,34.0220703860683));
#6732=CARTESIAN_POINT('Ctrl Pts',(3.51007683788615,-8.50620774211953,34.9906127755572));
#6733=CARTESIAN_POINT('Ctrl Pts',(4.29167943839446,-8.44441515334444,35.5634467175719));
#6734=CARTESIAN_POINT('Ctrl Pts',(5.20584404690507,-8.38262256456936,35.2419690974119));
#6735=CARTESIAN_POINT('Ctrl Pts',(5.45683007245196,-8.32082997579429,34.3059691877205));
#6736=CARTESIAN_POINT('Ctrl Pts',(4.82617899302923,-8.2590373870192,33.5702709946159));
#6737=CARTESIAN_POINT('Ctrl Pts',(3.86281618603694,-8.19724479824412,33.6750948699118));
#6738=CARTESIAN_POINT('Ctrl Pts',(3.40535106291588,-8.13545220946904,34.5295376228073));
#6739=CARTESIAN_POINT('Ctrl Pts',(3.85188221552351,-8.07365962069396,35.3891587551293));
#6740=CARTESIAN_POINT('Ctrl Pts',(4.81393171834348,-8.01186703191888,35.5071048659389));
#6741=CARTESIAN_POINT('Ctrl Pts',(5.45367360092637,-7.9500744431438,34.7778295283083));
#6742=CARTESIAN_POINT('Ctrl Pts',(5.29425791703907,-7.90887938396041,34.1545946282723));
#6743=CARTESIAN_POINT('Ctrl Pts',(5.10196957214954,-7.88828185436872,33.9417015139642));
#6744=CARTESIAN_POINT('Ctrl Pts',(4.65284523660974,-9.66187183530506,35.3201755897781));
#6745=CARTESIAN_POINT('Ctrl Pts',(4.9065556149827,-9.64127430571337,35.2525945156101));
#6746=CARTESIAN_POINT('Ctrl Pts',(5.33955027436219,-9.60007924652998,34.8536464462943));
#6747=CARTESIAN_POINT('Ctrl Pts',(5.21195397777687,-9.53828665775491,33.9749938618936));
#6748=CARTESIAN_POINT('Ctrl Pts',(4.41468860039999,-9.47649406897982,33.5860372771439));
#6749=CARTESIAN_POINT('Ctrl Pts',(3.64348402840523,-9.41470148020474,34.0233373882306));
#6750=CARTESIAN_POINT('Ctrl Pts',(3.56877815967615,-9.35290889142966,34.9072216650807));
#6751=CARTESIAN_POINT('Ctrl Pts',(4.25602125842406,-9.29111630265458,35.467833570056));
#6752=CARTESIAN_POINT('Ctrl Pts',(5.10679415888403,-9.2293237138795,35.2174249870854));
#6753=CARTESIAN_POINT('Ctrl Pts',(5.38064447112623,-9.16753112510442,34.3738473885423));
#6754=CARTESIAN_POINT('Ctrl Pts',(4.83914846650017,-9.10573853632933,33.6714504058879));
#6755=CARTESIAN_POINT('Ctrl Pts',(3.95367634942096,-9.04394594755426,33.7216070747999));
#6756=CARTESIAN_POINT('Ctrl Pts',(3.49497492530044,-8.98215335877917,34.4806725042492));
#6757=CARTESIAN_POINT('Ctrl Pts',(3.8623269284697,-8.92036077000409,35.2879113814347));
#6758=CARTESIAN_POINT('Ctrl Pts',(4.73596780060432,-8.85856818122902,35.4406659449975));
#6759=CARTESIAN_POINT('Ctrl Pts',(5.35543841067152,-8.79677559245393,34.8059695765973));
#6760=CARTESIAN_POINT('Ctrl Pts',(5.18151978562671,-8.73498300367885,33.9362939884266));
#6761=CARTESIAN_POINT('Ctrl Pts',(4.36559990659152,-8.67319041490377,33.5886489379101));
#6762=CARTESIAN_POINT('Ctrl Pts',(3.61789568577573,-8.61139782612869,34.0656400250872));
#6763=CARTESIAN_POINT('Ctrl Pts',(3.58924697673843,-8.54960523735361,34.9520747796778));
#6764=CARTESIAN_POINT('Ctrl Pts',(4.30458965754199,-8.48781264857853,35.4763470472848));
#6765=CARTESIAN_POINT('Ctrl Pts',(5.14125647687247,-8.42602005980345,35.1821225110895));
#6766=CARTESIAN_POINT('Ctrl Pts',(5.37096530363709,-8.36422747102837,34.3254714659227));
#6767=CARTESIAN_POINT('Ctrl Pts',(4.79377731384211,-8.30243488225329,33.6521416722712));
#6768=CARTESIAN_POINT('Ctrl Pts',(3.9120830455629,-8.2406422934782,33.7480791626501));
#6769=CARTESIAN_POINT('Ctrl Pts',(3.49339927028537,-8.17884970470313,34.5300870129975));
#6770=CARTESIAN_POINT('Ctrl Pts',(3.90207599623397,-8.11705711592804,35.3168342485757));
#6771=CARTESIAN_POINT('Ctrl Pts',(4.78256829496149,-8.05526452715298,35.4247815443523));
#6772=CARTESIAN_POINT('Ctrl Pts',(5.36807642020512,-7.99347193837788,34.7573301122239));
#6773=CARTESIAN_POINT('Ctrl Pts',(5.22217511102331,-7.9522768791945,34.1869295993902));
#6774=CARTESIAN_POINT('Ctrl Pts',(5.04618790213851,-7.9316793496028,33.992084378795));
#6775=CARTESIAN_POINT('Ctrl Pts',(5.04618790213851,-7.9316793496028,33.992084378795));
#6776=CARTESIAN_POINT('Ctrl Pts',(5.07424243521165,-7.9316793496028,34.0157698661348));
#6777=CARTESIAN_POINT('Ctrl Pts',(5.10043202893581,-7.9316793496028,34.0413975005954));
#6778=CARTESIAN_POINT('Ctrl Pts',(5.12473955615319,-7.9316793496028,34.0686682432686));
#6779=CARTESIAN_POINT('Ctrl Pts',(5.14972505981141,-7.9316793496028,34.0966996112778));
#6780=CARTESIAN_POINT('Ctrl Pts',(5.17272273916019,-7.9316793496028,34.126467632513));
#6781=CARTESIAN_POINT('Ctrl Pts',(5.19369079437816,-7.9316793496028,34.1576996603927));
#6782=CARTESIAN_POINT('Ctrl Pts',(5.20823370872591,-7.9316793496028,34.179361407352));
#6783=CARTESIAN_POINT('Ctrl Pts',(5.22179979993733,-7.9316793496028,34.2017285257689));
#6784=CARTESIAN_POINT('Ctrl Pts',(5.2343661239451,-7.9316793496028,34.2247215307806));
#6785=CARTESIAN_POINT('Ctrl Pts',(5.23809729954525,-7.9316793496028,34.2315485821299));
#6786=CARTESIAN_POINT('Ctrl Pts',(5.24174130306493,-7.93167934960281,34.2384328747168));
#6787=CARTESIAN_POINT('Ctrl Pts',(5.24529405214656,-7.93167934960281,34.2453659145828));
#6788=CARTESIAN_POINT('Ctrl Pts',(5.26308387157172,-7.93167934960281,34.2800819962563));
#6789=CARTESIAN_POINT('Ctrl Pts',(5.27852708959125,-7.9316793496028,34.3158945966255));
#6790=CARTESIAN_POINT('Ctrl Pts',(5.29159060934476,-7.9316793496028,34.3525086092065));
#6791=CARTESIAN_POINT('Ctrl Pts',(5.30454200306475,-7.9316793496028,34.3888083585508));
#6792=CARTESIAN_POINT('Ctrl Pts',(5.31515489427528,-7.9316793496028,34.4258968369113));
#6793=CARTESIAN_POINT('Ctrl Pts',(5.323364750139,-7.9316793496028,34.4635219199431));
#6794=CARTESIAN_POINT('Ctrl Pts',(5.32851094489486,-7.9316793496028,34.4871065002575));
#6795=CARTESIAN_POINT('Ctrl Pts',(5.33271227726827,-7.9316793496028,34.5109025755318));
#6796=CARTESIAN_POINT('Ctrl Pts',(5.33594490077043,-7.9316793496028,34.5348525264161));
#6797=CARTESIAN_POINT('Ctrl Pts',(5.33710029963837,-7.9316793496028,34.5434126776741));
#6798=CARTESIAN_POINT('Ctrl Pts',(5.33813188568208,-7.9316793496028,34.5519925088567));
#6799=CARTESIAN_POINT('Ctrl Pts',(5.33903835437859,-7.9316793496028,34.5605894514385));
#6800=CARTESIAN_POINT('Ctrl Pts',(5.33982619123976,-7.9316793496028,34.5680612905492));
#6801=CARTESIAN_POINT('Ctrl Pts',(5.34051909407289,-7.9316793496028,34.5755427687748));
#6802=CARTESIAN_POINT('Ctrl Pts',(5.34111591600072,-7.9316793496028,34.5830235355003));
#6803=CARTESIAN_POINT('Ctrl Pts',(5.34439653681872,-7.9316793496028,34.6241439399463));
#6804=CARTESIAN_POINT('Ctrl Pts',(5.34478575187859,-7.9316793496028,34.6653156985665));
#6805=CARTESIAN_POINT('Ctrl Pts',(5.34222039276653,-7.9316793496028,34.7062410432611));
#6806=CARTESIAN_POINT('Ctrl Pts',(5.34128231819284,-7.9316793496028,34.7212062093841));
#6807=CARTESIAN_POINT('Ctrl Pts',(5.33994874649018,-7.9316793496028,34.7361386943389));
#6808=CARTESIAN_POINT('Ctrl Pts',(5.33821501415302,-7.9316793496028,34.7510246822447));
#6809=CARTESIAN_POINT('Ctrl Pts',(5.33367893471236,-7.9316793496028,34.7899718843277));
#6810=CARTESIAN_POINT('Ctrl Pts',(5.32640722509796,-7.9316793496028,34.8286006763621));
#6811=CARTESIAN_POINT('Ctrl Pts',(5.31658288917717,-7.9316793496028,34.8667297634455));
#6812=CARTESIAN_POINT('Ctrl Pts',(5.31318350628667,-7.9316793496028,34.8799230588811));
#6813=CARTESIAN_POINT('Ctrl Pts',(5.30947807345048,-7.9316793496028,34.893056540138));
#6814=CARTESIAN_POINT('Ctrl Pts',(5.30547284798371,-7.9316793496028,34.9061226411535));
#6815=CARTESIAN_POINT('Ctrl Pts',(5.30307057344317,-7.9316793496028,34.9139594938037));
#6816=CARTESIAN_POINT('Ctrl Pts',(5.300560487888,-7.9316793496028,34.9217715284194));
#6817=CARTESIAN_POINT('Ctrl Pts',(5.29794859417308,-7.9316793496028,34.9295442040232));
#6818=CARTESIAN_POINT('Ctrl Pts',(5.28476130016643,-7.9316793496028,34.968787974863));
#6819=CARTESIAN_POINT('Ctrl Pts',(5.26895757278997,-7.9316793496028,35.0071134363684));
#6820=CARTESIAN_POINT('Ctrl Pts',(5.25077749376857,-7.9316793496028,35.0443185120267));
#6821=CARTESIAN_POINT('Ctrl Pts',(5.23207321407886,-7.9316793496028,35.0825963512027));
#6822=CARTESIAN_POINT('Ctrl Pts',(5.21085331624424,-7.9316793496028,35.1196893191216));
#6823=CARTESIAN_POINT('Ctrl Pts',(5.18732355266605,-7.9316793496028,35.1553759874188));
#6824=CARTESIAN_POINT('Ctrl Pts',(5.17553582156241,-7.9316793496028,35.1732539762254));
#6825=CARTESIAN_POINT('Ctrl Pts',(5.16316754256934,-7.9316793496028,35.1907789017422));
#6826=CARTESIAN_POINT('Ctrl Pts',(5.15023990210968,-7.9316793496028,35.2079214703972));
#6827=CARTESIAN_POINT('Ctrl Pts',(5.14273495146926,-7.9316793496028,35.2178733353185));
#6828=CARTESIAN_POINT('Ctrl Pts',(5.13504142878884,-7.9316793496028,35.2276963141116));
#6829=CARTESIAN_POINT('Ctrl Pts',(5.1271630440961,-7.9316793496028,35.2373844270096));
#6830=CARTESIAN_POINT('Ctrl Pts',(5.12137982573966,-7.9316793496028,35.2444960970456));
#6831=CARTESIAN_POINT('Ctrl Pts',(5.11550317685136,-7.9316793496028,35.2515274576942));
#6832=CARTESIAN_POINT('Ctrl Pts',(5.10953619483465,-7.9316793496028,35.2584753343733));
#6833=CARTESIAN_POINT('Ctrl Pts',(5.08065132440043,-7.9316793496028,35.2921085038896));
#6834=CARTESIAN_POINT('Ctrl Pts',(5.04964652180359,-7.9316793496028,35.3237954974299));
#6835=CARTESIAN_POINT('Ctrl Pts',(5.01673708989249,-7.9316793496028,35.3532969599919));
#6836=CARTESIAN_POINT('Ctrl Pts',(4.99935571795751,-7.9316793496028,35.3688783864595));
#6837=CARTESIAN_POINT('Ctrl Pts',(4.98144219991141,-7.9316793496028,35.3838498934804));
#6838=CARTESIAN_POINT('Ctrl Pts',(4.96302309432943,-7.9316793496028,35.3981734422571));
#6839=CARTESIAN_POINT('Ctrl Pts',(4.95480179466407,-7.9316793496028,35.4045667052871));
#6840=CARTESIAN_POINT('Ctrl Pts',(4.94647786171644,-7.9316793496028,35.4108321955287));
#6841=CARTESIAN_POINT('Ctrl Pts',(4.93805953724549,-7.9316793496028,35.4169619500024));
#6842=CARTESIAN_POINT('Ctrl Pts',(4.90164564340962,-7.9316793496028,35.443476517054));
#6843=CARTESIAN_POINT('Ctrl Pts',(4.86354975792139,-7.9316793496028,35.4673966128142));
#6844=CARTESIAN_POINT('Ctrl Pts',(4.82397998744134,-7.9316793496028,35.4884725393905));
#6845=CARTESIAN_POINT('Ctrl Pts',(4.81925793911808,-7.9316793496028,35.490987629636));
#6846=CARTESIAN_POINT('Ctrl Pts',(4.81451485167952,-7.9316793496028,35.4934621814321));
#6847=CARTESIAN_POINT('Ctrl Pts',(4.80975103966487,-7.9316793496028,35.4958957393102));
#6848=CARTESIAN_POINT('Ctrl Pts',(4.77794594594847,-7.9316793496028,35.5121431344927));
#6849=CARTESIAN_POINT('Ctrl Pts',(4.74521820862736,-7.9316793496028,35.5265648485053));
#6850=CARTESIAN_POINT('Ctrl Pts',(4.71172025372288,-7.9316793496028,35.5391930496573));
#6851=CARTESIAN_POINT('Ctrl Pts',(5.25550509810272,-8.37844472140716,34.5353725408483));
#6852=CARTESIAN_POINT('Ctrl Pts',(5.25601275614573,-8.37370563794756,34.4749818432232));
#6853=CARTESIAN_POINT('Ctrl Pts',(5.24980717934358,-8.36896655448797,34.4146947207515));
#6854=CARTESIAN_POINT('Ctrl Pts',(5.23648250087716,-8.36422747102837,34.3560250078419));
#6855=CARTESIAN_POINT('Ctrl Pts',(5.17856930703877,-8.34362994143668,34.1010282013722));
#6856=CARTESIAN_POINT('Ctrl Pts',(4.98617331044044,-8.32303241184498,33.8765849368217));
#6857=CARTESIAN_POINT('Ctrl Pts',(4.74302626742807,-8.30243488225329,33.7803528862763));
#6858=CARTESIAN_POINT('Ctrl Pts',(4.49987922441571,-8.28183735266159,33.6841208357308));
#6859=CARTESIAN_POINT('Ctrl Pts',(4.2059811349893,-8.2612398230699,33.7160999991905));
#6860=CARTESIAN_POINT('Ctrl Pts',(3.98925146106318,-8.2406422934782,33.8624242226448));
#6861=CARTESIAN_POINT('Ctrl Pts',(3.77252178713705,-8.22004476388651,34.0087484460992));
#6862=CARTESIAN_POINT('Ctrl Pts',(3.63296052871121,-8.19944723429482,34.2694177295484));
#6863=CARTESIAN_POINT('Ctrl Pts',(3.63129268715639,-8.17884970470313,34.5308769105359));
#6864=CARTESIAN_POINT('Ctrl Pts',(3.62962484560157,-8.15825217511143,34.7923360915235));
#6865=CARTESIAN_POINT('Ctrl Pts',(3.76585042091777,-8.13765464551974,35.0545851700496));
#6866=CARTESIAN_POINT('Ctrl Pts',(3.98071192503046,-8.11705711592804,35.2037009252754));
#6867=CARTESIAN_POINT('Ctrl Pts',(4.19557342914315,-8.09645958633635,35.3528166805012));
#6868=CARTESIAN_POINT('Ctrl Pts',(4.48907086205232,-8.07586205674466,35.3887991124267));
#6869=CARTESIAN_POINT('Ctrl Pts',(4.73340426604751,-8.05526452715297,35.2955484230348));
#6870=CARTESIAN_POINT('Ctrl Pts',(4.97773767004271,-8.03466699756128,35.2022977336428));
#6871=CARTESIAN_POINT('Ctrl Pts',(5.17290704512392,-8.01406946796958,34.9798139229333));
#6872=CARTESIAN_POINT('Ctrl Pts',(5.23401640536907,-7.99347193837788,34.7259718893702));
#6873=CARTESIAN_POINT('Ctrl Pts',(5.2488774693502,-7.98846286605431,34.664240549249));
#6874=CARTESIAN_POINT('Ctrl Pts',(5.25581016904071,-7.98345379373073,34.60065467096));
#6875=CARTESIAN_POINT('Ctrl Pts',(5.25526069126375,-7.97844472140716,34.5369647636751));
#6876=CARTESIAN_POINT('Ctrl Pts',(4.71088800255567,-9.5316793496028,35.5380776028972));
#6877=CARTESIAN_POINT('Ctrl Pts',(4.75236029504797,-9.5316793496028,35.5221702227037));
#6878=CARTESIAN_POINT('Ctrl Pts',(4.79256525247544,-9.5316793496028,35.5034488135187));
#6879=CARTESIAN_POINT('Ctrl Pts',(4.83133095475786,-9.5316793496028,35.4821620403165));
#6880=CARTESIAN_POINT('Ctrl Pts',(4.87046873121698,-9.5316793496028,35.4606709561346));
#6881=CARTESIAN_POINT('Ctrl Pts',(4.90814030238947,-9.5316793496028,35.4365639994635));
#6882=CARTESIAN_POINT('Ctrl Pts',(4.94413351124224,-9.5316793496028,35.4100569585246));
#6883=CARTESIAN_POINT('Ctrl Pts',(4.96744272547419,-9.5316793496028,35.3928909898435));
#6884=CARTESIAN_POINT('Ctrl Pts',(4.9900473090769,-9.5316793496028,35.3747176857213));
#6885=CARTESIAN_POINT('Ctrl Pts',(5.01187946037094,-9.5316793496028,35.3555898857311));
#6886=CARTESIAN_POINT('Ctrl Pts',(5.01992278935652,-9.5316793496028,35.3485428849102));
#6887=CARTESIAN_POINT('Ctrl Pts',(5.02786118879719,-9.5316793496028,35.34136629725));
#6888=CARTESIAN_POINT('Ctrl Pts',(5.03569095223957,-9.5316793496028,35.3340626702377));
#6889=CARTESIAN_POINT('Ctrl Pts',(5.04183940673822,-9.5316793496028,35.3283273732915));
#6890=CARTESIAN_POINT('Ctrl Pts',(5.04792045959737,-9.5316793496028,35.3225139683508));
#6891=CARTESIAN_POINT('Ctrl Pts',(5.05392290312289,-9.5316793496028,35.3166333267905));
#6892=CARTESIAN_POINT('Ctrl Pts',(5.08493823136774,-9.5316793496028,35.2862473635559));
#6893=CARTESIAN_POINT('Ctrl Pts',(5.11392710903176,-9.5316793496028,35.2540052359632));
#6894=CARTESIAN_POINT('Ctrl Pts',(5.1406991234522,-9.5316793496028,35.2201144199036));
#6895=CARTESIAN_POINT('Ctrl Pts',(5.16679838650606,-9.5316793496028,35.1870752428899));
#6896=CARTESIAN_POINT('Ctrl Pts',(5.19079121029836,-9.5316793496028,35.1524681663301));
#6897=CARTESIAN_POINT('Ctrl Pts',(5.21245604028444,-9.5316793496028,35.1164675945307));
#6898=CARTESIAN_POINT('Ctrl Pts',(5.22505557997347,-9.5316793496028,35.0955308674249));
#6899=CARTESIAN_POINT('Ctrl Pts',(5.23686686823527,-9.5316793496028,35.0741225787474));
#6900=CARTESIAN_POINT('Ctrl Pts',(5.24783821808801,-9.5316793496028,35.0522761561444));
#6901=CARTESIAN_POINT('Ctrl Pts',(5.25197866022287,-9.5316793496028,35.0440316055782));
#6902=CARTESIAN_POINT('Ctrl Pts',(5.25599941288064,-9.5316793496028,35.0357246556125));
#6903=CARTESIAN_POINT('Ctrl Pts',(5.25989745611574,-9.5316793496028,35.02735711272));
#6904=CARTESIAN_POINT('Ctrl Pts',(5.26361610982524,-9.5316793496028,35.0193746475344));
#6905=CARTESIAN_POINT('Ctrl Pts',(5.26721962852157,-9.5316793496028,35.011344332238));
#6906=CARTESIAN_POINT('Ctrl Pts',(5.27070380908823,-9.5316793496028,35.0032732964717));
#6907=CARTESIAN_POINT('Ctrl Pts',(5.28678750532664,-9.5316793496028,34.9660157304214));
#6908=CARTESIAN_POINT('Ctrl Pts',(5.30034916472952,-9.5316793496028,34.9278547553672));
#6909=CARTESIAN_POINT('Ctrl Pts',(5.31119356377558,-9.5316793496028,34.8889548710926));
#6910=CARTESIAN_POINT('Ctrl Pts',(5.31511306719693,-9.5316793496028,34.8748952418907));
#6911=CARTESIAN_POINT('Ctrl Pts',(5.31867712852536,-9.5316793496028,34.8607390159255));
#6912=CARTESIAN_POINT('Ctrl Pts',(5.3218748343571,-9.5316793496028,34.8464938387787));
#6913=CARTESIAN_POINT('Ctrl Pts',(5.32964817969275,-9.5316793496028,34.8118650495291));
#6914=CARTESIAN_POINT('Ctrl Pts',(5.33525837823938,-9.5316793496028,34.7767099742491));
#6915=CARTESIAN_POINT('Ctrl Pts',(5.33873450007889,-9.5316793496028,34.7412228961495));
#6916=CARTESIAN_POINT('Ctrl Pts',(5.34066360415886,-9.5316793496028,34.7215290331871));
#6917=CARTESIAN_POINT('Ctrl Pts',(5.34193497505477,-9.5316793496028,34.7017330477556));
#6918=CARTESIAN_POINT('Ctrl Pts',(5.34255022278245,-9.5316793496028,34.6818697646871));
#6919=CARTESIAN_POINT('Ctrl Pts',(5.34279718188794,-9.5316793496028,34.6738966858799));
#6920=CARTESIAN_POINT('Ctrl Pts',(5.34293817612756,-9.5316793496028,34.665917970684));
#6921=CARTESIAN_POINT('Ctrl Pts',(5.3429737818024,-9.5316793496028,34.6579432451959));
#6922=CARTESIAN_POINT('Ctrl Pts',(5.34315430499465,-9.5316793496028,34.6175108447686));
#6923=CARTESIAN_POINT('Ctrl Pts',(5.34063183611751,-9.5316793496028,34.5771211140266));
#6924=CARTESIAN_POINT('Ctrl Pts',(5.33548213671188,-9.5316793496028,34.5370579470634));
#6925=CARTESIAN_POINT('Ctrl Pts',(5.33037793199151,-9.5316793496028,34.4973487155491));
#6926=CARTESIAN_POINT('Ctrl Pts',(5.32269212397065,-9.5316793496028,34.4579591069986));
#6927=CARTESIAN_POINT('Ctrl Pts',(5.31245318186046,-9.5316793496028,34.4191879000629));
#6928=CARTESIAN_POINT('Ctrl Pts',(5.30743972985123,-9.5316793496028,34.4002037527536));
#6929=CARTESIAN_POINT('Ctrl Pts',(5.30181352037345,-9.5316793496028,34.3813683215767));
#6930=CARTESIAN_POINT('Ctrl Pts',(5.29557451851969,-9.5316793496028,34.3627199551152));
#6931=CARTESIAN_POINT('Ctrl Pts',(5.29268296648821,-9.5316793496028,34.3540771107645));
#6932=CARTESIAN_POINT('Ctrl Pts',(5.28965892639394,-9.5316793496028,34.3454722436561));
#6933=CARTESIAN_POINT('Ctrl Pts',(5.28650495428437,-9.5316793496028,34.3369166498413));
#6934=CARTESIAN_POINT('Ctrl Pts',(5.27315206209362,-9.5316793496028,34.3006950480424));
#6935=CARTESIAN_POINT('Ctrl Pts',(5.25751050933859,-9.5316793496028,34.2654509302609));
#6936=CARTESIAN_POINT('Ctrl Pts',(5.23961105548774,-9.5316793496028,34.2314607949579));
#6937=CARTESIAN_POINT('Ctrl Pts',(5.22823452268445,-9.5316793496028,34.2098573487028));
#6938=CARTESIAN_POINT('Ctrl Pts',(5.21594508819576,-9.5316793496028,34.1887610542718));
#6939=CARTESIAN_POINT('Ctrl Pts',(5.20274347974331,-9.5316793496028,34.1682514544673));
#6940=CARTESIAN_POINT('Ctrl Pts',(5.1978300858752,-9.5316793496028,34.1606181617304));
#6941=CARTESIAN_POINT('Ctrl Pts',(5.19278977191498,-9.5316793496028,34.1530654692926));
#6942=CARTESIAN_POINT('Ctrl Pts',(5.18762399852487,-9.5316793496028,34.1456000655214));
#6943=CARTESIAN_POINT('Ctrl Pts',(5.16668692003059,-9.5316793496028,34.1153424965293));
#6944=CARTESIAN_POINT('Ctrl Pts',(5.14376245101649,-9.5316793496028,34.086617540163));
#6945=CARTESIAN_POINT('Ctrl Pts',(5.11886469646385,-9.5316793496028,34.0596908858709));
#6946=CARTESIAN_POINT('Ctrl Pts',(5.11580594659458,-9.5316793496028,34.0563828807204));
#6947=CARTESIAN_POINT('Ctrl Pts',(5.11271737872673,-9.5316793496028,34.0531020709521));
#6948=CARTESIAN_POINT('Ctrl Pts',(5.10959899003831,-9.5316793496028,34.0498489965949));
#6949=CARTESIAN_POINT('Ctrl Pts',(5.08994795773028,-9.5316793496028,34.0293492206905));
#6950=CARTESIAN_POINT('Ctrl Pts',(5.06911297967977,-9.5316793496028,34.0099495510908));
#6951=CARTESIAN_POINT('Ctrl Pts',(5.04720948681153,-9.5316793496028,33.9917069437431));
#6952=CARTESIAN_POINT('Origin',(4.44396849796176,-9.5316793496028,34.5360182343629));
#6953=CARTESIAN_POINT('',(6.14396849796176,-9.5316793496028,34.5360182343629));
#6954=CARTESIAN_POINT('Origin',(4.44396849796176,-9.5316793496028,34.5360182343629));
#6955=CARTESIAN_POINT('Origin',(4.44396849796176,-9.5316793496028,34.5360182343629));
#6956=CARTESIAN_POINT('Origin',(4.44396849796176,-9.5316793496028,34.5360182343629));
#6957=CARTESIAN_POINT('',(6.14396849796176,-7.9316793496028,34.5360182343629));
#6958=CARTESIAN_POINT('Origin',(4.44396849796176,-7.9316793496028,34.5360182343629));
#6959=CARTESIAN_POINT('',(6.14396849796176,-9.5316793496028,34.5360182343629));
#6960=CARTESIAN_POINT('Origin',(-7.25603150203824,-7.9316793496028,22.4760182343629));
#6961=CARTESIAN_POINT('',(-7.25603150203824,-11.0316793496028,24.5160182343629));
#6962=UNCERTAINTY_MEASURE_WITH_UNIT(LENGTH_MEASURE(0.01),#6968,
'DISTANCE_ACCURACY_VALUE',
'Maximum model space distance between geometric entities at asserted c
onnectivities');
#6963=UNCERTAINTY_MEASURE_WITH_UNIT(LENGTH_MEASURE(0.01),#6968,
'DISTANCE_ACCURACY_VALUE',
'Maximum model space distance between geometric entities at asserted c
onnectivities');
#6964=UNCERTAINTY_MEASURE_WITH_UNIT(LENGTH_MEASURE(0.01),#6968,
'DISTANCE_ACCURACY_VALUE',
'Maximum model space distance between geometric entities at asserted c
onnectivities');
#6965=(
GEOMETRIC_REPRESENTATION_CONTEXT(3)
GLOBAL_UNCERTAINTY_ASSIGNED_CONTEXT((#6962))
GLOBAL_UNIT_ASSIGNED_CONTEXT((#6968,#6970,#6971))
REPRESENTATION_CONTEXT('','3D')
);
#6966=(
GEOMETRIC_REPRESENTATION_CONTEXT(3)
GLOBAL_UNCERTAINTY_ASSIGNED_CONTEXT((#6963))
GLOBAL_UNIT_ASSIGNED_CONTEXT((#6968,#6970,#6971))
REPRESENTATION_CONTEXT('','3D')
);
#6967=(
GEOMETRIC_REPRESENTATION_CONTEXT(3)
GLOBAL_UNCERTAINTY_ASSIGNED_CONTEXT((#6964))
GLOBAL_UNIT_ASSIGNED_CONTEXT((#6968,#6970,#6971))
REPRESENTATION_CONTEXT('','3D')
);
#6968=(
LENGTH_UNIT()
NAMED_UNIT(*)
SI_UNIT(.MILLI.,.METRE.)
);
#6969=(
LENGTH_UNIT()
NAMED_UNIT(*)
SI_UNIT($,.METRE.)
);
#6970=(
NAMED_UNIT(*)
PLANE_ANGLE_UNIT()
SI_UNIT($,.RADIAN.)
);
#6971=(
NAMED_UNIT(*)
SI_UNIT($,.STERADIAN.)
SOLID_ANGLE_UNIT()
);
#6972=SHAPE_DEFINITION_REPRESENTATION(#6974,#6977);
#6973=SHAPE_DEFINITION_REPRESENTATION(#6975,#6978);
#6974=PRODUCT_DEFINITION_SHAPE('',$,#6980);
#6975=PRODUCT_DEFINITION_SHAPE('',$,#6981);
#6976=PRODUCT_DEFINITION_SHAPE($,$,#14);
#6977=SHAPE_REPRESENTATION('',(#2278,#2492),#6965);
#6978=SHAPE_REPRESENTATION('',(#2279),#6966);
#6979=PRODUCT_DEFINITION_CONTEXT('part definition',#6987,'design');
#6980=PRODUCT_DEFINITION('Assembly 1','SSD1306 Faceplate v1',#6982,#6979);
#6981=PRODUCT_DEFINITION('Faceplate','Faceplate',#6983,#6979);
#6982=PRODUCT_DEFINITION_FORMATION('',$,#6989);
#6983=PRODUCT_DEFINITION_FORMATION('',$,#6990);
#6984=PRODUCT_RELATED_PRODUCT_CATEGORY('SSD1306 Faceplate v1',
'SSD1306 Faceplate v1',(#6989));
#6985=PRODUCT_RELATED_PRODUCT_CATEGORY('Faceplate','Faceplate',(#6990));
#6986=APPLICATION_PROTOCOL_DEFINITION('international standard',
'ap242_managed_model_based_3d_engineering',2011,#6987);
#6987=APPLICATION_CONTEXT('Managed model based 3d engineering');
#6988=PRODUCT_CONTEXT('part definition',#6987,'mechanical');
#6989=PRODUCT('Assembly 1','SSD1306 Faceplate v1','STEP AP242',(#6988));
#6990=PRODUCT('Faceplate','Faceplate','Faceplate',(#6988));
#6991=PRESENTATION_STYLE_ASSIGNMENT((#6993));
#6992=PRESENTATION_STYLE_ASSIGNMENT((#6994));
#6993=SURFACE_STYLE_USAGE(.BOTH.,#6995);
#6994=SURFACE_STYLE_USAGE(.BOTH.,#6996);
#6995=SURFACE_SIDE_STYLE('',(#6997));
#6996=SURFACE_SIDE_STYLE('',(#6998));
#6997=SURFACE_STYLE_FILL_AREA(#6999);
#6998=SURFACE_STYLE_FILL_AREA(#7000);
#6999=FILL_AREA_STYLE('Steel - Satin',(#7001));
#7000=FILL_AREA_STYLE('Opaque(234,234,234)',(#7002));
#7001=FILL_AREA_STYLE_COLOUR('Steel - Satin',#7003);
#7002=FILL_AREA_STYLE_COLOUR('Opaque(234,234,234)',#7004);
#7003=COLOUR_RGB('Steel - Satin',0.627450980392157,0.627450980392157,0.627450980392157);
#7004=COLOUR_RGB('Opaque(234,234,234)',0.917647058823529,0.917647058823529,
0.917647058823529);
ENDSEC;
END-ISO-10303-21;
